   0.000000e+00	   4.500000e+02	   0.000000e+00	   0.000000e+00	   0.000000e+00	   0.000000e+00	   0.000000e+00	   0.000000e+00	   0.000000e+00	   0.000000e+00	   0.000000e+00	   0.000000e+00	   0.000000e+00	   0.000000e+00	   0.000000e+00	   0.000000e+00	   0.000000e+00	   0.000000e+00	   0.000000e+00	   0.000000e+00	   0.000000e+00	   0.000000e+00	   0.000000e+00	   0.000000e+00	   0.000000e+00	   0.000000e+00	   0.000000e+00	   0.000000e+00	   0.000000e+00	   0.000000e+00	   0.000000e+00	   0.000000e+00	   0.000000e+00	   0.000000e+00	   0.000000e+00	   0.000000e+00	   0.000000e+00	   0.000000e+00	   0.000000e+00	   1.000000e+00	   0.000000e+00	   0.000000e+00	   0.000000e+00	   0.000000e+00	   0.000000e+00	   0.000000e+00	   0.000000e+00	   0.000000e+00	   0.000000e+00	   0.000000e+00	   0.000000e+00	   0.000000e+00	   0.000000e+00	   0.000000e+00	   0.000000e+00	   0.000000e+00	   0.000000e+00	   0.000000e+00	   0.000000e+00	   0.000000e+00	   0.000000e+00	   0.000000e+00	   0.000000e+00	   0.000000e+00	   0.000000e+00	   0.000000e+00	   0.000000e+00	   0.000000e+00	   0.000000e+00	   0.000000e+00	   0.000000e+00	   0.000000e+00	   0.000000e+00	   0.000000e+00	   0.000000e+00	   0.000000e+00	   2.026500e+06
   1.002004e-07	   4.500000e+02	   0.000000e+00	   0.000000e+00	   0.000000e+00	   0.000000e+00	   0.000000e+00	   0.000000e+00	   0.000000e+00	   0.000000e+00	   0.000000e+00	   0.000000e+00	   0.000000e+00	   0.000000e+00	   0.000000e+00	   0.000000e+00	   0.000000e+00	   0.000000e+00	   0.000000e+00	   0.000000e+00	   0.000000e+00	   0.000000e+00	   0.000000e+00	   0.000000e+00	   0.000000e+00	   0.000000e+00	   0.000000e+00	   0.000000e+00	   0.000000e+00	   0.000000e+00	   0.000000e+00	   0.000000e+00	   0.000000e+00	   0.000000e+00	   0.000000e+00	   0.000000e+00	   0.000000e+00	   0.000000e+00	   0.000000e+00	   1.000000e+00	   0.000000e+00	   0.000000e+00	   0.000000e+00	   0.000000e+00	   0.000000e+00	   0.000000e+00	   0.000000e+00	   0.000000e+00	   0.000000e+00	   0.000000e+00	   0.000000e+00	   0.000000e+00	   0.000000e+00	   0.000000e+00	   0.000000e+00	   0.000000e+00	   0.000000e+00	   0.000000e+00	   0.000000e+00	   0.000000e+00	   0.000000e+00	   0.000000e+00	   0.000000e+00	   0.000000e+00	   0.000000e+00	   0.000000e+00	   0.000000e+00	   0.000000e+00	   0.000000e+00	   0.000000e+00	   0.000000e+00	   0.000000e+00	   0.000000e+00	   0.000000e+00	   0.000000e+00	   0.000000e+00	   2.026500e+06
   2.004008e-07	   4.500000e+02	   0.000000e+00	   0.000000e+00	   0.000000e+00	   0.000000e+00	   0.000000e+00	   0.000000e+00	   0.000000e+00	   0.000000e+00	   0.000000e+00	   0.000000e+00	   0.000000e+00	   0.000000e+00	   0.000000e+00	   0.000000e+00	   0.000000e+00	   0.000000e+00	   0.000000e+00	   0.000000e+00	   0.000000e+00	   0.000000e+00	   0.000000e+00	   0.000000e+00	   0.000000e+00	   0.000000e+00	   0.000000e+00	   0.000000e+00	   0.000000e+00	   0.000000e+00	   0.000000e+00	   0.000000e+00	   0.000000e+00	   0.000000e+00	   0.000000e+00	   0.000000e+00	   0.000000e+00	   0.000000e+00	   0.000000e+00	   1.000000e+00	   0.000000e+00	   0.000000e+00	   0.000000e+00	   0.000000e+00	   0.000000e+00	   0.000000e+00	   0.000000e+00	   0.000000e+00	   0.000000e+00	   0.000000e+00	   0.000000e+00	   0.000000e+00	   0.000000e+00	   0.000000e+00	   0.000000e+00	   0.000000e+00	   0.000000e+00	   0.000000e+00	   0.000000e+00	   0.000000e+00	   0.000000e+00	   0.000000e+00	   0.000000e+00	   0.000000e+00	   0.000000e+00	   0.000000e+00	   0.000000e+00	   0.000000e+00	   0.000000e+00	   0.000000e+00	   0.000000e+00	   0.000000e+00	   0.000000e+00	   0.000000e+00	   0.000000e+00	   0.000000e+00	   2.026500e+06
   3.006012e-07	   4.500000e+02	   0.000000e+00	   0.000000e+00	   0.000000e+00	   0.000000e+00	   0.000000e+00	   0.000000e+00	   0.000000e+00	   0.000000e+00	   0.000000e+00	   0.000000e+00	   0.000000e+00	   0.000000e+00	   0.000000e+00	   0.000000e+00	   0.000000e+00	   0.000000e+00	   0.000000e+00	   0.000000e+00	   0.000000e+00	   0.000000e+00	   0.000000e+00	   0.000000e+00	   0.000000e+00	   0.000000e+00	   0.000000e+00	   0.000000e+00	   0.000000e+00	   0.000000e+00	   0.000000e+00	   0.000000e+00	   0.000000e+00	   0.000000e+00	   0.000000e+00	   0.000000e+00	   0.000000e+00	   0.000000e+00	   0.000000e+00	   1.000000e+00	   0.000000e+00	   0.000000e+00	   0.000000e+00	   0.000000e+00	   0.000000e+00	   0.000000e+00	   0.000000e+00	   0.000000e+00	   0.000000e+00	   0.000000e+00	   0.000000e+00	   0.000000e+00	   0.000000e+00	   0.000000e+00	   0.000000e+00	   0.000000e+00	   0.000000e+00	   0.000000e+00	   0.000000e+00	   0.000000e+00	   0.000000e+00	   0.000000e+00	   0.000000e+00	   0.000000e+00	   0.000000e+00	   0.000000e+00	   0.000000e+00	   0.000000e+00	   0.000000e+00	   0.000000e+00	   0.000000e+00	   0.000000e+00	   0.000000e+00	   0.000000e+00	   0.000000e+00	   0.000000e+00	   2.026500e+06
   4.008016e-07	   4.500000e+02	   0.000000e+00	   0.000000e+00	   0.000000e+00	   0.000000e+00	   0.000000e+00	   0.000000e+00	   0.000000e+00	   0.000000e+00	   0.000000e+00	   0.000000e+00	   0.000000e+00	   0.000000e+00	   0.000000e+00	   0.000000e+00	   0.000000e+00	   0.000000e+00	   0.000000e+00	   0.000000e+00	   0.000000e+00	   0.000000e+00	   0.000000e+00	   0.000000e+00	   0.000000e+00	   0.000000e+00	   0.000000e+00	   0.000000e+00	   0.000000e+00	   0.000000e+00	   0.000000e+00	   0.000000e+00	   0.000000e+00	   0.000000e+00	   0.000000e+00	   0.000000e+00	   0.000000e+00	   0.000000e+00	   0.000000e+00	   1.000000e+00	   0.000000e+00	   0.000000e+00	   0.000000e+00	   0.000000e+00	   0.000000e+00	   0.000000e+00	   0.000000e+00	   0.000000e+00	   0.000000e+00	   0.000000e+00	   0.000000e+00	   0.000000e+00	   0.000000e+00	   0.000000e+00	   0.000000e+00	   0.000000e+00	   0.000000e+00	   0.000000e+00	   0.000000e+00	   0.000000e+00	   0.000000e+00	   0.000000e+00	   0.000000e+00	   0.000000e+00	   0.000000e+00	   0.000000e+00	   0.000000e+00	   0.000000e+00	   0.000000e+00	   0.000000e+00	   0.000000e+00	   0.000000e+00	   0.000000e+00	   0.000000e+00	   0.000000e+00	   0.000000e+00	   2.026500e+06
   5.010020e-07	   4.500000e+02	   0.000000e+00	   0.000000e+00	   0.000000e+00	   0.000000e+00	   0.000000e+00	   0.000000e+00	   0.000000e+00	   0.000000e+00	   0.000000e+00	   0.000000e+00	   0.000000e+00	   0.000000e+00	   0.000000e+00	   0.000000e+00	   0.000000e+00	   0.000000e+00	   0.000000e+00	   0.000000e+00	   0.000000e+00	   0.000000e+00	   0.000000e+00	   0.000000e+00	   0.000000e+00	   0.000000e+00	   0.000000e+00	   0.000000e+00	   0.000000e+00	   0.000000e+00	   0.000000e+00	   0.000000e+00	   0.000000e+00	   0.000000e+00	   0.000000e+00	   0.000000e+00	   0.000000e+00	   0.000000e+00	   0.000000e+00	   1.000000e+00	   0.000000e+00	   0.000000e+00	   0.000000e+00	   0.000000e+00	   0.000000e+00	   0.000000e+00	   0.000000e+00	   0.000000e+00	   0.000000e+00	   0.000000e+00	   0.000000e+00	   0.000000e+00	   0.000000e+00	   0.000000e+00	   0.000000e+00	   0.000000e+00	   0.000000e+00	   0.000000e+00	   0.000000e+00	   0.000000e+00	   0.000000e+00	   0.000000e+00	   0.000000e+00	   0.000000e+00	   0.000000e+00	   0.000000e+00	   0.000000e+00	   0.000000e+00	   0.000000e+00	   0.000000e+00	   0.000000e+00	   0.000000e+00	   0.000000e+00	   0.000000e+00	   0.000000e+00	   0.000000e+00	   2.026500e+06
   6.012024e-07	   4.500000e+02	   0.000000e+00	   0.000000e+00	   0.000000e+00	   0.000000e+00	   0.000000e+00	   0.000000e+00	   0.000000e+00	   0.000000e+00	   0.000000e+00	   0.000000e+00	   0.000000e+00	   0.000000e+00	   0.000000e+00	   0.000000e+00	   0.000000e+00	   0.000000e+00	   0.000000e+00	   0.000000e+00	   0.000000e+00	   0.000000e+00	   0.000000e+00	   0.000000e+00	   0.000000e+00	   0.000000e+00	   0.000000e+00	   0.000000e+00	   0.000000e+00	   0.000000e+00	   0.000000e+00	   0.000000e+00	   0.000000e+00	   0.000000e+00	   0.000000e+00	   0.000000e+00	   0.000000e+00	   0.000000e+00	   0.000000e+00	   1.000000e+00	   0.000000e+00	   0.000000e+00	   0.000000e+00	   0.000000e+00	   0.000000e+00	   0.000000e+00	   0.000000e+00	   0.000000e+00	   0.000000e+00	   0.000000e+00	   0.000000e+00	   0.000000e+00	   0.000000e+00	   0.000000e+00	   0.000000e+00	   0.000000e+00	   0.000000e+00	   0.000000e+00	   0.000000e+00	   0.000000e+00	   0.000000e+00	   0.000000e+00	   0.000000e+00	   0.000000e+00	   0.000000e+00	   0.000000e+00	   0.000000e+00	   0.000000e+00	   0.000000e+00	   0.000000e+00	   0.000000e+00	   0.000000e+00	   0.000000e+00	   0.000000e+00	   0.000000e+00	   0.000000e+00	   2.026500e+06
   7.014028e-07	   4.500000e+02	   0.000000e+00	   0.000000e+00	   0.000000e+00	   0.000000e+00	   0.000000e+00	   0.000000e+00	   0.000000e+00	   0.000000e+00	   0.000000e+00	   0.000000e+00	   0.000000e+00	   0.000000e+00	   0.000000e+00	   0.000000e+00	   0.000000e+00	   0.000000e+00	   0.000000e+00	   0.000000e+00	   0.000000e+00	   0.000000e+00	   0.000000e+00	   0.000000e+00	   0.000000e+00	   0.000000e+00	   0.000000e+00	   0.000000e+00	   0.000000e+00	   0.000000e+00	   0.000000e+00	   0.000000e+00	   0.000000e+00	   0.000000e+00	   0.000000e+00	   0.000000e+00	   0.000000e+00	   0.000000e+00	   0.000000e+00	   1.000000e+00	   0.000000e+00	   0.000000e+00	   0.000000e+00	   0.000000e+00	   0.000000e+00	   0.000000e+00	   0.000000e+00	   0.000000e+00	   0.000000e+00	   0.000000e+00	   0.000000e+00	   0.000000e+00	   0.000000e+00	   0.000000e+00	   0.000000e+00	   0.000000e+00	   0.000000e+00	   0.000000e+00	   0.000000e+00	   0.000000e+00	   0.000000e+00	   0.000000e+00	   0.000000e+00	   0.000000e+00	   0.000000e+00	   0.000000e+00	   0.000000e+00	   0.000000e+00	   0.000000e+00	   0.000000e+00	   0.000000e+00	   0.000000e+00	   0.000000e+00	   0.000000e+00	   0.000000e+00	   0.000000e+00	   2.026500e+06
   8.016032e-07	   4.500000e+02	   0.000000e+00	   0.000000e+00	   0.000000e+00	   0.000000e+00	   0.000000e+00	   0.000000e+00	   0.000000e+00	   0.000000e+00	   0.000000e+00	   0.000000e+00	   0.000000e+00	   0.000000e+00	   0.000000e+00	   0.000000e+00	   0.000000e+00	   0.000000e+00	   0.000000e+00	   0.000000e+00	   0.000000e+00	   0.000000e+00	   0.000000e+00	   0.000000e+00	   0.000000e+00	   0.000000e+00	   0.000000e+00	   0.000000e+00	   0.000000e+00	   0.000000e+00	   0.000000e+00	   0.000000e+00	   0.000000e+00	   0.000000e+00	   0.000000e+00	   0.000000e+00	   0.000000e+00	   0.000000e+00	   0.000000e+00	   1.000000e+00	   0.000000e+00	   0.000000e+00	   0.000000e+00	   0.000000e+00	   0.000000e+00	   0.000000e+00	   0.000000e+00	   0.000000e+00	   0.000000e+00	   0.000000e+00	   0.000000e+00	   0.000000e+00	   0.000000e+00	   0.000000e+00	   0.000000e+00	   0.000000e+00	   0.000000e+00	   0.000000e+00	   0.000000e+00	   0.000000e+00	   0.000000e+00	   0.000000e+00	   0.000000e+00	   0.000000e+00	   0.000000e+00	   0.000000e+00	   0.000000e+00	   0.000000e+00	   0.000000e+00	   0.000000e+00	   0.000000e+00	   0.000000e+00	   0.000000e+00	   0.000000e+00	   0.000000e+00	   0.000000e+00	   2.026500e+06
   9.018036e-07	   4.500000e+02	   0.000000e+00	   0.000000e+00	   0.000000e+00	   0.000000e+00	   0.000000e+00	   0.000000e+00	   0.000000e+00	   0.000000e+00	   0.000000e+00	   0.000000e+00	   0.000000e+00	   0.000000e+00	   0.000000e+00	   0.000000e+00	   0.000000e+00	   0.000000e+00	   0.000000e+00	   0.000000e+00	   0.000000e+00	   0.000000e+00	   0.000000e+00	   0.000000e+00	   0.000000e+00	   0.000000e+00	   0.000000e+00	   0.000000e+00	   0.000000e+00	   0.000000e+00	   0.000000e+00	   0.000000e+00	   0.000000e+00	   0.000000e+00	   0.000000e+00	   0.000000e+00	   0.000000e+00	   0.000000e+00	   0.000000e+00	   1.000000e+00	   0.000000e+00	   0.000000e+00	   0.000000e+00	   0.000000e+00	   0.000000e+00	   0.000000e+00	   0.000000e+00	   0.000000e+00	   0.000000e+00	   0.000000e+00	   0.000000e+00	   0.000000e+00	   0.000000e+00	   0.000000e+00	   0.000000e+00	   0.000000e+00	   0.000000e+00	   0.000000e+00	   0.000000e+00	   0.000000e+00	   0.000000e+00	   0.000000e+00	   0.000000e+00	   0.000000e+00	   0.000000e+00	   0.000000e+00	   0.000000e+00	   0.000000e+00	   0.000000e+00	   0.000000e+00	   0.000000e+00	   0.000000e+00	   0.000000e+00	   0.000000e+00	   0.000000e+00	   0.000000e+00	   2.026500e+06
   1.002004e-06	   4.500000e+02	   0.000000e+00	   0.000000e+00	   0.000000e+00	   0.000000e+00	   0.000000e+00	   0.000000e+00	   0.000000e+00	   0.000000e+00	   0.000000e+00	   0.000000e+00	   0.000000e+00	   0.000000e+00	   0.000000e+00	   0.000000e+00	   0.000000e+00	   0.000000e+00	   0.000000e+00	   0.000000e+00	   0.000000e+00	   0.000000e+00	   0.000000e+00	   0.000000e+00	   0.000000e+00	   0.000000e+00	   0.000000e+00	   0.000000e+00	   0.000000e+00	   0.000000e+00	   0.000000e+00	   0.000000e+00	   0.000000e+00	   0.000000e+00	   0.000000e+00	   0.000000e+00	   0.000000e+00	   0.000000e+00	   0.000000e+00	   1.000000e+00	   0.000000e+00	   0.000000e+00	   0.000000e+00	   0.000000e+00	   0.000000e+00	   0.000000e+00	   0.000000e+00	   0.000000e+00	   0.000000e+00	   0.000000e+00	   0.000000e+00	   0.000000e+00	   0.000000e+00	   0.000000e+00	   0.000000e+00	   0.000000e+00	   0.000000e+00	   0.000000e+00	   0.000000e+00	   0.000000e+00	   0.000000e+00	   0.000000e+00	   0.000000e+00	   0.000000e+00	   0.000000e+00	   0.000000e+00	   0.000000e+00	   0.000000e+00	   0.000000e+00	   0.000000e+00	   0.000000e+00	   0.000000e+00	   0.000000e+00	   0.000000e+00	   0.000000e+00	   0.000000e+00	   2.026500e+06
   1.102204e-06	   4.500000e+02	   0.000000e+00	   0.000000e+00	   0.000000e+00	   0.000000e+00	   0.000000e+00	   0.000000e+00	   0.000000e+00	   0.000000e+00	   0.000000e+00	   0.000000e+00	   0.000000e+00	   0.000000e+00	   0.000000e+00	   0.000000e+00	   0.000000e+00	   0.000000e+00	   0.000000e+00	   0.000000e+00	   0.000000e+00	   0.000000e+00	   0.000000e+00	   0.000000e+00	   0.000000e+00	   0.000000e+00	   0.000000e+00	   0.000000e+00	   0.000000e+00	   0.000000e+00	   0.000000e+00	   0.000000e+00	   0.000000e+00	   0.000000e+00	   0.000000e+00	   0.000000e+00	   0.000000e+00	   0.000000e+00	   0.000000e+00	   1.000000e+00	   0.000000e+00	   0.000000e+00	   0.000000e+00	   0.000000e+00	   0.000000e+00	   0.000000e+00	   0.000000e+00	   0.000000e+00	   0.000000e+00	   0.000000e+00	   0.000000e+00	   0.000000e+00	   0.000000e+00	   0.000000e+00	   0.000000e+00	   0.000000e+00	   0.000000e+00	   0.000000e+00	   0.000000e+00	   0.000000e+00	   0.000000e+00	   0.000000e+00	   0.000000e+00	   0.000000e+00	   0.000000e+00	   0.000000e+00	   0.000000e+00	   0.000000e+00	   0.000000e+00	   0.000000e+00	   0.000000e+00	   0.000000e+00	   0.000000e+00	   0.000000e+00	   0.000000e+00	   0.000000e+00	   2.026500e+06
   1.202405e-06	   4.500000e+02	   0.000000e+00	   0.000000e+00	   0.000000e+00	   0.000000e+00	   0.000000e+00	   0.000000e+00	   0.000000e+00	   0.000000e+00	   0.000000e+00	   0.000000e+00	   0.000000e+00	   0.000000e+00	   0.000000e+00	   0.000000e+00	   0.000000e+00	   0.000000e+00	   0.000000e+00	   0.000000e+00	   0.000000e+00	   0.000000e+00	   0.000000e+00	   0.000000e+00	   0.000000e+00	   0.000000e+00	   0.000000e+00	   0.000000e+00	   0.000000e+00	   0.000000e+00	   0.000000e+00	   0.000000e+00	   0.000000e+00	   0.000000e+00	   0.000000e+00	   0.000000e+00	   0.000000e+00	   0.000000e+00	   0.000000e+00	   1.000000e+00	   0.000000e+00	   0.000000e+00	   0.000000e+00	   0.000000e+00	   0.000000e+00	   0.000000e+00	   0.000000e+00	   0.000000e+00	   0.000000e+00	   0.000000e+00	   0.000000e+00	   0.000000e+00	   0.000000e+00	   0.000000e+00	   0.000000e+00	   0.000000e+00	   0.000000e+00	   0.000000e+00	   0.000000e+00	   0.000000e+00	   0.000000e+00	   0.000000e+00	   0.000000e+00	   0.000000e+00	   0.000000e+00	   0.000000e+00	   0.000000e+00	   0.000000e+00	   0.000000e+00	   0.000000e+00	   0.000000e+00	   0.000000e+00	   0.000000e+00	   0.000000e+00	   0.000000e+00	   0.000000e+00	   2.026500e+06
   1.302605e-06	   4.500000e+02	   0.000000e+00	   0.000000e+00	   0.000000e+00	   0.000000e+00	   0.000000e+00	   0.000000e+00	   0.000000e+00	   0.000000e+00	   0.000000e+00	   0.000000e+00	   0.000000e+00	   0.000000e+00	   0.000000e+00	   0.000000e+00	   0.000000e+00	   0.000000e+00	   0.000000e+00	   0.000000e+00	   0.000000e+00	   0.000000e+00	   0.000000e+00	   0.000000e+00	   0.000000e+00	   0.000000e+00	   0.000000e+00	   0.000000e+00	   0.000000e+00	   0.000000e+00	   0.000000e+00	   0.000000e+00	   0.000000e+00	   0.000000e+00	   0.000000e+00	   0.000000e+00	   0.000000e+00	   0.000000e+00	   0.000000e+00	   1.000000e+00	   0.000000e+00	   0.000000e+00	   0.000000e+00	   0.000000e+00	   0.000000e+00	   0.000000e+00	   0.000000e+00	   0.000000e+00	   0.000000e+00	   0.000000e+00	   0.000000e+00	   0.000000e+00	   0.000000e+00	   0.000000e+00	   0.000000e+00	   0.000000e+00	   0.000000e+00	   0.000000e+00	   0.000000e+00	   0.000000e+00	   0.000000e+00	   0.000000e+00	   0.000000e+00	   0.000000e+00	   0.000000e+00	   0.000000e+00	   0.000000e+00	   0.000000e+00	   0.000000e+00	   0.000000e+00	   0.000000e+00	   0.000000e+00	   0.000000e+00	   0.000000e+00	   0.000000e+00	   0.000000e+00	   2.026500e+06
   1.402806e-06	   4.500000e+02	   0.000000e+00	   0.000000e+00	   0.000000e+00	   0.000000e+00	   0.000000e+00	   0.000000e+00	   0.000000e+00	   0.000000e+00	   0.000000e+00	   0.000000e+00	   0.000000e+00	   0.000000e+00	   0.000000e+00	   0.000000e+00	   0.000000e+00	   0.000000e+00	   0.000000e+00	   0.000000e+00	   0.000000e+00	   0.000000e+00	   0.000000e+00	   0.000000e+00	   0.000000e+00	   0.000000e+00	   0.000000e+00	   0.000000e+00	   0.000000e+00	   0.000000e+00	   0.000000e+00	   0.000000e+00	   0.000000e+00	   0.000000e+00	   0.000000e+00	   0.000000e+00	   0.000000e+00	   0.000000e+00	   0.000000e+00	   1.000000e+00	   0.000000e+00	   0.000000e+00	   0.000000e+00	   0.000000e+00	   0.000000e+00	   0.000000e+00	   0.000000e+00	   0.000000e+00	   0.000000e+00	   0.000000e+00	   0.000000e+00	   0.000000e+00	   0.000000e+00	   0.000000e+00	   0.000000e+00	   0.000000e+00	   0.000000e+00	   0.000000e+00	   0.000000e+00	   0.000000e+00	   0.000000e+00	   0.000000e+00	   0.000000e+00	   0.000000e+00	   0.000000e+00	   0.000000e+00	   0.000000e+00	   0.000000e+00	   0.000000e+00	   0.000000e+00	   0.000000e+00	   0.000000e+00	   0.000000e+00	   0.000000e+00	   0.000000e+00	   0.000000e+00	   2.026500e+06
   1.503006e-06	   4.500000e+02	   0.000000e+00	   0.000000e+00	   0.000000e+00	   0.000000e+00	   0.000000e+00	   0.000000e+00	   0.000000e+00	   0.000000e+00	   0.000000e+00	   0.000000e+00	   0.000000e+00	   0.000000e+00	   0.000000e+00	   0.000000e+00	   0.000000e+00	   0.000000e+00	   0.000000e+00	   0.000000e+00	   0.000000e+00	   0.000000e+00	   0.000000e+00	   0.000000e+00	   0.000000e+00	   0.000000e+00	   0.000000e+00	   0.000000e+00	   0.000000e+00	   0.000000e+00	   0.000000e+00	   0.000000e+00	   0.000000e+00	   0.000000e+00	   0.000000e+00	   0.000000e+00	   0.000000e+00	   0.000000e+00	   0.000000e+00	   1.000000e+00	   0.000000e+00	   0.000000e+00	   0.000000e+00	   0.000000e+00	   0.000000e+00	   0.000000e+00	   0.000000e+00	   0.000000e+00	   0.000000e+00	   0.000000e+00	   0.000000e+00	   0.000000e+00	   0.000000e+00	   0.000000e+00	   0.000000e+00	   0.000000e+00	   0.000000e+00	   0.000000e+00	   0.000000e+00	   0.000000e+00	   0.000000e+00	   0.000000e+00	   0.000000e+00	   0.000000e+00	   0.000000e+00	   0.000000e+00	   0.000000e+00	   0.000000e+00	   0.000000e+00	   0.000000e+00	   0.000000e+00	   0.000000e+00	   0.000000e+00	   0.000000e+00	   0.000000e+00	   0.000000e+00	   2.026500e+06
   1.603206e-06	   4.500000e+02	   0.000000e+00	   0.000000e+00	   0.000000e+00	   0.000000e+00	   0.000000e+00	   0.000000e+00	   0.000000e+00	   0.000000e+00	   0.000000e+00	   0.000000e+00	   0.000000e+00	   0.000000e+00	   0.000000e+00	   0.000000e+00	   0.000000e+00	   0.000000e+00	   0.000000e+00	   0.000000e+00	   0.000000e+00	   0.000000e+00	   0.000000e+00	   0.000000e+00	   0.000000e+00	   0.000000e+00	   0.000000e+00	   0.000000e+00	   0.000000e+00	   0.000000e+00	   0.000000e+00	   0.000000e+00	   0.000000e+00	   0.000000e+00	   0.000000e+00	   0.000000e+00	   0.000000e+00	   0.000000e+00	   0.000000e+00	   1.000000e+00	   0.000000e+00	   0.000000e+00	   0.000000e+00	   0.000000e+00	   0.000000e+00	   0.000000e+00	   0.000000e+00	   0.000000e+00	   0.000000e+00	   0.000000e+00	   0.000000e+00	   0.000000e+00	   0.000000e+00	   0.000000e+00	   0.000000e+00	   0.000000e+00	   0.000000e+00	   0.000000e+00	   0.000000e+00	   0.000000e+00	   0.000000e+00	   0.000000e+00	   0.000000e+00	   0.000000e+00	   0.000000e+00	   0.000000e+00	   0.000000e+00	   0.000000e+00	   0.000000e+00	   0.000000e+00	   0.000000e+00	   0.000000e+00	   0.000000e+00	   0.000000e+00	   0.000000e+00	   0.000000e+00	   2.026500e+06
   1.703407e-06	   4.500000e+02	   0.000000e+00	   0.000000e+00	   0.000000e+00	   0.000000e+00	   0.000000e+00	   0.000000e+00	   0.000000e+00	   0.000000e+00	   0.000000e+00	   0.000000e+00	   0.000000e+00	   0.000000e+00	   0.000000e+00	   0.000000e+00	   0.000000e+00	   0.000000e+00	   0.000000e+00	   0.000000e+00	   0.000000e+00	   0.000000e+00	   0.000000e+00	   0.000000e+00	   0.000000e+00	   0.000000e+00	   0.000000e+00	   0.000000e+00	   0.000000e+00	   0.000000e+00	   0.000000e+00	   0.000000e+00	   0.000000e+00	   0.000000e+00	   0.000000e+00	   0.000000e+00	   0.000000e+00	   0.000000e+00	   0.000000e+00	   1.000000e+00	   0.000000e+00	   0.000000e+00	   0.000000e+00	   0.000000e+00	   0.000000e+00	   0.000000e+00	   0.000000e+00	   0.000000e+00	   0.000000e+00	   0.000000e+00	   0.000000e+00	   0.000000e+00	   0.000000e+00	   0.000000e+00	   0.000000e+00	   0.000000e+00	   0.000000e+00	   0.000000e+00	   0.000000e+00	   0.000000e+00	   0.000000e+00	   0.000000e+00	   0.000000e+00	   0.000000e+00	   0.000000e+00	   0.000000e+00	   0.000000e+00	   0.000000e+00	   0.000000e+00	   0.000000e+00	   0.000000e+00	   0.000000e+00	   0.000000e+00	   0.000000e+00	   0.000000e+00	   0.000000e+00	   2.026500e+06
   1.803607e-06	   4.500000e+02	   0.000000e+00	   0.000000e+00	   0.000000e+00	   0.000000e+00	   0.000000e+00	   0.000000e+00	   0.000000e+00	   0.000000e+00	   0.000000e+00	   0.000000e+00	   0.000000e+00	   0.000000e+00	   0.000000e+00	   0.000000e+00	   0.000000e+00	   0.000000e+00	   0.000000e+00	   0.000000e+00	   0.000000e+00	   0.000000e+00	   0.000000e+00	   0.000000e+00	   0.000000e+00	   0.000000e+00	   0.000000e+00	   0.000000e+00	   0.000000e+00	   0.000000e+00	   0.000000e+00	   0.000000e+00	   0.000000e+00	   0.000000e+00	   0.000000e+00	   0.000000e+00	   0.000000e+00	   0.000000e+00	   0.000000e+00	   1.000000e+00	   0.000000e+00	   0.000000e+00	   0.000000e+00	   0.000000e+00	   0.000000e+00	   0.000000e+00	   0.000000e+00	   0.000000e+00	   0.000000e+00	   0.000000e+00	   0.000000e+00	   0.000000e+00	   0.000000e+00	   0.000000e+00	   0.000000e+00	   0.000000e+00	   0.000000e+00	   0.000000e+00	   0.000000e+00	   0.000000e+00	   0.000000e+00	   0.000000e+00	   0.000000e+00	   0.000000e+00	   0.000000e+00	   0.000000e+00	   0.000000e+00	   0.000000e+00	   0.000000e+00	   0.000000e+00	   0.000000e+00	   0.000000e+00	   0.000000e+00	   0.000000e+00	   0.000000e+00	   0.000000e+00	   2.026500e+06
   1.903808e-06	   4.500000e+02	   0.000000e+00	   0.000000e+00	   0.000000e+00	   0.000000e+00	   0.000000e+00	   0.000000e+00	   0.000000e+00	   0.000000e+00	   0.000000e+00	   0.000000e+00	   0.000000e+00	   0.000000e+00	   0.000000e+00	   0.000000e+00	   0.000000e+00	   0.000000e+00	   0.000000e+00	   0.000000e+00	   0.000000e+00	   0.000000e+00	   0.000000e+00	   0.000000e+00	   0.000000e+00	   0.000000e+00	   0.000000e+00	   0.000000e+00	   0.000000e+00	   0.000000e+00	   0.000000e+00	   0.000000e+00	   0.000000e+00	   0.000000e+00	   0.000000e+00	   0.000000e+00	   0.000000e+00	   0.000000e+00	   0.000000e+00	   1.000000e+00	   0.000000e+00	   0.000000e+00	   0.000000e+00	   0.000000e+00	   0.000000e+00	   0.000000e+00	   0.000000e+00	   0.000000e+00	   0.000000e+00	   0.000000e+00	   0.000000e+00	   0.000000e+00	   0.000000e+00	   0.000000e+00	   0.000000e+00	   0.000000e+00	   0.000000e+00	   0.000000e+00	   0.000000e+00	   0.000000e+00	   0.000000e+00	   0.000000e+00	   0.000000e+00	   0.000000e+00	   0.000000e+00	   0.000000e+00	   0.000000e+00	   0.000000e+00	   0.000000e+00	   0.000000e+00	   0.000000e+00	   0.000000e+00	   0.000000e+00	   0.000000e+00	   0.000000e+00	   0.000000e+00	   2.026500e+06
   2.004008e-06	   4.500000e+02	   0.000000e+00	   0.000000e+00	   0.000000e+00	   0.000000e+00	   0.000000e+00	   0.000000e+00	   0.000000e+00	   0.000000e+00	   0.000000e+00	   0.000000e+00	   0.000000e+00	   0.000000e+00	   0.000000e+00	   0.000000e+00	   0.000000e+00	   0.000000e+00	   0.000000e+00	   0.000000e+00	   0.000000e+00	   0.000000e+00	   0.000000e+00	   0.000000e+00	   0.000000e+00	   0.000000e+00	   0.000000e+00	   0.000000e+00	   0.000000e+00	   0.000000e+00	   0.000000e+00	   0.000000e+00	   0.000000e+00	   0.000000e+00	   0.000000e+00	   0.000000e+00	   0.000000e+00	   0.000000e+00	   0.000000e+00	   1.000000e+00	   0.000000e+00	   0.000000e+00	   0.000000e+00	   0.000000e+00	   0.000000e+00	   0.000000e+00	   0.000000e+00	   0.000000e+00	   0.000000e+00	   0.000000e+00	   0.000000e+00	   0.000000e+00	   0.000000e+00	   0.000000e+00	   0.000000e+00	   0.000000e+00	   0.000000e+00	   0.000000e+00	   0.000000e+00	   0.000000e+00	   0.000000e+00	   0.000000e+00	   0.000000e+00	   0.000000e+00	   0.000000e+00	   0.000000e+00	   0.000000e+00	   0.000000e+00	   0.000000e+00	   0.000000e+00	   0.000000e+00	   0.000000e+00	   0.000000e+00	   0.000000e+00	   0.000000e+00	   0.000000e+00	   2.026500e+06
   2.104208e-06	   4.500000e+02	   0.000000e+00	   0.000000e+00	   0.000000e+00	   0.000000e+00	   0.000000e+00	   0.000000e+00	   0.000000e+00	   0.000000e+00	   0.000000e+00	   0.000000e+00	   0.000000e+00	   0.000000e+00	   0.000000e+00	   0.000000e+00	   0.000000e+00	   0.000000e+00	   0.000000e+00	   0.000000e+00	   0.000000e+00	   0.000000e+00	   0.000000e+00	   0.000000e+00	   0.000000e+00	   0.000000e+00	   0.000000e+00	   0.000000e+00	   0.000000e+00	   0.000000e+00	   0.000000e+00	   0.000000e+00	   0.000000e+00	   0.000000e+00	   0.000000e+00	   0.000000e+00	   0.000000e+00	   0.000000e+00	   0.000000e+00	   1.000000e+00	   0.000000e+00	   0.000000e+00	   0.000000e+00	   0.000000e+00	   0.000000e+00	   0.000000e+00	   0.000000e+00	   0.000000e+00	   0.000000e+00	   0.000000e+00	   0.000000e+00	   0.000000e+00	   0.000000e+00	   0.000000e+00	   0.000000e+00	   0.000000e+00	   0.000000e+00	   0.000000e+00	   0.000000e+00	   0.000000e+00	   0.000000e+00	   0.000000e+00	   0.000000e+00	   0.000000e+00	   0.000000e+00	   0.000000e+00	   0.000000e+00	   0.000000e+00	   0.000000e+00	   0.000000e+00	   0.000000e+00	   0.000000e+00	   0.000000e+00	   0.000000e+00	   0.000000e+00	   0.000000e+00	   2.026500e+06
   2.204409e-06	   4.500000e+02	   0.000000e+00	   0.000000e+00	   0.000000e+00	   0.000000e+00	   0.000000e+00	   0.000000e+00	   0.000000e+00	   0.000000e+00	   0.000000e+00	   0.000000e+00	   0.000000e+00	   0.000000e+00	   0.000000e+00	   0.000000e+00	   0.000000e+00	   0.000000e+00	   0.000000e+00	   0.000000e+00	   0.000000e+00	   0.000000e+00	   0.000000e+00	   0.000000e+00	   0.000000e+00	   0.000000e+00	   0.000000e+00	   0.000000e+00	   0.000000e+00	   0.000000e+00	   0.000000e+00	   0.000000e+00	   0.000000e+00	   0.000000e+00	   0.000000e+00	   0.000000e+00	   0.000000e+00	   0.000000e+00	   0.000000e+00	   1.000000e+00	   0.000000e+00	   0.000000e+00	   0.000000e+00	   0.000000e+00	   0.000000e+00	   0.000000e+00	   0.000000e+00	   0.000000e+00	   0.000000e+00	   0.000000e+00	   0.000000e+00	   0.000000e+00	   0.000000e+00	   0.000000e+00	   0.000000e+00	   0.000000e+00	   0.000000e+00	   0.000000e+00	   0.000000e+00	   0.000000e+00	   0.000000e+00	   0.000000e+00	   0.000000e+00	   0.000000e+00	   0.000000e+00	   0.000000e+00	   0.000000e+00	   0.000000e+00	   0.000000e+00	   0.000000e+00	   0.000000e+00	   0.000000e+00	   0.000000e+00	   0.000000e+00	   0.000000e+00	   0.000000e+00	   2.026500e+06
   2.304609e-06	   4.500000e+02	   0.000000e+00	   0.000000e+00	   0.000000e+00	   0.000000e+00	   0.000000e+00	   0.000000e+00	   0.000000e+00	   0.000000e+00	   0.000000e+00	   0.000000e+00	   0.000000e+00	   0.000000e+00	   0.000000e+00	   0.000000e+00	   0.000000e+00	   0.000000e+00	   0.000000e+00	   0.000000e+00	   0.000000e+00	   0.000000e+00	   0.000000e+00	   0.000000e+00	   0.000000e+00	   0.000000e+00	   0.000000e+00	   0.000000e+00	   0.000000e+00	   0.000000e+00	   0.000000e+00	   0.000000e+00	   0.000000e+00	   0.000000e+00	   0.000000e+00	   0.000000e+00	   0.000000e+00	   0.000000e+00	   0.000000e+00	   1.000000e+00	   0.000000e+00	   0.000000e+00	   0.000000e+00	   0.000000e+00	   0.000000e+00	   0.000000e+00	   0.000000e+00	   0.000000e+00	   0.000000e+00	   0.000000e+00	   0.000000e+00	   0.000000e+00	   0.000000e+00	   0.000000e+00	   0.000000e+00	   0.000000e+00	   0.000000e+00	   0.000000e+00	   0.000000e+00	   0.000000e+00	   0.000000e+00	   0.000000e+00	   0.000000e+00	   0.000000e+00	   0.000000e+00	   0.000000e+00	   0.000000e+00	   0.000000e+00	   0.000000e+00	   0.000000e+00	   0.000000e+00	   0.000000e+00	   0.000000e+00	   0.000000e+00	   0.000000e+00	   0.000000e+00	   2.026500e+06
   2.404810e-06	   4.500000e+02	   0.000000e+00	   0.000000e+00	   0.000000e+00	   0.000000e+00	   0.000000e+00	   0.000000e+00	   0.000000e+00	   0.000000e+00	   0.000000e+00	   0.000000e+00	   0.000000e+00	   0.000000e+00	   0.000000e+00	   0.000000e+00	   0.000000e+00	   0.000000e+00	   0.000000e+00	   0.000000e+00	   0.000000e+00	   0.000000e+00	   0.000000e+00	   0.000000e+00	   0.000000e+00	   0.000000e+00	   0.000000e+00	   0.000000e+00	   0.000000e+00	   0.000000e+00	   0.000000e+00	   0.000000e+00	   0.000000e+00	   0.000000e+00	   0.000000e+00	   0.000000e+00	   0.000000e+00	   0.000000e+00	   0.000000e+00	   1.000000e+00	   0.000000e+00	   0.000000e+00	   0.000000e+00	   0.000000e+00	   0.000000e+00	   0.000000e+00	   0.000000e+00	   0.000000e+00	   0.000000e+00	   0.000000e+00	   0.000000e+00	   0.000000e+00	   0.000000e+00	   0.000000e+00	   0.000000e+00	   0.000000e+00	   0.000000e+00	   0.000000e+00	   0.000000e+00	   0.000000e+00	   0.000000e+00	   0.000000e+00	   0.000000e+00	   0.000000e+00	   0.000000e+00	   0.000000e+00	   0.000000e+00	   0.000000e+00	   0.000000e+00	   0.000000e+00	   0.000000e+00	   0.000000e+00	   0.000000e+00	   0.000000e+00	   0.000000e+00	   0.000000e+00	   2.026500e+06
   2.505010e-06	   4.500000e+02	   0.000000e+00	   0.000000e+00	   0.000000e+00	   0.000000e+00	   0.000000e+00	   0.000000e+00	   0.000000e+00	   0.000000e+00	   0.000000e+00	   0.000000e+00	   0.000000e+00	   0.000000e+00	   0.000000e+00	   0.000000e+00	   0.000000e+00	   0.000000e+00	   0.000000e+00	   0.000000e+00	   0.000000e+00	   0.000000e+00	   0.000000e+00	   0.000000e+00	   0.000000e+00	   0.000000e+00	   0.000000e+00	   0.000000e+00	   0.000000e+00	   0.000000e+00	   0.000000e+00	   0.000000e+00	   0.000000e+00	   0.000000e+00	   0.000000e+00	   0.000000e+00	   0.000000e+00	   0.000000e+00	   0.000000e+00	   1.000000e+00	   0.000000e+00	   0.000000e+00	   0.000000e+00	   0.000000e+00	   0.000000e+00	   0.000000e+00	   0.000000e+00	   0.000000e+00	   0.000000e+00	   0.000000e+00	   0.000000e+00	   0.000000e+00	   0.000000e+00	   0.000000e+00	   0.000000e+00	   0.000000e+00	   0.000000e+00	   0.000000e+00	   0.000000e+00	   0.000000e+00	   0.000000e+00	   0.000000e+00	   0.000000e+00	   0.000000e+00	   0.000000e+00	   0.000000e+00	   0.000000e+00	   0.000000e+00	   0.000000e+00	   0.000000e+00	   0.000000e+00	   0.000000e+00	   0.000000e+00	   0.000000e+00	   0.000000e+00	   0.000000e+00	   2.026500e+06
   2.605210e-06	   4.500000e+02	   0.000000e+00	   0.000000e+00	   0.000000e+00	   0.000000e+00	   0.000000e+00	   0.000000e+00	   0.000000e+00	   0.000000e+00	   0.000000e+00	   0.000000e+00	   0.000000e+00	   0.000000e+00	   0.000000e+00	   0.000000e+00	   0.000000e+00	   0.000000e+00	   0.000000e+00	   0.000000e+00	   0.000000e+00	   0.000000e+00	   0.000000e+00	   0.000000e+00	   0.000000e+00	   0.000000e+00	   0.000000e+00	   0.000000e+00	   0.000000e+00	   0.000000e+00	   0.000000e+00	   0.000000e+00	   0.000000e+00	   0.000000e+00	   0.000000e+00	   0.000000e+00	   0.000000e+00	   0.000000e+00	   0.000000e+00	   1.000000e+00	   0.000000e+00	   0.000000e+00	   0.000000e+00	   0.000000e+00	   0.000000e+00	   0.000000e+00	   0.000000e+00	   0.000000e+00	   0.000000e+00	   0.000000e+00	   0.000000e+00	   0.000000e+00	   0.000000e+00	   0.000000e+00	   0.000000e+00	   0.000000e+00	   0.000000e+00	   0.000000e+00	   0.000000e+00	   0.000000e+00	   0.000000e+00	   0.000000e+00	   0.000000e+00	   0.000000e+00	   0.000000e+00	   0.000000e+00	   0.000000e+00	   0.000000e+00	   0.000000e+00	   0.000000e+00	   0.000000e+00	   0.000000e+00	   0.000000e+00	   0.000000e+00	   0.000000e+00	   0.000000e+00	   2.026500e+06
   2.705411e-06	   4.500000e+02	   0.000000e+00	   0.000000e+00	   0.000000e+00	   0.000000e+00	   0.000000e+00	   0.000000e+00	   0.000000e+00	   0.000000e+00	   0.000000e+00	   0.000000e+00	   0.000000e+00	   0.000000e+00	   0.000000e+00	   0.000000e+00	   0.000000e+00	   0.000000e+00	   0.000000e+00	   0.000000e+00	   0.000000e+00	   0.000000e+00	   0.000000e+00	   0.000000e+00	   0.000000e+00	   0.000000e+00	   0.000000e+00	   0.000000e+00	   0.000000e+00	   0.000000e+00	   0.000000e+00	   0.000000e+00	   0.000000e+00	   0.000000e+00	   0.000000e+00	   0.000000e+00	   0.000000e+00	   0.000000e+00	   0.000000e+00	   1.000000e+00	   0.000000e+00	   0.000000e+00	   0.000000e+00	   0.000000e+00	   0.000000e+00	   0.000000e+00	   0.000000e+00	   0.000000e+00	   0.000000e+00	   0.000000e+00	   0.000000e+00	   0.000000e+00	   0.000000e+00	   0.000000e+00	   0.000000e+00	   0.000000e+00	   0.000000e+00	   0.000000e+00	   0.000000e+00	   0.000000e+00	   0.000000e+00	   0.000000e+00	   0.000000e+00	   0.000000e+00	   0.000000e+00	   0.000000e+00	   0.000000e+00	   0.000000e+00	   0.000000e+00	   0.000000e+00	   0.000000e+00	   0.000000e+00	   0.000000e+00	   0.000000e+00	   0.000000e+00	   0.000000e+00	   2.026500e+06
   2.805611e-06	   4.500000e+02	   0.000000e+00	   0.000000e+00	   0.000000e+00	   0.000000e+00	   0.000000e+00	   0.000000e+00	   0.000000e+00	   0.000000e+00	   0.000000e+00	   0.000000e+00	   0.000000e+00	   0.000000e+00	   0.000000e+00	   0.000000e+00	   0.000000e+00	   0.000000e+00	   0.000000e+00	   0.000000e+00	   0.000000e+00	   0.000000e+00	   0.000000e+00	   0.000000e+00	   0.000000e+00	   0.000000e+00	   0.000000e+00	   0.000000e+00	   0.000000e+00	   0.000000e+00	   0.000000e+00	   0.000000e+00	   0.000000e+00	   0.000000e+00	   0.000000e+00	   0.000000e+00	   0.000000e+00	   0.000000e+00	   0.000000e+00	   1.000000e+00	   0.000000e+00	   0.000000e+00	   0.000000e+00	   0.000000e+00	   0.000000e+00	   0.000000e+00	   0.000000e+00	   0.000000e+00	   0.000000e+00	   0.000000e+00	   0.000000e+00	   0.000000e+00	   0.000000e+00	   0.000000e+00	   0.000000e+00	   0.000000e+00	   0.000000e+00	   0.000000e+00	   0.000000e+00	   0.000000e+00	   0.000000e+00	   0.000000e+00	   0.000000e+00	   0.000000e+00	   0.000000e+00	   0.000000e+00	   0.000000e+00	   0.000000e+00	   0.000000e+00	   0.000000e+00	   0.000000e+00	   0.000000e+00	   0.000000e+00	   0.000000e+00	   0.000000e+00	   0.000000e+00	   2.026500e+06
   2.905812e-06	   4.500000e+02	   0.000000e+00	   0.000000e+00	   0.000000e+00	   0.000000e+00	   0.000000e+00	   0.000000e+00	   0.000000e+00	   0.000000e+00	   0.000000e+00	   0.000000e+00	   0.000000e+00	   0.000000e+00	   0.000000e+00	   0.000000e+00	   0.000000e+00	   0.000000e+00	   0.000000e+00	   0.000000e+00	   0.000000e+00	   0.000000e+00	   0.000000e+00	   0.000000e+00	   0.000000e+00	   0.000000e+00	   0.000000e+00	   0.000000e+00	   0.000000e+00	   0.000000e+00	   0.000000e+00	   0.000000e+00	   0.000000e+00	   0.000000e+00	   0.000000e+00	   0.000000e+00	   0.000000e+00	   0.000000e+00	   0.000000e+00	   1.000000e+00	   0.000000e+00	   0.000000e+00	   0.000000e+00	   0.000000e+00	   0.000000e+00	   0.000000e+00	   0.000000e+00	   0.000000e+00	   0.000000e+00	   0.000000e+00	   0.000000e+00	   0.000000e+00	   0.000000e+00	   0.000000e+00	   0.000000e+00	   0.000000e+00	   0.000000e+00	   0.000000e+00	   0.000000e+00	   0.000000e+00	   0.000000e+00	   0.000000e+00	   0.000000e+00	   0.000000e+00	   0.000000e+00	   0.000000e+00	   0.000000e+00	   0.000000e+00	   0.000000e+00	   0.000000e+00	   0.000000e+00	   0.000000e+00	   0.000000e+00	   0.000000e+00	   0.000000e+00	   0.000000e+00	   2.026500e+06
   3.006012e-06	   4.500000e+02	   0.000000e+00	   0.000000e+00	   0.000000e+00	   0.000000e+00	   0.000000e+00	   0.000000e+00	   0.000000e+00	   0.000000e+00	   0.000000e+00	   0.000000e+00	   0.000000e+00	   0.000000e+00	   0.000000e+00	   0.000000e+00	   0.000000e+00	   0.000000e+00	   0.000000e+00	   0.000000e+00	   0.000000e+00	   0.000000e+00	   0.000000e+00	   0.000000e+00	   0.000000e+00	   0.000000e+00	   0.000000e+00	   0.000000e+00	   0.000000e+00	   0.000000e+00	   0.000000e+00	   0.000000e+00	   0.000000e+00	   0.000000e+00	   0.000000e+00	   0.000000e+00	   0.000000e+00	   0.000000e+00	   0.000000e+00	   1.000000e+00	   0.000000e+00	   0.000000e+00	   0.000000e+00	   0.000000e+00	   0.000000e+00	   0.000000e+00	   0.000000e+00	   0.000000e+00	   0.000000e+00	   0.000000e+00	   0.000000e+00	   0.000000e+00	   0.000000e+00	   0.000000e+00	   0.000000e+00	   0.000000e+00	   0.000000e+00	   0.000000e+00	   0.000000e+00	   0.000000e+00	   0.000000e+00	   0.000000e+00	   0.000000e+00	   0.000000e+00	   0.000000e+00	   0.000000e+00	   0.000000e+00	   0.000000e+00	   0.000000e+00	   0.000000e+00	   0.000000e+00	   0.000000e+00	   0.000000e+00	   0.000000e+00	   0.000000e+00	   0.000000e+00	   2.026500e+06
   3.106212e-06	   4.500000e+02	   0.000000e+00	   0.000000e+00	   0.000000e+00	   0.000000e+00	   0.000000e+00	   0.000000e+00	   0.000000e+00	   0.000000e+00	   0.000000e+00	   0.000000e+00	   0.000000e+00	   0.000000e+00	   0.000000e+00	   0.000000e+00	   0.000000e+00	   0.000000e+00	   0.000000e+00	   0.000000e+00	   0.000000e+00	   0.000000e+00	   0.000000e+00	   0.000000e+00	   0.000000e+00	   0.000000e+00	   0.000000e+00	   0.000000e+00	   0.000000e+00	   0.000000e+00	   0.000000e+00	   0.000000e+00	   0.000000e+00	   0.000000e+00	   0.000000e+00	   0.000000e+00	   0.000000e+00	   0.000000e+00	   0.000000e+00	   1.000000e+00	   0.000000e+00	   0.000000e+00	   0.000000e+00	   0.000000e+00	   0.000000e+00	   0.000000e+00	   0.000000e+00	   0.000000e+00	   0.000000e+00	   0.000000e+00	   0.000000e+00	   0.000000e+00	   0.000000e+00	   0.000000e+00	   0.000000e+00	   0.000000e+00	   0.000000e+00	   0.000000e+00	   0.000000e+00	   0.000000e+00	   0.000000e+00	   0.000000e+00	   0.000000e+00	   0.000000e+00	   0.000000e+00	   0.000000e+00	   0.000000e+00	   0.000000e+00	   0.000000e+00	   0.000000e+00	   0.000000e+00	   0.000000e+00	   0.000000e+00	   0.000000e+00	   0.000000e+00	   0.000000e+00	   2.026500e+06
   3.206413e-06	   4.500000e+02	   0.000000e+00	   0.000000e+00	   0.000000e+00	   0.000000e+00	   0.000000e+00	   0.000000e+00	   0.000000e+00	   0.000000e+00	   0.000000e+00	   0.000000e+00	   0.000000e+00	   0.000000e+00	   0.000000e+00	   0.000000e+00	   0.000000e+00	   0.000000e+00	   0.000000e+00	   0.000000e+00	   0.000000e+00	   0.000000e+00	   0.000000e+00	   0.000000e+00	   0.000000e+00	   0.000000e+00	   0.000000e+00	   0.000000e+00	   0.000000e+00	   0.000000e+00	   0.000000e+00	   0.000000e+00	   0.000000e+00	   0.000000e+00	   0.000000e+00	   0.000000e+00	   0.000000e+00	   0.000000e+00	   0.000000e+00	   1.000000e+00	   0.000000e+00	   0.000000e+00	   0.000000e+00	   0.000000e+00	   0.000000e+00	   0.000000e+00	   0.000000e+00	   0.000000e+00	   0.000000e+00	   0.000000e+00	   0.000000e+00	   0.000000e+00	   0.000000e+00	   0.000000e+00	   0.000000e+00	   0.000000e+00	   0.000000e+00	   0.000000e+00	   0.000000e+00	   0.000000e+00	   0.000000e+00	   0.000000e+00	   0.000000e+00	   0.000000e+00	   0.000000e+00	   0.000000e+00	   0.000000e+00	   0.000000e+00	   0.000000e+00	   0.000000e+00	   0.000000e+00	   0.000000e+00	   0.000000e+00	   0.000000e+00	   0.000000e+00	   0.000000e+00	   2.026500e+06
   3.306613e-06	   4.500000e+02	   0.000000e+00	   0.000000e+00	   0.000000e+00	   0.000000e+00	   0.000000e+00	   0.000000e+00	   0.000000e+00	   0.000000e+00	   0.000000e+00	   0.000000e+00	   0.000000e+00	   0.000000e+00	   0.000000e+00	   0.000000e+00	   0.000000e+00	   0.000000e+00	   0.000000e+00	   0.000000e+00	   0.000000e+00	   0.000000e+00	   0.000000e+00	   0.000000e+00	   0.000000e+00	   0.000000e+00	   0.000000e+00	   0.000000e+00	   0.000000e+00	   0.000000e+00	   0.000000e+00	   0.000000e+00	   0.000000e+00	   0.000000e+00	   0.000000e+00	   0.000000e+00	   0.000000e+00	   0.000000e+00	   0.000000e+00	   1.000000e+00	   0.000000e+00	   0.000000e+00	   0.000000e+00	   0.000000e+00	   0.000000e+00	   0.000000e+00	   0.000000e+00	   0.000000e+00	   0.000000e+00	   0.000000e+00	   0.000000e+00	   0.000000e+00	   0.000000e+00	   0.000000e+00	   0.000000e+00	   0.000000e+00	   0.000000e+00	   0.000000e+00	   0.000000e+00	   0.000000e+00	   0.000000e+00	   0.000000e+00	   0.000000e+00	   0.000000e+00	   0.000000e+00	   0.000000e+00	   0.000000e+00	   0.000000e+00	   0.000000e+00	   0.000000e+00	   0.000000e+00	   0.000000e+00	   0.000000e+00	   0.000000e+00	   0.000000e+00	   0.000000e+00	   2.026500e+06
   3.406814e-06	   4.500000e+02	   0.000000e+00	   0.000000e+00	   0.000000e+00	   0.000000e+00	   0.000000e+00	   0.000000e+00	   0.000000e+00	   0.000000e+00	   0.000000e+00	   0.000000e+00	   0.000000e+00	   0.000000e+00	   0.000000e+00	   0.000000e+00	   0.000000e+00	   0.000000e+00	   0.000000e+00	   0.000000e+00	   0.000000e+00	   0.000000e+00	   0.000000e+00	   0.000000e+00	   0.000000e+00	   0.000000e+00	   0.000000e+00	   0.000000e+00	   0.000000e+00	   0.000000e+00	   0.000000e+00	   0.000000e+00	   0.000000e+00	   0.000000e+00	   0.000000e+00	   0.000000e+00	   0.000000e+00	   0.000000e+00	   0.000000e+00	   1.000000e+00	   0.000000e+00	   0.000000e+00	   0.000000e+00	   0.000000e+00	   0.000000e+00	   0.000000e+00	   0.000000e+00	   0.000000e+00	   0.000000e+00	   0.000000e+00	   0.000000e+00	   0.000000e+00	   0.000000e+00	   0.000000e+00	   0.000000e+00	   0.000000e+00	   0.000000e+00	   0.000000e+00	   0.000000e+00	   0.000000e+00	   0.000000e+00	   0.000000e+00	   0.000000e+00	   0.000000e+00	   0.000000e+00	   0.000000e+00	   0.000000e+00	   0.000000e+00	   0.000000e+00	   0.000000e+00	   0.000000e+00	   0.000000e+00	   0.000000e+00	   0.000000e+00	   0.000000e+00	   0.000000e+00	   2.026500e+06
   3.507014e-06	   4.500000e+02	   0.000000e+00	   0.000000e+00	   0.000000e+00	   0.000000e+00	   0.000000e+00	   0.000000e+00	   0.000000e+00	   0.000000e+00	   0.000000e+00	   0.000000e+00	   0.000000e+00	   0.000000e+00	   0.000000e+00	   0.000000e+00	   0.000000e+00	   0.000000e+00	   0.000000e+00	   0.000000e+00	   0.000000e+00	   0.000000e+00	   0.000000e+00	   0.000000e+00	   0.000000e+00	   0.000000e+00	   0.000000e+00	   0.000000e+00	   0.000000e+00	   0.000000e+00	   0.000000e+00	   0.000000e+00	   0.000000e+00	   0.000000e+00	   0.000000e+00	   0.000000e+00	   0.000000e+00	   0.000000e+00	   0.000000e+00	   1.000000e+00	   0.000000e+00	   0.000000e+00	   0.000000e+00	   0.000000e+00	   0.000000e+00	   0.000000e+00	   0.000000e+00	   0.000000e+00	   0.000000e+00	   0.000000e+00	   0.000000e+00	   0.000000e+00	   0.000000e+00	   0.000000e+00	   0.000000e+00	   0.000000e+00	   0.000000e+00	   0.000000e+00	   0.000000e+00	   0.000000e+00	   0.000000e+00	   0.000000e+00	   0.000000e+00	   0.000000e+00	   0.000000e+00	   0.000000e+00	   0.000000e+00	   0.000000e+00	   0.000000e+00	   0.000000e+00	   0.000000e+00	   0.000000e+00	   0.000000e+00	   0.000000e+00	   0.000000e+00	   0.000000e+00	   2.026500e+06
   3.607214e-06	   4.500000e+02	   0.000000e+00	   0.000000e+00	   0.000000e+00	   0.000000e+00	   0.000000e+00	   0.000000e+00	   0.000000e+00	   0.000000e+00	   0.000000e+00	   0.000000e+00	   0.000000e+00	   0.000000e+00	   0.000000e+00	   0.000000e+00	   0.000000e+00	   0.000000e+00	   0.000000e+00	   0.000000e+00	   0.000000e+00	   0.000000e+00	   0.000000e+00	   0.000000e+00	   0.000000e+00	   0.000000e+00	   0.000000e+00	   0.000000e+00	   0.000000e+00	   0.000000e+00	   0.000000e+00	   0.000000e+00	   0.000000e+00	   0.000000e+00	   0.000000e+00	   0.000000e+00	   0.000000e+00	   0.000000e+00	   0.000000e+00	   1.000000e+00	   0.000000e+00	   0.000000e+00	   0.000000e+00	   0.000000e+00	   0.000000e+00	   0.000000e+00	   0.000000e+00	   0.000000e+00	   0.000000e+00	   0.000000e+00	   0.000000e+00	   0.000000e+00	   0.000000e+00	   0.000000e+00	   0.000000e+00	   0.000000e+00	   0.000000e+00	   0.000000e+00	   0.000000e+00	   0.000000e+00	   0.000000e+00	   0.000000e+00	   0.000000e+00	   0.000000e+00	   0.000000e+00	   0.000000e+00	   0.000000e+00	   0.000000e+00	   0.000000e+00	   0.000000e+00	   0.000000e+00	   0.000000e+00	   0.000000e+00	   0.000000e+00	   0.000000e+00	   0.000000e+00	   2.026500e+06
   3.707415e-06	   4.500000e+02	   0.000000e+00	   0.000000e+00	   0.000000e+00	   0.000000e+00	   0.000000e+00	   0.000000e+00	   0.000000e+00	   0.000000e+00	   0.000000e+00	   0.000000e+00	   0.000000e+00	   0.000000e+00	   0.000000e+00	   0.000000e+00	   0.000000e+00	   0.000000e+00	   0.000000e+00	   0.000000e+00	   0.000000e+00	   0.000000e+00	   0.000000e+00	   0.000000e+00	   0.000000e+00	   0.000000e+00	   0.000000e+00	   0.000000e+00	   0.000000e+00	   0.000000e+00	   0.000000e+00	   0.000000e+00	   0.000000e+00	   0.000000e+00	   0.000000e+00	   0.000000e+00	   0.000000e+00	   0.000000e+00	   0.000000e+00	   1.000000e+00	   0.000000e+00	   0.000000e+00	   0.000000e+00	   0.000000e+00	   0.000000e+00	   0.000000e+00	   0.000000e+00	   0.000000e+00	   0.000000e+00	   0.000000e+00	   0.000000e+00	   0.000000e+00	   0.000000e+00	   0.000000e+00	   0.000000e+00	   0.000000e+00	   0.000000e+00	   0.000000e+00	   0.000000e+00	   0.000000e+00	   0.000000e+00	   0.000000e+00	   0.000000e+00	   0.000000e+00	   0.000000e+00	   0.000000e+00	   0.000000e+00	   0.000000e+00	   0.000000e+00	   0.000000e+00	   0.000000e+00	   0.000000e+00	   0.000000e+00	   0.000000e+00	   0.000000e+00	   0.000000e+00	   2.026500e+06
   3.807615e-06	   4.500000e+02	   0.000000e+00	   0.000000e+00	   0.000000e+00	   0.000000e+00	   0.000000e+00	   0.000000e+00	   0.000000e+00	   0.000000e+00	   0.000000e+00	   0.000000e+00	   0.000000e+00	   0.000000e+00	   0.000000e+00	   0.000000e+00	   0.000000e+00	   0.000000e+00	   0.000000e+00	   0.000000e+00	   0.000000e+00	   0.000000e+00	   0.000000e+00	   0.000000e+00	   0.000000e+00	   0.000000e+00	   0.000000e+00	   0.000000e+00	   0.000000e+00	   0.000000e+00	   0.000000e+00	   0.000000e+00	   0.000000e+00	   0.000000e+00	   0.000000e+00	   0.000000e+00	   0.000000e+00	   0.000000e+00	   0.000000e+00	   1.000000e+00	   0.000000e+00	   0.000000e+00	   0.000000e+00	   0.000000e+00	   0.000000e+00	   0.000000e+00	   0.000000e+00	   0.000000e+00	   0.000000e+00	   0.000000e+00	   0.000000e+00	   0.000000e+00	   0.000000e+00	   0.000000e+00	   0.000000e+00	   0.000000e+00	   0.000000e+00	   0.000000e+00	   0.000000e+00	   0.000000e+00	   0.000000e+00	   0.000000e+00	   0.000000e+00	   0.000000e+00	   0.000000e+00	   0.000000e+00	   0.000000e+00	   0.000000e+00	   0.000000e+00	   0.000000e+00	   0.000000e+00	   0.000000e+00	   0.000000e+00	   0.000000e+00	   0.000000e+00	   0.000000e+00	   2.026500e+06
   3.907816e-06	   4.500000e+02	   0.000000e+00	   0.000000e+00	   0.000000e+00	   0.000000e+00	   0.000000e+00	   0.000000e+00	   0.000000e+00	   0.000000e+00	   0.000000e+00	   0.000000e+00	   0.000000e+00	   0.000000e+00	   0.000000e+00	   0.000000e+00	   0.000000e+00	   0.000000e+00	   0.000000e+00	   0.000000e+00	   0.000000e+00	   0.000000e+00	   0.000000e+00	   0.000000e+00	   0.000000e+00	   0.000000e+00	   0.000000e+00	   0.000000e+00	   0.000000e+00	   0.000000e+00	   0.000000e+00	   0.000000e+00	   0.000000e+00	   0.000000e+00	   0.000000e+00	   0.000000e+00	   0.000000e+00	   0.000000e+00	   0.000000e+00	   1.000000e+00	   0.000000e+00	   0.000000e+00	   0.000000e+00	   0.000000e+00	   0.000000e+00	   0.000000e+00	   0.000000e+00	   0.000000e+00	   0.000000e+00	   0.000000e+00	   0.000000e+00	   0.000000e+00	   0.000000e+00	   0.000000e+00	   0.000000e+00	   0.000000e+00	   0.000000e+00	   0.000000e+00	   0.000000e+00	   0.000000e+00	   0.000000e+00	   0.000000e+00	   0.000000e+00	   0.000000e+00	   0.000000e+00	   0.000000e+00	   0.000000e+00	   0.000000e+00	   0.000000e+00	   0.000000e+00	   0.000000e+00	   0.000000e+00	   0.000000e+00	   0.000000e+00	   0.000000e+00	   0.000000e+00	   2.026500e+06
   4.008016e-06	   4.500000e+02	   0.000000e+00	   0.000000e+00	   0.000000e+00	   0.000000e+00	   0.000000e+00	   0.000000e+00	   0.000000e+00	   0.000000e+00	   0.000000e+00	   0.000000e+00	   0.000000e+00	   0.000000e+00	   0.000000e+00	   0.000000e+00	   0.000000e+00	   0.000000e+00	   0.000000e+00	   0.000000e+00	   0.000000e+00	   0.000000e+00	   0.000000e+00	   0.000000e+00	   0.000000e+00	   0.000000e+00	   0.000000e+00	   0.000000e+00	   0.000000e+00	   0.000000e+00	   0.000000e+00	   0.000000e+00	   0.000000e+00	   0.000000e+00	   0.000000e+00	   0.000000e+00	   0.000000e+00	   0.000000e+00	   0.000000e+00	   1.000000e+00	   0.000000e+00	   0.000000e+00	   0.000000e+00	   0.000000e+00	   0.000000e+00	   0.000000e+00	   0.000000e+00	   0.000000e+00	   0.000000e+00	   0.000000e+00	   0.000000e+00	   0.000000e+00	   0.000000e+00	   0.000000e+00	   0.000000e+00	   0.000000e+00	   0.000000e+00	   0.000000e+00	   0.000000e+00	   0.000000e+00	   0.000000e+00	   0.000000e+00	   0.000000e+00	   0.000000e+00	   0.000000e+00	   0.000000e+00	   0.000000e+00	   0.000000e+00	   0.000000e+00	   0.000000e+00	   0.000000e+00	   0.000000e+00	   0.000000e+00	   0.000000e+00	   0.000000e+00	   0.000000e+00	   2.026500e+06
   4.108216e-06	   4.500000e+02	   0.000000e+00	   0.000000e+00	   0.000000e+00	   0.000000e+00	   0.000000e+00	   0.000000e+00	   0.000000e+00	   0.000000e+00	   0.000000e+00	   0.000000e+00	   0.000000e+00	   0.000000e+00	   0.000000e+00	   0.000000e+00	   0.000000e+00	   0.000000e+00	   0.000000e+00	   0.000000e+00	   0.000000e+00	   0.000000e+00	   0.000000e+00	   0.000000e+00	   0.000000e+00	   0.000000e+00	   0.000000e+00	   0.000000e+00	   0.000000e+00	   0.000000e+00	   0.000000e+00	   0.000000e+00	   0.000000e+00	   0.000000e+00	   0.000000e+00	   0.000000e+00	   0.000000e+00	   0.000000e+00	   0.000000e+00	   1.000000e+00	   0.000000e+00	   0.000000e+00	   0.000000e+00	   0.000000e+00	   0.000000e+00	   0.000000e+00	   0.000000e+00	   0.000000e+00	   0.000000e+00	   0.000000e+00	   0.000000e+00	   0.000000e+00	   0.000000e+00	   0.000000e+00	   0.000000e+00	   0.000000e+00	   0.000000e+00	   0.000000e+00	   0.000000e+00	   0.000000e+00	   0.000000e+00	   0.000000e+00	   0.000000e+00	   0.000000e+00	   0.000000e+00	   0.000000e+00	   0.000000e+00	   0.000000e+00	   0.000000e+00	   0.000000e+00	   0.000000e+00	   0.000000e+00	   0.000000e+00	   0.000000e+00	   0.000000e+00	   0.000000e+00	   2.026500e+06
   4.208417e-06	   4.500000e+02	   0.000000e+00	   0.000000e+00	   0.000000e+00	   0.000000e+00	   0.000000e+00	   0.000000e+00	   0.000000e+00	   0.000000e+00	   0.000000e+00	   0.000000e+00	   0.000000e+00	   0.000000e+00	   0.000000e+00	   0.000000e+00	   0.000000e+00	   0.000000e+00	   0.000000e+00	   0.000000e+00	   0.000000e+00	   0.000000e+00	   0.000000e+00	   0.000000e+00	   0.000000e+00	   0.000000e+00	   0.000000e+00	   0.000000e+00	   0.000000e+00	   0.000000e+00	   0.000000e+00	   0.000000e+00	   0.000000e+00	   0.000000e+00	   0.000000e+00	   0.000000e+00	   0.000000e+00	   0.000000e+00	   0.000000e+00	   1.000000e+00	   0.000000e+00	   0.000000e+00	   0.000000e+00	   0.000000e+00	   0.000000e+00	   0.000000e+00	   0.000000e+00	   0.000000e+00	   0.000000e+00	   0.000000e+00	   0.000000e+00	   0.000000e+00	   0.000000e+00	   0.000000e+00	   0.000000e+00	   0.000000e+00	   0.000000e+00	   0.000000e+00	   0.000000e+00	   0.000000e+00	   0.000000e+00	   0.000000e+00	   0.000000e+00	   0.000000e+00	   0.000000e+00	   0.000000e+00	   0.000000e+00	   0.000000e+00	   0.000000e+00	   0.000000e+00	   0.000000e+00	   0.000000e+00	   0.000000e+00	   0.000000e+00	   0.000000e+00	   0.000000e+00	   2.026500e+06
   4.308617e-06	   4.500000e+02	   0.000000e+00	   0.000000e+00	   0.000000e+00	   0.000000e+00	   0.000000e+00	   0.000000e+00	   0.000000e+00	   0.000000e+00	   0.000000e+00	   0.000000e+00	   0.000000e+00	   0.000000e+00	   0.000000e+00	   0.000000e+00	   0.000000e+00	   0.000000e+00	   0.000000e+00	   0.000000e+00	   0.000000e+00	   0.000000e+00	   0.000000e+00	   0.000000e+00	   0.000000e+00	   0.000000e+00	   0.000000e+00	   0.000000e+00	   0.000000e+00	   0.000000e+00	   0.000000e+00	   0.000000e+00	   0.000000e+00	   0.000000e+00	   0.000000e+00	   0.000000e+00	   0.000000e+00	   0.000000e+00	   0.000000e+00	   1.000000e+00	   0.000000e+00	   0.000000e+00	   0.000000e+00	   0.000000e+00	   0.000000e+00	   0.000000e+00	   0.000000e+00	   0.000000e+00	   0.000000e+00	   0.000000e+00	   0.000000e+00	   0.000000e+00	   0.000000e+00	   0.000000e+00	   0.000000e+00	   0.000000e+00	   0.000000e+00	   0.000000e+00	   0.000000e+00	   0.000000e+00	   0.000000e+00	   0.000000e+00	   0.000000e+00	   0.000000e+00	   0.000000e+00	   0.000000e+00	   0.000000e+00	   0.000000e+00	   0.000000e+00	   0.000000e+00	   0.000000e+00	   0.000000e+00	   0.000000e+00	   0.000000e+00	   0.000000e+00	   0.000000e+00	   2.026500e+06
   4.408818e-06	   4.500000e+02	   0.000000e+00	   0.000000e+00	   0.000000e+00	   0.000000e+00	   0.000000e+00	   0.000000e+00	   0.000000e+00	   0.000000e+00	   0.000000e+00	   0.000000e+00	   0.000000e+00	   0.000000e+00	   0.000000e+00	   0.000000e+00	   0.000000e+00	   0.000000e+00	   0.000000e+00	   0.000000e+00	   0.000000e+00	   0.000000e+00	   0.000000e+00	   0.000000e+00	   0.000000e+00	   0.000000e+00	   0.000000e+00	   0.000000e+00	   0.000000e+00	   0.000000e+00	   0.000000e+00	   0.000000e+00	   0.000000e+00	   0.000000e+00	   0.000000e+00	   0.000000e+00	   0.000000e+00	   0.000000e+00	   0.000000e+00	   1.000000e+00	   0.000000e+00	   0.000000e+00	   0.000000e+00	   0.000000e+00	   0.000000e+00	   0.000000e+00	   0.000000e+00	   0.000000e+00	   0.000000e+00	   0.000000e+00	   0.000000e+00	   0.000000e+00	   0.000000e+00	   0.000000e+00	   0.000000e+00	   0.000000e+00	   0.000000e+00	   0.000000e+00	   0.000000e+00	   0.000000e+00	   0.000000e+00	   0.000000e+00	   0.000000e+00	   0.000000e+00	   0.000000e+00	   0.000000e+00	   0.000000e+00	   0.000000e+00	   0.000000e+00	   0.000000e+00	   0.000000e+00	   0.000000e+00	   0.000000e+00	   0.000000e+00	   0.000000e+00	   0.000000e+00	   2.026500e+06
   4.509018e-06	   4.500000e+02	   0.000000e+00	   0.000000e+00	   0.000000e+00	   0.000000e+00	   0.000000e+00	   0.000000e+00	   0.000000e+00	   0.000000e+00	   0.000000e+00	   0.000000e+00	   0.000000e+00	   0.000000e+00	   0.000000e+00	   0.000000e+00	   0.000000e+00	   0.000000e+00	   0.000000e+00	   0.000000e+00	   0.000000e+00	   0.000000e+00	   0.000000e+00	   0.000000e+00	   0.000000e+00	   0.000000e+00	   0.000000e+00	   0.000000e+00	   0.000000e+00	   0.000000e+00	   0.000000e+00	   0.000000e+00	   0.000000e+00	   0.000000e+00	   0.000000e+00	   0.000000e+00	   0.000000e+00	   0.000000e+00	   0.000000e+00	   1.000000e+00	   0.000000e+00	   0.000000e+00	   0.000000e+00	   0.000000e+00	   0.000000e+00	   0.000000e+00	   0.000000e+00	   0.000000e+00	   0.000000e+00	   0.000000e+00	   0.000000e+00	   0.000000e+00	   0.000000e+00	   0.000000e+00	   0.000000e+00	   0.000000e+00	   0.000000e+00	   0.000000e+00	   0.000000e+00	   0.000000e+00	   0.000000e+00	   0.000000e+00	   0.000000e+00	   0.000000e+00	   0.000000e+00	   0.000000e+00	   0.000000e+00	   0.000000e+00	   0.000000e+00	   0.000000e+00	   0.000000e+00	   0.000000e+00	   0.000000e+00	   0.000000e+00	   0.000000e+00	   0.000000e+00	   2.026500e+06
   4.609218e-06	   4.500000e+02	   0.000000e+00	   0.000000e+00	   0.000000e+00	   0.000000e+00	   0.000000e+00	   0.000000e+00	   0.000000e+00	   0.000000e+00	   0.000000e+00	   0.000000e+00	   0.000000e+00	   0.000000e+00	   0.000000e+00	   0.000000e+00	   0.000000e+00	   0.000000e+00	   0.000000e+00	   0.000000e+00	   0.000000e+00	   0.000000e+00	   0.000000e+00	   0.000000e+00	   0.000000e+00	   0.000000e+00	   0.000000e+00	   0.000000e+00	   0.000000e+00	   0.000000e+00	   0.000000e+00	   0.000000e+00	   0.000000e+00	   0.000000e+00	   0.000000e+00	   0.000000e+00	   0.000000e+00	   0.000000e+00	   0.000000e+00	   1.000000e+00	   0.000000e+00	   0.000000e+00	   0.000000e+00	   0.000000e+00	   0.000000e+00	   0.000000e+00	   0.000000e+00	   0.000000e+00	   0.000000e+00	   0.000000e+00	   0.000000e+00	   0.000000e+00	   0.000000e+00	   0.000000e+00	   0.000000e+00	   0.000000e+00	   0.000000e+00	   0.000000e+00	   0.000000e+00	   0.000000e+00	   0.000000e+00	   0.000000e+00	   0.000000e+00	   0.000000e+00	   0.000000e+00	   0.000000e+00	   0.000000e+00	   0.000000e+00	   0.000000e+00	   0.000000e+00	   0.000000e+00	   0.000000e+00	   0.000000e+00	   0.000000e+00	   0.000000e+00	   0.000000e+00	   2.026500e+06
   4.709419e-06	   4.500000e+02	   0.000000e+00	   0.000000e+00	   0.000000e+00	   0.000000e+00	   0.000000e+00	   0.000000e+00	   0.000000e+00	   0.000000e+00	   0.000000e+00	   0.000000e+00	   0.000000e+00	   0.000000e+00	   0.000000e+00	   0.000000e+00	   0.000000e+00	   0.000000e+00	   0.000000e+00	   0.000000e+00	   0.000000e+00	   0.000000e+00	   0.000000e+00	   0.000000e+00	   0.000000e+00	   0.000000e+00	   0.000000e+00	   0.000000e+00	   0.000000e+00	   0.000000e+00	   0.000000e+00	   0.000000e+00	   0.000000e+00	   0.000000e+00	   0.000000e+00	   0.000000e+00	   0.000000e+00	   0.000000e+00	   0.000000e+00	   1.000000e+00	   0.000000e+00	   0.000000e+00	   0.000000e+00	   0.000000e+00	   0.000000e+00	   0.000000e+00	   0.000000e+00	   0.000000e+00	   0.000000e+00	   0.000000e+00	   0.000000e+00	   0.000000e+00	   0.000000e+00	   0.000000e+00	   0.000000e+00	   0.000000e+00	   0.000000e+00	   0.000000e+00	   0.000000e+00	   0.000000e+00	   0.000000e+00	   0.000000e+00	   0.000000e+00	   0.000000e+00	   0.000000e+00	   0.000000e+00	   0.000000e+00	   0.000000e+00	   0.000000e+00	   0.000000e+00	   0.000000e+00	   0.000000e+00	   0.000000e+00	   0.000000e+00	   0.000000e+00	   0.000000e+00	   2.026500e+06
   4.809619e-06	   4.500000e+02	   0.000000e+00	   0.000000e+00	   0.000000e+00	   0.000000e+00	   0.000000e+00	   0.000000e+00	   0.000000e+00	   0.000000e+00	   0.000000e+00	   0.000000e+00	   0.000000e+00	   0.000000e+00	   0.000000e+00	   0.000000e+00	   0.000000e+00	   0.000000e+00	   0.000000e+00	   0.000000e+00	   0.000000e+00	   0.000000e+00	   0.000000e+00	   0.000000e+00	   0.000000e+00	   0.000000e+00	   0.000000e+00	   0.000000e+00	   0.000000e+00	   0.000000e+00	   0.000000e+00	   0.000000e+00	   0.000000e+00	   0.000000e+00	   0.000000e+00	   0.000000e+00	   0.000000e+00	   0.000000e+00	   0.000000e+00	   1.000000e+00	   0.000000e+00	   0.000000e+00	   0.000000e+00	   0.000000e+00	   0.000000e+00	   0.000000e+00	   0.000000e+00	   0.000000e+00	   0.000000e+00	   0.000000e+00	   0.000000e+00	   0.000000e+00	   0.000000e+00	   0.000000e+00	   0.000000e+00	   0.000000e+00	   0.000000e+00	   0.000000e+00	   0.000000e+00	   0.000000e+00	   0.000000e+00	   0.000000e+00	   0.000000e+00	   0.000000e+00	   0.000000e+00	   0.000000e+00	   0.000000e+00	   0.000000e+00	   0.000000e+00	   0.000000e+00	   0.000000e+00	   0.000000e+00	   0.000000e+00	   0.000000e+00	   0.000000e+00	   0.000000e+00	   2.026500e+06
   4.909820e-06	   4.500000e+02	   0.000000e+00	   0.000000e+00	   0.000000e+00	   0.000000e+00	   0.000000e+00	   0.000000e+00	   0.000000e+00	   0.000000e+00	   0.000000e+00	   0.000000e+00	   0.000000e+00	   0.000000e+00	   0.000000e+00	   0.000000e+00	   0.000000e+00	   0.000000e+00	   0.000000e+00	   0.000000e+00	   0.000000e+00	   0.000000e+00	   0.000000e+00	   0.000000e+00	   0.000000e+00	   0.000000e+00	   0.000000e+00	   0.000000e+00	   0.000000e+00	   0.000000e+00	   0.000000e+00	   0.000000e+00	   0.000000e+00	   0.000000e+00	   0.000000e+00	   0.000000e+00	   0.000000e+00	   0.000000e+00	   0.000000e+00	   1.000000e+00	   0.000000e+00	   0.000000e+00	   0.000000e+00	   0.000000e+00	   0.000000e+00	   0.000000e+00	   0.000000e+00	   0.000000e+00	   0.000000e+00	   0.000000e+00	   0.000000e+00	   0.000000e+00	   0.000000e+00	   0.000000e+00	   0.000000e+00	   0.000000e+00	   0.000000e+00	   0.000000e+00	   0.000000e+00	   0.000000e+00	   0.000000e+00	   0.000000e+00	   0.000000e+00	   0.000000e+00	   0.000000e+00	   0.000000e+00	   0.000000e+00	   0.000000e+00	   0.000000e+00	   0.000000e+00	   0.000000e+00	   0.000000e+00	   0.000000e+00	   0.000000e+00	   0.000000e+00	   0.000000e+00	   2.026500e+06
   5.010020e-06	   4.500000e+02	   0.000000e+00	   0.000000e+00	   0.000000e+00	   0.000000e+00	   0.000000e+00	   0.000000e+00	   0.000000e+00	   0.000000e+00	   0.000000e+00	   0.000000e+00	   0.000000e+00	   0.000000e+00	   0.000000e+00	   0.000000e+00	   0.000000e+00	   0.000000e+00	   0.000000e+00	   0.000000e+00	   0.000000e+00	   0.000000e+00	   0.000000e+00	   0.000000e+00	   0.000000e+00	   0.000000e+00	   0.000000e+00	   0.000000e+00	   0.000000e+00	   0.000000e+00	   0.000000e+00	   0.000000e+00	   0.000000e+00	   0.000000e+00	   0.000000e+00	   0.000000e+00	   0.000000e+00	   0.000000e+00	   0.000000e+00	   1.000000e+00	   0.000000e+00	   0.000000e+00	   0.000000e+00	   0.000000e+00	   0.000000e+00	   0.000000e+00	   0.000000e+00	   0.000000e+00	   0.000000e+00	   0.000000e+00	   0.000000e+00	   0.000000e+00	   0.000000e+00	   0.000000e+00	   0.000000e+00	   0.000000e+00	   0.000000e+00	   0.000000e+00	   0.000000e+00	   0.000000e+00	   0.000000e+00	   0.000000e+00	   0.000000e+00	   0.000000e+00	   0.000000e+00	   0.000000e+00	   0.000000e+00	   0.000000e+00	   0.000000e+00	   0.000000e+00	   0.000000e+00	   0.000000e+00	   0.000000e+00	   0.000000e+00	   0.000000e+00	   0.000000e+00	   2.026500e+06
   5.110220e-06	   4.500000e+02	   0.000000e+00	   0.000000e+00	   0.000000e+00	   0.000000e+00	   0.000000e+00	   0.000000e+00	   0.000000e+00	   0.000000e+00	   0.000000e+00	   0.000000e+00	   0.000000e+00	   0.000000e+00	   0.000000e+00	   0.000000e+00	   0.000000e+00	   0.000000e+00	   0.000000e+00	   0.000000e+00	   0.000000e+00	   0.000000e+00	   0.000000e+00	   0.000000e+00	   0.000000e+00	   0.000000e+00	   0.000000e+00	   0.000000e+00	   0.000000e+00	   0.000000e+00	   0.000000e+00	   0.000000e+00	   0.000000e+00	   0.000000e+00	   0.000000e+00	   0.000000e+00	   0.000000e+00	   0.000000e+00	   0.000000e+00	   1.000000e+00	   0.000000e+00	   0.000000e+00	   0.000000e+00	   0.000000e+00	   0.000000e+00	   0.000000e+00	   0.000000e+00	   0.000000e+00	   0.000000e+00	   0.000000e+00	   0.000000e+00	   0.000000e+00	   0.000000e+00	   0.000000e+00	   0.000000e+00	   0.000000e+00	   0.000000e+00	   0.000000e+00	   0.000000e+00	   0.000000e+00	   0.000000e+00	   0.000000e+00	   0.000000e+00	   0.000000e+00	   0.000000e+00	   0.000000e+00	   0.000000e+00	   0.000000e+00	   0.000000e+00	   0.000000e+00	   0.000000e+00	   0.000000e+00	   0.000000e+00	   0.000000e+00	   0.000000e+00	   0.000000e+00	   2.026500e+06
   5.210421e-06	   4.500000e+02	   0.000000e+00	   0.000000e+00	   0.000000e+00	   0.000000e+00	   0.000000e+00	   0.000000e+00	   0.000000e+00	   0.000000e+00	   0.000000e+00	   0.000000e+00	   0.000000e+00	   0.000000e+00	   0.000000e+00	   0.000000e+00	   0.000000e+00	   0.000000e+00	   0.000000e+00	   0.000000e+00	   0.000000e+00	   0.000000e+00	   0.000000e+00	   0.000000e+00	   0.000000e+00	   0.000000e+00	   0.000000e+00	   0.000000e+00	   0.000000e+00	   0.000000e+00	   0.000000e+00	   0.000000e+00	   0.000000e+00	   0.000000e+00	   0.000000e+00	   0.000000e+00	   0.000000e+00	   0.000000e+00	   0.000000e+00	   1.000000e+00	   0.000000e+00	   0.000000e+00	   0.000000e+00	   0.000000e+00	   0.000000e+00	   0.000000e+00	   0.000000e+00	   0.000000e+00	   0.000000e+00	   0.000000e+00	   0.000000e+00	   0.000000e+00	   0.000000e+00	   0.000000e+00	   0.000000e+00	   0.000000e+00	   0.000000e+00	   0.000000e+00	   0.000000e+00	   0.000000e+00	   0.000000e+00	   0.000000e+00	   0.000000e+00	   0.000000e+00	   0.000000e+00	   0.000000e+00	   0.000000e+00	   0.000000e+00	   0.000000e+00	   0.000000e+00	   0.000000e+00	   0.000000e+00	   0.000000e+00	   0.000000e+00	   0.000000e+00	   0.000000e+00	   2.026500e+06
   5.310621e-06	   4.500000e+02	   0.000000e+00	   0.000000e+00	   0.000000e+00	   0.000000e+00	   0.000000e+00	   0.000000e+00	   0.000000e+00	   0.000000e+00	   0.000000e+00	   0.000000e+00	   0.000000e+00	   0.000000e+00	   0.000000e+00	   0.000000e+00	   0.000000e+00	   0.000000e+00	   0.000000e+00	   0.000000e+00	   0.000000e+00	   0.000000e+00	   0.000000e+00	   0.000000e+00	   0.000000e+00	   0.000000e+00	   0.000000e+00	   0.000000e+00	   0.000000e+00	   0.000000e+00	   0.000000e+00	   0.000000e+00	   0.000000e+00	   0.000000e+00	   0.000000e+00	   0.000000e+00	   0.000000e+00	   0.000000e+00	   0.000000e+00	   1.000000e+00	   0.000000e+00	   0.000000e+00	   0.000000e+00	   0.000000e+00	   0.000000e+00	   0.000000e+00	   0.000000e+00	   0.000000e+00	   0.000000e+00	   0.000000e+00	   0.000000e+00	   0.000000e+00	   0.000000e+00	   0.000000e+00	   0.000000e+00	   0.000000e+00	   0.000000e+00	   0.000000e+00	   0.000000e+00	   0.000000e+00	   0.000000e+00	   0.000000e+00	   0.000000e+00	   0.000000e+00	   0.000000e+00	   0.000000e+00	   0.000000e+00	   0.000000e+00	   0.000000e+00	   0.000000e+00	   0.000000e+00	   0.000000e+00	   0.000000e+00	   0.000000e+00	   0.000000e+00	   0.000000e+00	   2.026500e+06
   5.410822e-06	   4.500000e+02	   0.000000e+00	   0.000000e+00	   0.000000e+00	   0.000000e+00	   0.000000e+00	   0.000000e+00	   0.000000e+00	   0.000000e+00	   0.000000e+00	   0.000000e+00	   0.000000e+00	   0.000000e+00	   0.000000e+00	   0.000000e+00	   0.000000e+00	   0.000000e+00	   0.000000e+00	   0.000000e+00	   0.000000e+00	   0.000000e+00	   0.000000e+00	   0.000000e+00	   0.000000e+00	   0.000000e+00	   0.000000e+00	   0.000000e+00	   0.000000e+00	   0.000000e+00	   0.000000e+00	   0.000000e+00	   0.000000e+00	   0.000000e+00	   0.000000e+00	   0.000000e+00	   0.000000e+00	   0.000000e+00	   0.000000e+00	   1.000000e+00	   0.000000e+00	   0.000000e+00	   0.000000e+00	   0.000000e+00	   0.000000e+00	   0.000000e+00	   0.000000e+00	   0.000000e+00	   0.000000e+00	   0.000000e+00	   0.000000e+00	   0.000000e+00	   0.000000e+00	   0.000000e+00	   0.000000e+00	   0.000000e+00	   0.000000e+00	   0.000000e+00	   0.000000e+00	   0.000000e+00	   0.000000e+00	   0.000000e+00	   0.000000e+00	   0.000000e+00	   0.000000e+00	   0.000000e+00	   0.000000e+00	   0.000000e+00	   0.000000e+00	   0.000000e+00	   0.000000e+00	   0.000000e+00	   0.000000e+00	   0.000000e+00	   0.000000e+00	   0.000000e+00	   2.026500e+06
   5.511022e-06	   4.500000e+02	   0.000000e+00	   0.000000e+00	   0.000000e+00	   0.000000e+00	   0.000000e+00	   0.000000e+00	   0.000000e+00	   0.000000e+00	   0.000000e+00	   0.000000e+00	   0.000000e+00	   0.000000e+00	   0.000000e+00	   0.000000e+00	   0.000000e+00	   0.000000e+00	   0.000000e+00	   0.000000e+00	   0.000000e+00	   0.000000e+00	   0.000000e+00	   0.000000e+00	   0.000000e+00	   0.000000e+00	   0.000000e+00	   0.000000e+00	   0.000000e+00	   0.000000e+00	   0.000000e+00	   0.000000e+00	   0.000000e+00	   0.000000e+00	   0.000000e+00	   0.000000e+00	   0.000000e+00	   0.000000e+00	   0.000000e+00	   1.000000e+00	   0.000000e+00	   0.000000e+00	   0.000000e+00	   0.000000e+00	   0.000000e+00	   0.000000e+00	   0.000000e+00	   0.000000e+00	   0.000000e+00	   0.000000e+00	   0.000000e+00	   0.000000e+00	   0.000000e+00	   0.000000e+00	   0.000000e+00	   0.000000e+00	   0.000000e+00	   0.000000e+00	   0.000000e+00	   0.000000e+00	   0.000000e+00	   0.000000e+00	   0.000000e+00	   0.000000e+00	   0.000000e+00	   0.000000e+00	   0.000000e+00	   0.000000e+00	   0.000000e+00	   0.000000e+00	   0.000000e+00	   0.000000e+00	   0.000000e+00	   0.000000e+00	   0.000000e+00	   0.000000e+00	   2.026500e+06
   5.611222e-06	   4.500000e+02	   0.000000e+00	   0.000000e+00	   0.000000e+00	   0.000000e+00	   0.000000e+00	   0.000000e+00	   0.000000e+00	   0.000000e+00	   0.000000e+00	   0.000000e+00	   0.000000e+00	   0.000000e+00	   0.000000e+00	   0.000000e+00	   0.000000e+00	   0.000000e+00	   0.000000e+00	   0.000000e+00	   0.000000e+00	   0.000000e+00	   0.000000e+00	   0.000000e+00	   0.000000e+00	   0.000000e+00	   0.000000e+00	   0.000000e+00	   0.000000e+00	   0.000000e+00	   0.000000e+00	   0.000000e+00	   0.000000e+00	   0.000000e+00	   0.000000e+00	   0.000000e+00	   0.000000e+00	   0.000000e+00	   0.000000e+00	   1.000000e+00	   0.000000e+00	   0.000000e+00	   0.000000e+00	   0.000000e+00	   0.000000e+00	   0.000000e+00	   0.000000e+00	   0.000000e+00	   0.000000e+00	   0.000000e+00	   0.000000e+00	   0.000000e+00	   0.000000e+00	   0.000000e+00	   0.000000e+00	   0.000000e+00	   0.000000e+00	   0.000000e+00	   0.000000e+00	   0.000000e+00	   0.000000e+00	   0.000000e+00	   0.000000e+00	   0.000000e+00	   0.000000e+00	   0.000000e+00	   0.000000e+00	   0.000000e+00	   0.000000e+00	   0.000000e+00	   0.000000e+00	   0.000000e+00	   0.000000e+00	   0.000000e+00	   0.000000e+00	   0.000000e+00	   2.026500e+06
   5.711423e-06	   4.500000e+02	   0.000000e+00	   0.000000e+00	   0.000000e+00	   0.000000e+00	   0.000000e+00	   0.000000e+00	   0.000000e+00	   0.000000e+00	   0.000000e+00	   0.000000e+00	   0.000000e+00	   0.000000e+00	   0.000000e+00	   0.000000e+00	   0.000000e+00	   0.000000e+00	   0.000000e+00	   0.000000e+00	   0.000000e+00	   0.000000e+00	   0.000000e+00	   0.000000e+00	   0.000000e+00	   0.000000e+00	   0.000000e+00	   0.000000e+00	   0.000000e+00	   0.000000e+00	   0.000000e+00	   0.000000e+00	   0.000000e+00	   0.000000e+00	   0.000000e+00	   0.000000e+00	   0.000000e+00	   0.000000e+00	   0.000000e+00	   1.000000e+00	   0.000000e+00	   0.000000e+00	   0.000000e+00	   0.000000e+00	   0.000000e+00	   0.000000e+00	   0.000000e+00	   0.000000e+00	   0.000000e+00	   0.000000e+00	   0.000000e+00	   0.000000e+00	   0.000000e+00	   0.000000e+00	   0.000000e+00	   0.000000e+00	   0.000000e+00	   0.000000e+00	   0.000000e+00	   0.000000e+00	   0.000000e+00	   0.000000e+00	   0.000000e+00	   0.000000e+00	   0.000000e+00	   0.000000e+00	   0.000000e+00	   0.000000e+00	   0.000000e+00	   0.000000e+00	   0.000000e+00	   0.000000e+00	   0.000000e+00	   0.000000e+00	   0.000000e+00	   0.000000e+00	   2.026500e+06
   5.811623e-06	   4.500000e+02	   0.000000e+00	   0.000000e+00	   0.000000e+00	   0.000000e+00	   0.000000e+00	   0.000000e+00	   0.000000e+00	   0.000000e+00	   0.000000e+00	   0.000000e+00	   0.000000e+00	   0.000000e+00	   0.000000e+00	   0.000000e+00	   0.000000e+00	   0.000000e+00	   0.000000e+00	   0.000000e+00	   0.000000e+00	   0.000000e+00	   0.000000e+00	   0.000000e+00	   0.000000e+00	   0.000000e+00	   0.000000e+00	   0.000000e+00	   0.000000e+00	   0.000000e+00	   0.000000e+00	   0.000000e+00	   0.000000e+00	   0.000000e+00	   0.000000e+00	   0.000000e+00	   0.000000e+00	   0.000000e+00	   0.000000e+00	   1.000000e+00	   0.000000e+00	   0.000000e+00	   0.000000e+00	   0.000000e+00	   0.000000e+00	   0.000000e+00	   0.000000e+00	   0.000000e+00	   0.000000e+00	   0.000000e+00	   0.000000e+00	   0.000000e+00	   0.000000e+00	   0.000000e+00	   0.000000e+00	   0.000000e+00	   0.000000e+00	   0.000000e+00	   0.000000e+00	   0.000000e+00	   0.000000e+00	   0.000000e+00	   0.000000e+00	   0.000000e+00	   0.000000e+00	   0.000000e+00	   0.000000e+00	   0.000000e+00	   0.000000e+00	   0.000000e+00	   0.000000e+00	   0.000000e+00	   0.000000e+00	   0.000000e+00	   0.000000e+00	   0.000000e+00	   2.026500e+06
   5.911824e-06	   4.500000e+02	   0.000000e+00	   0.000000e+00	   0.000000e+00	   0.000000e+00	   0.000000e+00	   0.000000e+00	   0.000000e+00	   0.000000e+00	   0.000000e+00	   0.000000e+00	   0.000000e+00	   0.000000e+00	   0.000000e+00	   0.000000e+00	   0.000000e+00	   0.000000e+00	   0.000000e+00	   0.000000e+00	   0.000000e+00	   0.000000e+00	   0.000000e+00	   0.000000e+00	   0.000000e+00	   0.000000e+00	   0.000000e+00	   0.000000e+00	   0.000000e+00	   0.000000e+00	   0.000000e+00	   0.000000e+00	   0.000000e+00	   0.000000e+00	   0.000000e+00	   0.000000e+00	   0.000000e+00	   0.000000e+00	   0.000000e+00	   1.000000e+00	   0.000000e+00	   0.000000e+00	   0.000000e+00	   0.000000e+00	   0.000000e+00	   0.000000e+00	   0.000000e+00	   0.000000e+00	   0.000000e+00	   0.000000e+00	   0.000000e+00	   0.000000e+00	   0.000000e+00	   0.000000e+00	   0.000000e+00	   0.000000e+00	   0.000000e+00	   0.000000e+00	   0.000000e+00	   0.000000e+00	   0.000000e+00	   0.000000e+00	   0.000000e+00	   0.000000e+00	   0.000000e+00	   0.000000e+00	   0.000000e+00	   0.000000e+00	   0.000000e+00	   0.000000e+00	   0.000000e+00	   0.000000e+00	   0.000000e+00	   0.000000e+00	   0.000000e+00	   0.000000e+00	   2.026500e+06
   6.012024e-06	   4.500000e+02	   0.000000e+00	   0.000000e+00	   0.000000e+00	   0.000000e+00	   0.000000e+00	   0.000000e+00	   0.000000e+00	   0.000000e+00	   0.000000e+00	   0.000000e+00	   0.000000e+00	   0.000000e+00	   0.000000e+00	   0.000000e+00	   0.000000e+00	   0.000000e+00	   0.000000e+00	   0.000000e+00	   0.000000e+00	   0.000000e+00	   0.000000e+00	   0.000000e+00	   0.000000e+00	   0.000000e+00	   0.000000e+00	   0.000000e+00	   0.000000e+00	   0.000000e+00	   0.000000e+00	   0.000000e+00	   0.000000e+00	   0.000000e+00	   0.000000e+00	   0.000000e+00	   0.000000e+00	   0.000000e+00	   0.000000e+00	   1.000000e+00	   0.000000e+00	   0.000000e+00	   0.000000e+00	   0.000000e+00	   0.000000e+00	   0.000000e+00	   0.000000e+00	   0.000000e+00	   0.000000e+00	   0.000000e+00	   0.000000e+00	   0.000000e+00	   0.000000e+00	   0.000000e+00	   0.000000e+00	   0.000000e+00	   0.000000e+00	   0.000000e+00	   0.000000e+00	   0.000000e+00	   0.000000e+00	   0.000000e+00	   0.000000e+00	   0.000000e+00	   0.000000e+00	   0.000000e+00	   0.000000e+00	   0.000000e+00	   0.000000e+00	   0.000000e+00	   0.000000e+00	   0.000000e+00	   0.000000e+00	   0.000000e+00	   0.000000e+00	   0.000000e+00	   2.026500e+06
   6.112224e-06	   4.500000e+02	   0.000000e+00	   0.000000e+00	   0.000000e+00	   0.000000e+00	   0.000000e+00	   0.000000e+00	   0.000000e+00	   0.000000e+00	   0.000000e+00	   0.000000e+00	   0.000000e+00	   0.000000e+00	   0.000000e+00	   0.000000e+00	   0.000000e+00	   0.000000e+00	   0.000000e+00	   0.000000e+00	   0.000000e+00	   0.000000e+00	   0.000000e+00	   0.000000e+00	   0.000000e+00	   0.000000e+00	   0.000000e+00	   0.000000e+00	   0.000000e+00	   0.000000e+00	   0.000000e+00	   0.000000e+00	   0.000000e+00	   0.000000e+00	   0.000000e+00	   0.000000e+00	   0.000000e+00	   0.000000e+00	   0.000000e+00	   1.000000e+00	   0.000000e+00	   0.000000e+00	   0.000000e+00	   0.000000e+00	   0.000000e+00	   0.000000e+00	   0.000000e+00	   0.000000e+00	   0.000000e+00	   0.000000e+00	   0.000000e+00	   0.000000e+00	   0.000000e+00	   0.000000e+00	   0.000000e+00	   0.000000e+00	   0.000000e+00	   0.000000e+00	   0.000000e+00	   0.000000e+00	   0.000000e+00	   0.000000e+00	   0.000000e+00	   0.000000e+00	   0.000000e+00	   0.000000e+00	   0.000000e+00	   0.000000e+00	   0.000000e+00	   0.000000e+00	   0.000000e+00	   0.000000e+00	   0.000000e+00	   0.000000e+00	   0.000000e+00	   0.000000e+00	   2.026500e+06
   6.212425e-06	   4.500000e+02	   0.000000e+00	   0.000000e+00	   0.000000e+00	   0.000000e+00	   0.000000e+00	   0.000000e+00	   0.000000e+00	   0.000000e+00	   0.000000e+00	   0.000000e+00	   0.000000e+00	   0.000000e+00	   0.000000e+00	   0.000000e+00	   0.000000e+00	   0.000000e+00	   0.000000e+00	   0.000000e+00	   0.000000e+00	   0.000000e+00	   0.000000e+00	   0.000000e+00	   0.000000e+00	   0.000000e+00	   0.000000e+00	   0.000000e+00	   0.000000e+00	   0.000000e+00	   0.000000e+00	   0.000000e+00	   0.000000e+00	   0.000000e+00	   0.000000e+00	   0.000000e+00	   0.000000e+00	   0.000000e+00	   0.000000e+00	   1.000000e+00	   0.000000e+00	   0.000000e+00	   0.000000e+00	   0.000000e+00	   0.000000e+00	   0.000000e+00	   0.000000e+00	   0.000000e+00	   0.000000e+00	   0.000000e+00	   0.000000e+00	   0.000000e+00	   0.000000e+00	   0.000000e+00	   0.000000e+00	   0.000000e+00	   0.000000e+00	   0.000000e+00	   0.000000e+00	   0.000000e+00	   0.000000e+00	   0.000000e+00	   0.000000e+00	   0.000000e+00	   0.000000e+00	   0.000000e+00	   0.000000e+00	   0.000000e+00	   0.000000e+00	   0.000000e+00	   0.000000e+00	   0.000000e+00	   0.000000e+00	   0.000000e+00	   0.000000e+00	   0.000000e+00	   2.026500e+06
   6.312625e-06	   4.500000e+02	   0.000000e+00	   0.000000e+00	   0.000000e+00	   0.000000e+00	   0.000000e+00	   0.000000e+00	   0.000000e+00	   0.000000e+00	   0.000000e+00	   0.000000e+00	   0.000000e+00	   0.000000e+00	   0.000000e+00	   0.000000e+00	   0.000000e+00	   0.000000e+00	   0.000000e+00	   0.000000e+00	   0.000000e+00	   0.000000e+00	   0.000000e+00	   0.000000e+00	   0.000000e+00	   0.000000e+00	   0.000000e+00	   0.000000e+00	   0.000000e+00	   0.000000e+00	   0.000000e+00	   0.000000e+00	   0.000000e+00	   0.000000e+00	   0.000000e+00	   0.000000e+00	   0.000000e+00	   0.000000e+00	   0.000000e+00	   1.000000e+00	   0.000000e+00	   0.000000e+00	   0.000000e+00	   0.000000e+00	   0.000000e+00	   0.000000e+00	   0.000000e+00	   0.000000e+00	   0.000000e+00	   0.000000e+00	   0.000000e+00	   0.000000e+00	   0.000000e+00	   0.000000e+00	   0.000000e+00	   0.000000e+00	   0.000000e+00	   0.000000e+00	   0.000000e+00	   0.000000e+00	   0.000000e+00	   0.000000e+00	   0.000000e+00	   0.000000e+00	   0.000000e+00	   0.000000e+00	   0.000000e+00	   0.000000e+00	   0.000000e+00	   0.000000e+00	   0.000000e+00	   0.000000e+00	   0.000000e+00	   0.000000e+00	   0.000000e+00	   0.000000e+00	   2.026500e+06
   6.412826e-06	   4.500000e+02	   0.000000e+00	   0.000000e+00	   0.000000e+00	   0.000000e+00	   0.000000e+00	   0.000000e+00	   0.000000e+00	   0.000000e+00	   0.000000e+00	   0.000000e+00	   0.000000e+00	   0.000000e+00	   0.000000e+00	   0.000000e+00	   0.000000e+00	   0.000000e+00	   0.000000e+00	   0.000000e+00	   0.000000e+00	   0.000000e+00	   0.000000e+00	   0.000000e+00	   0.000000e+00	   0.000000e+00	   0.000000e+00	   0.000000e+00	   0.000000e+00	   0.000000e+00	   0.000000e+00	   0.000000e+00	   0.000000e+00	   0.000000e+00	   0.000000e+00	   0.000000e+00	   0.000000e+00	   0.000000e+00	   0.000000e+00	   1.000000e+00	   0.000000e+00	   0.000000e+00	   0.000000e+00	   0.000000e+00	   0.000000e+00	   0.000000e+00	   0.000000e+00	   0.000000e+00	   0.000000e+00	   0.000000e+00	   0.000000e+00	   0.000000e+00	   0.000000e+00	   0.000000e+00	   0.000000e+00	   0.000000e+00	   0.000000e+00	   0.000000e+00	   0.000000e+00	   0.000000e+00	   0.000000e+00	   0.000000e+00	   0.000000e+00	   0.000000e+00	   0.000000e+00	   0.000000e+00	   0.000000e+00	   0.000000e+00	   0.000000e+00	   0.000000e+00	   0.000000e+00	   0.000000e+00	   0.000000e+00	   0.000000e+00	   0.000000e+00	   0.000000e+00	   2.026500e+06
   6.513026e-06	   4.500000e+02	   0.000000e+00	   0.000000e+00	   0.000000e+00	   0.000000e+00	   0.000000e+00	   0.000000e+00	   0.000000e+00	   0.000000e+00	   0.000000e+00	   0.000000e+00	   0.000000e+00	   0.000000e+00	   0.000000e+00	   0.000000e+00	   0.000000e+00	   0.000000e+00	   0.000000e+00	   0.000000e+00	   0.000000e+00	   0.000000e+00	   0.000000e+00	   0.000000e+00	   0.000000e+00	   0.000000e+00	   0.000000e+00	   0.000000e+00	   0.000000e+00	   0.000000e+00	   0.000000e+00	   0.000000e+00	   0.000000e+00	   0.000000e+00	   0.000000e+00	   0.000000e+00	   0.000000e+00	   0.000000e+00	   0.000000e+00	   1.000000e+00	   0.000000e+00	   0.000000e+00	   0.000000e+00	   0.000000e+00	   0.000000e+00	   0.000000e+00	   0.000000e+00	   0.000000e+00	   0.000000e+00	   0.000000e+00	   0.000000e+00	   0.000000e+00	   0.000000e+00	   0.000000e+00	   0.000000e+00	   0.000000e+00	   0.000000e+00	   0.000000e+00	   0.000000e+00	   0.000000e+00	   0.000000e+00	   0.000000e+00	   0.000000e+00	   0.000000e+00	   0.000000e+00	   0.000000e+00	   0.000000e+00	   0.000000e+00	   0.000000e+00	   0.000000e+00	   0.000000e+00	   0.000000e+00	   0.000000e+00	   0.000000e+00	   0.000000e+00	   0.000000e+00	   2.026500e+06
   6.613226e-06	   4.500000e+02	   0.000000e+00	   0.000000e+00	   0.000000e+00	   0.000000e+00	   0.000000e+00	   0.000000e+00	   0.000000e+00	   0.000000e+00	   0.000000e+00	   0.000000e+00	   0.000000e+00	   0.000000e+00	   0.000000e+00	   0.000000e+00	   0.000000e+00	   0.000000e+00	   0.000000e+00	   0.000000e+00	   0.000000e+00	   0.000000e+00	   0.000000e+00	   0.000000e+00	   0.000000e+00	   0.000000e+00	   0.000000e+00	   0.000000e+00	   0.000000e+00	   0.000000e+00	   0.000000e+00	   0.000000e+00	   0.000000e+00	   0.000000e+00	   0.000000e+00	   0.000000e+00	   0.000000e+00	   0.000000e+00	   0.000000e+00	   1.000000e+00	   0.000000e+00	   0.000000e+00	   0.000000e+00	   0.000000e+00	   0.000000e+00	   0.000000e+00	   0.000000e+00	   0.000000e+00	   0.000000e+00	   0.000000e+00	   0.000000e+00	   0.000000e+00	   0.000000e+00	   0.000000e+00	   0.000000e+00	   0.000000e+00	   0.000000e+00	   0.000000e+00	   0.000000e+00	   0.000000e+00	   0.000000e+00	   0.000000e+00	   0.000000e+00	   0.000000e+00	   0.000000e+00	   0.000000e+00	   0.000000e+00	   0.000000e+00	   0.000000e+00	   0.000000e+00	   0.000000e+00	   0.000000e+00	   0.000000e+00	   0.000000e+00	   0.000000e+00	   0.000000e+00	   2.026500e+06
   6.713427e-06	   4.500000e+02	   0.000000e+00	   0.000000e+00	   0.000000e+00	   0.000000e+00	   0.000000e+00	   0.000000e+00	   0.000000e+00	   0.000000e+00	   0.000000e+00	   0.000000e+00	   0.000000e+00	   0.000000e+00	   0.000000e+00	   0.000000e+00	   0.000000e+00	   0.000000e+00	   0.000000e+00	   0.000000e+00	   0.000000e+00	   0.000000e+00	   0.000000e+00	   0.000000e+00	   0.000000e+00	   0.000000e+00	   0.000000e+00	   0.000000e+00	   0.000000e+00	   0.000000e+00	   0.000000e+00	   0.000000e+00	   0.000000e+00	   0.000000e+00	   0.000000e+00	   0.000000e+00	   0.000000e+00	   0.000000e+00	   0.000000e+00	   1.000000e+00	   0.000000e+00	   0.000000e+00	   0.000000e+00	   0.000000e+00	   0.000000e+00	   0.000000e+00	   0.000000e+00	   0.000000e+00	   0.000000e+00	   0.000000e+00	   0.000000e+00	   0.000000e+00	   0.000000e+00	   0.000000e+00	   0.000000e+00	   0.000000e+00	   0.000000e+00	   0.000000e+00	   0.000000e+00	   0.000000e+00	   0.000000e+00	   0.000000e+00	   0.000000e+00	   0.000000e+00	   0.000000e+00	   0.000000e+00	   0.000000e+00	   0.000000e+00	   0.000000e+00	   0.000000e+00	   0.000000e+00	   0.000000e+00	   0.000000e+00	   0.000000e+00	   0.000000e+00	   0.000000e+00	   2.026500e+06
   6.813627e-06	   4.500000e+02	   0.000000e+00	   0.000000e+00	   0.000000e+00	   0.000000e+00	   0.000000e+00	   0.000000e+00	   0.000000e+00	   0.000000e+00	   0.000000e+00	   0.000000e+00	   0.000000e+00	   0.000000e+00	   0.000000e+00	   0.000000e+00	   0.000000e+00	   0.000000e+00	   0.000000e+00	   0.000000e+00	   0.000000e+00	   0.000000e+00	   0.000000e+00	   0.000000e+00	   0.000000e+00	   0.000000e+00	   0.000000e+00	   0.000000e+00	   0.000000e+00	   0.000000e+00	   0.000000e+00	   0.000000e+00	   0.000000e+00	   0.000000e+00	   0.000000e+00	   0.000000e+00	   0.000000e+00	   0.000000e+00	   0.000000e+00	   1.000000e+00	   0.000000e+00	   0.000000e+00	   0.000000e+00	   0.000000e+00	   0.000000e+00	   0.000000e+00	   0.000000e+00	   0.000000e+00	   0.000000e+00	   0.000000e+00	   0.000000e+00	   0.000000e+00	   0.000000e+00	   0.000000e+00	   0.000000e+00	   0.000000e+00	   0.000000e+00	   0.000000e+00	   0.000000e+00	   0.000000e+00	   0.000000e+00	   0.000000e+00	   0.000000e+00	   0.000000e+00	   0.000000e+00	   0.000000e+00	   0.000000e+00	   0.000000e+00	   0.000000e+00	   0.000000e+00	   0.000000e+00	   0.000000e+00	   0.000000e+00	   0.000000e+00	   0.000000e+00	   0.000000e+00	   2.026500e+06
   6.913828e-06	   4.500000e+02	   0.000000e+00	   0.000000e+00	   0.000000e+00	   0.000000e+00	   0.000000e+00	   0.000000e+00	   0.000000e+00	   0.000000e+00	   0.000000e+00	   0.000000e+00	   0.000000e+00	   0.000000e+00	   0.000000e+00	   0.000000e+00	   0.000000e+00	   0.000000e+00	   0.000000e+00	   0.000000e+00	   0.000000e+00	   0.000000e+00	   0.000000e+00	   0.000000e+00	   0.000000e+00	   0.000000e+00	   0.000000e+00	   0.000000e+00	   0.000000e+00	   0.000000e+00	   0.000000e+00	   0.000000e+00	   0.000000e+00	   0.000000e+00	   0.000000e+00	   0.000000e+00	   0.000000e+00	   0.000000e+00	   0.000000e+00	   1.000000e+00	   0.000000e+00	   0.000000e+00	   0.000000e+00	   0.000000e+00	   0.000000e+00	   0.000000e+00	   0.000000e+00	   0.000000e+00	   0.000000e+00	   0.000000e+00	   0.000000e+00	   0.000000e+00	   0.000000e+00	   0.000000e+00	   0.000000e+00	   0.000000e+00	   0.000000e+00	   0.000000e+00	   0.000000e+00	   0.000000e+00	   0.000000e+00	   0.000000e+00	   0.000000e+00	   0.000000e+00	   0.000000e+00	   0.000000e+00	   0.000000e+00	   0.000000e+00	   0.000000e+00	   0.000000e+00	   0.000000e+00	   0.000000e+00	   0.000000e+00	   0.000000e+00	   0.000000e+00	   0.000000e+00	   2.026500e+06
   7.014028e-06	   4.500000e+02	   0.000000e+00	   0.000000e+00	   0.000000e+00	   0.000000e+00	   0.000000e+00	   0.000000e+00	   0.000000e+00	   0.000000e+00	   0.000000e+00	   0.000000e+00	   0.000000e+00	   0.000000e+00	   0.000000e+00	   0.000000e+00	   0.000000e+00	   0.000000e+00	   0.000000e+00	   0.000000e+00	   0.000000e+00	   0.000000e+00	   0.000000e+00	   0.000000e+00	   0.000000e+00	   0.000000e+00	   0.000000e+00	   0.000000e+00	   0.000000e+00	   0.000000e+00	   0.000000e+00	   0.000000e+00	   0.000000e+00	   0.000000e+00	   0.000000e+00	   0.000000e+00	   0.000000e+00	   0.000000e+00	   0.000000e+00	   1.000000e+00	   0.000000e+00	   0.000000e+00	   0.000000e+00	   0.000000e+00	   0.000000e+00	   0.000000e+00	   0.000000e+00	   0.000000e+00	   0.000000e+00	   0.000000e+00	   0.000000e+00	   0.000000e+00	   0.000000e+00	   0.000000e+00	   0.000000e+00	   0.000000e+00	   0.000000e+00	   0.000000e+00	   0.000000e+00	   0.000000e+00	   0.000000e+00	   0.000000e+00	   0.000000e+00	   0.000000e+00	   0.000000e+00	   0.000000e+00	   0.000000e+00	   0.000000e+00	   0.000000e+00	   0.000000e+00	   0.000000e+00	   0.000000e+00	   0.000000e+00	   0.000000e+00	   0.000000e+00	   0.000000e+00	   2.026500e+06
   7.114228e-06	   4.500000e+02	   0.000000e+00	   0.000000e+00	   0.000000e+00	   0.000000e+00	   0.000000e+00	   0.000000e+00	   0.000000e+00	   0.000000e+00	   0.000000e+00	   0.000000e+00	   0.000000e+00	   0.000000e+00	   0.000000e+00	   0.000000e+00	   0.000000e+00	   0.000000e+00	   0.000000e+00	   0.000000e+00	   0.000000e+00	   0.000000e+00	   0.000000e+00	   0.000000e+00	   0.000000e+00	   0.000000e+00	   0.000000e+00	   0.000000e+00	   0.000000e+00	   0.000000e+00	   0.000000e+00	   0.000000e+00	   0.000000e+00	   0.000000e+00	   0.000000e+00	   0.000000e+00	   0.000000e+00	   0.000000e+00	   0.000000e+00	   1.000000e+00	   0.000000e+00	   0.000000e+00	   0.000000e+00	   0.000000e+00	   0.000000e+00	   0.000000e+00	   0.000000e+00	   0.000000e+00	   0.000000e+00	   0.000000e+00	   0.000000e+00	   0.000000e+00	   0.000000e+00	   0.000000e+00	   0.000000e+00	   0.000000e+00	   0.000000e+00	   0.000000e+00	   0.000000e+00	   0.000000e+00	   0.000000e+00	   0.000000e+00	   0.000000e+00	   0.000000e+00	   0.000000e+00	   0.000000e+00	   0.000000e+00	   0.000000e+00	   0.000000e+00	   0.000000e+00	   0.000000e+00	   0.000000e+00	   0.000000e+00	   0.000000e+00	   0.000000e+00	   0.000000e+00	   2.026500e+06
   7.214429e-06	   4.500000e+02	   0.000000e+00	   0.000000e+00	   0.000000e+00	   0.000000e+00	   0.000000e+00	   0.000000e+00	   0.000000e+00	   0.000000e+00	   0.000000e+00	   0.000000e+00	   0.000000e+00	   0.000000e+00	   0.000000e+00	   0.000000e+00	   0.000000e+00	   0.000000e+00	   0.000000e+00	   0.000000e+00	   0.000000e+00	   0.000000e+00	   0.000000e+00	   0.000000e+00	   0.000000e+00	   0.000000e+00	   0.000000e+00	   0.000000e+00	   0.000000e+00	   0.000000e+00	   0.000000e+00	   0.000000e+00	   0.000000e+00	   0.000000e+00	   0.000000e+00	   0.000000e+00	   0.000000e+00	   0.000000e+00	   0.000000e+00	   1.000000e+00	   0.000000e+00	   0.000000e+00	   0.000000e+00	   0.000000e+00	   0.000000e+00	   0.000000e+00	   0.000000e+00	   0.000000e+00	   0.000000e+00	   0.000000e+00	   0.000000e+00	   0.000000e+00	   0.000000e+00	   0.000000e+00	   0.000000e+00	   0.000000e+00	   0.000000e+00	   0.000000e+00	   0.000000e+00	   0.000000e+00	   0.000000e+00	   0.000000e+00	   0.000000e+00	   0.000000e+00	   0.000000e+00	   0.000000e+00	   0.000000e+00	   0.000000e+00	   0.000000e+00	   0.000000e+00	   0.000000e+00	   0.000000e+00	   0.000000e+00	   0.000000e+00	   0.000000e+00	   0.000000e+00	   2.026500e+06
   7.314629e-06	   4.500000e+02	   0.000000e+00	   0.000000e+00	   0.000000e+00	   0.000000e+00	   0.000000e+00	   0.000000e+00	   0.000000e+00	   0.000000e+00	   0.000000e+00	   0.000000e+00	   0.000000e+00	   0.000000e+00	   0.000000e+00	   0.000000e+00	   0.000000e+00	   0.000000e+00	   0.000000e+00	   0.000000e+00	   0.000000e+00	   0.000000e+00	   0.000000e+00	   0.000000e+00	   0.000000e+00	   0.000000e+00	   0.000000e+00	   0.000000e+00	   0.000000e+00	   0.000000e+00	   0.000000e+00	   0.000000e+00	   0.000000e+00	   0.000000e+00	   0.000000e+00	   0.000000e+00	   0.000000e+00	   0.000000e+00	   0.000000e+00	   1.000000e+00	   0.000000e+00	   0.000000e+00	   0.000000e+00	   0.000000e+00	   0.000000e+00	   0.000000e+00	   0.000000e+00	   0.000000e+00	   0.000000e+00	   0.000000e+00	   0.000000e+00	   0.000000e+00	   0.000000e+00	   0.000000e+00	   0.000000e+00	   0.000000e+00	   0.000000e+00	   0.000000e+00	   0.000000e+00	   0.000000e+00	   0.000000e+00	   0.000000e+00	   0.000000e+00	   0.000000e+00	   0.000000e+00	   0.000000e+00	   0.000000e+00	   0.000000e+00	   0.000000e+00	   0.000000e+00	   0.000000e+00	   0.000000e+00	   0.000000e+00	   0.000000e+00	   0.000000e+00	   0.000000e+00	   2.026500e+06
   7.414830e-06	   4.500000e+02	   0.000000e+00	   0.000000e+00	   0.000000e+00	   0.000000e+00	   0.000000e+00	   0.000000e+00	   0.000000e+00	   0.000000e+00	   0.000000e+00	   0.000000e+00	   0.000000e+00	   0.000000e+00	   0.000000e+00	   0.000000e+00	   0.000000e+00	   0.000000e+00	   0.000000e+00	   0.000000e+00	   0.000000e+00	   0.000000e+00	   0.000000e+00	   0.000000e+00	   0.000000e+00	   0.000000e+00	   0.000000e+00	   0.000000e+00	   0.000000e+00	   0.000000e+00	   0.000000e+00	   0.000000e+00	   0.000000e+00	   0.000000e+00	   0.000000e+00	   0.000000e+00	   0.000000e+00	   0.000000e+00	   0.000000e+00	   1.000000e+00	   0.000000e+00	   0.000000e+00	   0.000000e+00	   0.000000e+00	   0.000000e+00	   0.000000e+00	   0.000000e+00	   0.000000e+00	   0.000000e+00	   0.000000e+00	   0.000000e+00	   0.000000e+00	   0.000000e+00	   0.000000e+00	   0.000000e+00	   0.000000e+00	   0.000000e+00	   0.000000e+00	   0.000000e+00	   0.000000e+00	   0.000000e+00	   0.000000e+00	   0.000000e+00	   0.000000e+00	   0.000000e+00	   0.000000e+00	   0.000000e+00	   0.000000e+00	   0.000000e+00	   0.000000e+00	   0.000000e+00	   0.000000e+00	   0.000000e+00	   0.000000e+00	   0.000000e+00	   0.000000e+00	   2.026500e+06
   7.515030e-06	   4.500000e+02	   0.000000e+00	   0.000000e+00	   0.000000e+00	   0.000000e+00	   0.000000e+00	   0.000000e+00	   0.000000e+00	   0.000000e+00	   0.000000e+00	   0.000000e+00	   0.000000e+00	   0.000000e+00	   0.000000e+00	   0.000000e+00	   0.000000e+00	   0.000000e+00	   0.000000e+00	   0.000000e+00	   0.000000e+00	   0.000000e+00	   0.000000e+00	   0.000000e+00	   0.000000e+00	   0.000000e+00	   0.000000e+00	   0.000000e+00	   0.000000e+00	   0.000000e+00	   0.000000e+00	   0.000000e+00	   0.000000e+00	   0.000000e+00	   0.000000e+00	   0.000000e+00	   0.000000e+00	   0.000000e+00	   0.000000e+00	   1.000000e+00	   0.000000e+00	   0.000000e+00	   0.000000e+00	   0.000000e+00	   0.000000e+00	   0.000000e+00	   0.000000e+00	   0.000000e+00	   0.000000e+00	   0.000000e+00	   0.000000e+00	   0.000000e+00	   0.000000e+00	   0.000000e+00	   0.000000e+00	   0.000000e+00	   0.000000e+00	   0.000000e+00	   0.000000e+00	   0.000000e+00	   0.000000e+00	   0.000000e+00	   0.000000e+00	   0.000000e+00	   0.000000e+00	   0.000000e+00	   0.000000e+00	   0.000000e+00	   0.000000e+00	   0.000000e+00	   0.000000e+00	   0.000000e+00	   0.000000e+00	   0.000000e+00	   0.000000e+00	   0.000000e+00	   2.026500e+06
   7.615230e-06	   4.500000e+02	   0.000000e+00	   0.000000e+00	   0.000000e+00	   0.000000e+00	   0.000000e+00	   0.000000e+00	   0.000000e+00	   0.000000e+00	   0.000000e+00	   0.000000e+00	   0.000000e+00	   0.000000e+00	   0.000000e+00	   0.000000e+00	   0.000000e+00	   0.000000e+00	   0.000000e+00	   0.000000e+00	   0.000000e+00	   0.000000e+00	   0.000000e+00	   0.000000e+00	   0.000000e+00	   0.000000e+00	   0.000000e+00	   0.000000e+00	   0.000000e+00	   0.000000e+00	   0.000000e+00	   0.000000e+00	   0.000000e+00	   0.000000e+00	   0.000000e+00	   0.000000e+00	   0.000000e+00	   0.000000e+00	   0.000000e+00	   1.000000e+00	   0.000000e+00	   0.000000e+00	   0.000000e+00	   0.000000e+00	   0.000000e+00	   0.000000e+00	   0.000000e+00	   0.000000e+00	   0.000000e+00	   0.000000e+00	   0.000000e+00	   0.000000e+00	   0.000000e+00	   0.000000e+00	   0.000000e+00	   0.000000e+00	   0.000000e+00	   0.000000e+00	   0.000000e+00	   0.000000e+00	   0.000000e+00	   0.000000e+00	   0.000000e+00	   0.000000e+00	   0.000000e+00	   0.000000e+00	   0.000000e+00	   0.000000e+00	   0.000000e+00	   0.000000e+00	   0.000000e+00	   0.000000e+00	   0.000000e+00	   0.000000e+00	   0.000000e+00	   0.000000e+00	   2.026500e+06
   7.715431e-06	   4.500000e+02	   0.000000e+00	   0.000000e+00	   0.000000e+00	   0.000000e+00	   0.000000e+00	   0.000000e+00	   0.000000e+00	   0.000000e+00	   0.000000e+00	   0.000000e+00	   0.000000e+00	   0.000000e+00	   0.000000e+00	   0.000000e+00	   0.000000e+00	   0.000000e+00	   0.000000e+00	   0.000000e+00	   0.000000e+00	   0.000000e+00	   0.000000e+00	   0.000000e+00	   0.000000e+00	   0.000000e+00	   0.000000e+00	   0.000000e+00	   0.000000e+00	   0.000000e+00	   0.000000e+00	   0.000000e+00	   0.000000e+00	   0.000000e+00	   0.000000e+00	   0.000000e+00	   0.000000e+00	   0.000000e+00	   0.000000e+00	   1.000000e+00	   0.000000e+00	   0.000000e+00	   0.000000e+00	   0.000000e+00	   0.000000e+00	   0.000000e+00	   0.000000e+00	   0.000000e+00	   0.000000e+00	   0.000000e+00	   0.000000e+00	   0.000000e+00	   0.000000e+00	   0.000000e+00	   0.000000e+00	   0.000000e+00	   0.000000e+00	   0.000000e+00	   0.000000e+00	   0.000000e+00	   0.000000e+00	   0.000000e+00	   0.000000e+00	   0.000000e+00	   0.000000e+00	   0.000000e+00	   0.000000e+00	   0.000000e+00	   0.000000e+00	   0.000000e+00	   0.000000e+00	   0.000000e+00	   0.000000e+00	   0.000000e+00	   0.000000e+00	   0.000000e+00	   2.026500e+06
   7.815631e-06	   4.500000e+02	   0.000000e+00	   0.000000e+00	   0.000000e+00	   0.000000e+00	   0.000000e+00	   0.000000e+00	   0.000000e+00	   0.000000e+00	   0.000000e+00	   0.000000e+00	   0.000000e+00	   0.000000e+00	   0.000000e+00	   0.000000e+00	   0.000000e+00	   0.000000e+00	   0.000000e+00	   0.000000e+00	   0.000000e+00	   0.000000e+00	   0.000000e+00	   0.000000e+00	   0.000000e+00	   0.000000e+00	   0.000000e+00	   0.000000e+00	   0.000000e+00	   0.000000e+00	   0.000000e+00	   0.000000e+00	   0.000000e+00	   0.000000e+00	   0.000000e+00	   0.000000e+00	   0.000000e+00	   0.000000e+00	   0.000000e+00	   1.000000e+00	   0.000000e+00	   0.000000e+00	   0.000000e+00	   0.000000e+00	   0.000000e+00	   0.000000e+00	   0.000000e+00	   0.000000e+00	   0.000000e+00	   0.000000e+00	   0.000000e+00	   0.000000e+00	   0.000000e+00	   0.000000e+00	   0.000000e+00	   0.000000e+00	   0.000000e+00	   0.000000e+00	   0.000000e+00	   0.000000e+00	   0.000000e+00	   0.000000e+00	   0.000000e+00	   0.000000e+00	   0.000000e+00	   0.000000e+00	   0.000000e+00	   0.000000e+00	   0.000000e+00	   0.000000e+00	   0.000000e+00	   0.000000e+00	   0.000000e+00	   0.000000e+00	   0.000000e+00	   0.000000e+00	   2.026500e+06
   7.915832e-06	   4.500000e+02	   0.000000e+00	   0.000000e+00	   0.000000e+00	   0.000000e+00	   0.000000e+00	   0.000000e+00	   0.000000e+00	   0.000000e+00	   0.000000e+00	   0.000000e+00	   0.000000e+00	   0.000000e+00	   0.000000e+00	   0.000000e+00	   0.000000e+00	   0.000000e+00	   0.000000e+00	   0.000000e+00	   0.000000e+00	   0.000000e+00	   0.000000e+00	   0.000000e+00	   0.000000e+00	   0.000000e+00	   0.000000e+00	   0.000000e+00	   0.000000e+00	   0.000000e+00	   0.000000e+00	   0.000000e+00	   0.000000e+00	   0.000000e+00	   0.000000e+00	   0.000000e+00	   0.000000e+00	   0.000000e+00	   0.000000e+00	   1.000000e+00	   0.000000e+00	   0.000000e+00	   0.000000e+00	   0.000000e+00	   0.000000e+00	   0.000000e+00	   0.000000e+00	   0.000000e+00	   0.000000e+00	   0.000000e+00	   0.000000e+00	   0.000000e+00	   0.000000e+00	   0.000000e+00	   0.000000e+00	   0.000000e+00	   0.000000e+00	   0.000000e+00	   0.000000e+00	   0.000000e+00	   0.000000e+00	   0.000000e+00	   0.000000e+00	   0.000000e+00	   0.000000e+00	   0.000000e+00	   0.000000e+00	   0.000000e+00	   0.000000e+00	   0.000000e+00	   0.000000e+00	   0.000000e+00	   0.000000e+00	   0.000000e+00	   0.000000e+00	   0.000000e+00	   2.026500e+06
   8.016032e-06	   4.500000e+02	   0.000000e+00	   0.000000e+00	   0.000000e+00	   0.000000e+00	   0.000000e+00	   0.000000e+00	   0.000000e+00	   0.000000e+00	   0.000000e+00	   0.000000e+00	   0.000000e+00	   0.000000e+00	   0.000000e+00	   0.000000e+00	   0.000000e+00	   0.000000e+00	   0.000000e+00	   0.000000e+00	   0.000000e+00	   0.000000e+00	   0.000000e+00	   0.000000e+00	   0.000000e+00	   0.000000e+00	   0.000000e+00	   0.000000e+00	   0.000000e+00	   0.000000e+00	   0.000000e+00	   0.000000e+00	   0.000000e+00	   0.000000e+00	   0.000000e+00	   0.000000e+00	   0.000000e+00	   0.000000e+00	   0.000000e+00	   1.000000e+00	   0.000000e+00	   0.000000e+00	   0.000000e+00	   0.000000e+00	   0.000000e+00	   0.000000e+00	   0.000000e+00	   0.000000e+00	   0.000000e+00	   0.000000e+00	   0.000000e+00	   0.000000e+00	   0.000000e+00	   0.000000e+00	   0.000000e+00	   0.000000e+00	   0.000000e+00	   0.000000e+00	   0.000000e+00	   0.000000e+00	   0.000000e+00	   0.000000e+00	   0.000000e+00	   0.000000e+00	   0.000000e+00	   0.000000e+00	   0.000000e+00	   0.000000e+00	   0.000000e+00	   0.000000e+00	   0.000000e+00	   0.000000e+00	   0.000000e+00	   0.000000e+00	   0.000000e+00	   0.000000e+00	   2.026500e+06
   8.116232e-06	   4.500000e+02	   0.000000e+00	   0.000000e+00	   0.000000e+00	   0.000000e+00	   0.000000e+00	   0.000000e+00	   0.000000e+00	   0.000000e+00	   0.000000e+00	   0.000000e+00	   0.000000e+00	   0.000000e+00	   0.000000e+00	   0.000000e+00	   0.000000e+00	   0.000000e+00	   0.000000e+00	   0.000000e+00	   0.000000e+00	   0.000000e+00	   0.000000e+00	   0.000000e+00	   0.000000e+00	   0.000000e+00	   0.000000e+00	   0.000000e+00	   0.000000e+00	   0.000000e+00	   0.000000e+00	   0.000000e+00	   0.000000e+00	   0.000000e+00	   0.000000e+00	   0.000000e+00	   0.000000e+00	   0.000000e+00	   0.000000e+00	   1.000000e+00	   0.000000e+00	   0.000000e+00	   0.000000e+00	   0.000000e+00	   0.000000e+00	   0.000000e+00	   0.000000e+00	   0.000000e+00	   0.000000e+00	   0.000000e+00	   0.000000e+00	   0.000000e+00	   0.000000e+00	   0.000000e+00	   0.000000e+00	   0.000000e+00	   0.000000e+00	   0.000000e+00	   0.000000e+00	   0.000000e+00	   0.000000e+00	   0.000000e+00	   0.000000e+00	   0.000000e+00	   0.000000e+00	   0.000000e+00	   0.000000e+00	   0.000000e+00	   0.000000e+00	   0.000000e+00	   0.000000e+00	   0.000000e+00	   0.000000e+00	   0.000000e+00	   0.000000e+00	   0.000000e+00	   2.026500e+06
   8.216433e-06	   4.500000e+02	   0.000000e+00	   0.000000e+00	   0.000000e+00	   0.000000e+00	   0.000000e+00	   0.000000e+00	   0.000000e+00	   0.000000e+00	   0.000000e+00	   0.000000e+00	   0.000000e+00	   0.000000e+00	   0.000000e+00	   0.000000e+00	   0.000000e+00	   0.000000e+00	   0.000000e+00	   0.000000e+00	   0.000000e+00	   0.000000e+00	   0.000000e+00	   0.000000e+00	   0.000000e+00	   0.000000e+00	   0.000000e+00	   0.000000e+00	   0.000000e+00	   0.000000e+00	   0.000000e+00	   0.000000e+00	   0.000000e+00	   0.000000e+00	   0.000000e+00	   0.000000e+00	   0.000000e+00	   0.000000e+00	   0.000000e+00	   1.000000e+00	   0.000000e+00	   0.000000e+00	   0.000000e+00	   0.000000e+00	   0.000000e+00	   0.000000e+00	   0.000000e+00	   0.000000e+00	   0.000000e+00	   0.000000e+00	   0.000000e+00	   0.000000e+00	   0.000000e+00	   0.000000e+00	   0.000000e+00	   0.000000e+00	   0.000000e+00	   0.000000e+00	   0.000000e+00	   0.000000e+00	   0.000000e+00	   0.000000e+00	   0.000000e+00	   0.000000e+00	   0.000000e+00	   0.000000e+00	   0.000000e+00	   0.000000e+00	   0.000000e+00	   0.000000e+00	   0.000000e+00	   0.000000e+00	   0.000000e+00	   0.000000e+00	   0.000000e+00	   0.000000e+00	   2.026500e+06
   8.316633e-06	   4.500000e+02	   0.000000e+00	   0.000000e+00	   0.000000e+00	   0.000000e+00	   0.000000e+00	   0.000000e+00	   0.000000e+00	   0.000000e+00	   0.000000e+00	   0.000000e+00	   0.000000e+00	   0.000000e+00	   0.000000e+00	   0.000000e+00	   0.000000e+00	   0.000000e+00	   0.000000e+00	   0.000000e+00	   0.000000e+00	   0.000000e+00	   0.000000e+00	   0.000000e+00	   0.000000e+00	   0.000000e+00	   0.000000e+00	   0.000000e+00	   0.000000e+00	   0.000000e+00	   0.000000e+00	   0.000000e+00	   0.000000e+00	   0.000000e+00	   0.000000e+00	   0.000000e+00	   0.000000e+00	   0.000000e+00	   0.000000e+00	   1.000000e+00	   0.000000e+00	   0.000000e+00	   0.000000e+00	   0.000000e+00	   0.000000e+00	   0.000000e+00	   0.000000e+00	   0.000000e+00	   0.000000e+00	   0.000000e+00	   0.000000e+00	   0.000000e+00	   0.000000e+00	   0.000000e+00	   0.000000e+00	   0.000000e+00	   0.000000e+00	   0.000000e+00	   0.000000e+00	   0.000000e+00	   0.000000e+00	   0.000000e+00	   0.000000e+00	   0.000000e+00	   0.000000e+00	   0.000000e+00	   0.000000e+00	   0.000000e+00	   0.000000e+00	   0.000000e+00	   0.000000e+00	   0.000000e+00	   0.000000e+00	   0.000000e+00	   0.000000e+00	   0.000000e+00	   2.026500e+06
   8.416834e-06	   4.500000e+02	   0.000000e+00	   0.000000e+00	   0.000000e+00	   0.000000e+00	   0.000000e+00	   0.000000e+00	   0.000000e+00	   0.000000e+00	   0.000000e+00	   0.000000e+00	   0.000000e+00	   0.000000e+00	   0.000000e+00	   0.000000e+00	   0.000000e+00	   0.000000e+00	   0.000000e+00	   0.000000e+00	   0.000000e+00	   0.000000e+00	   0.000000e+00	   0.000000e+00	   0.000000e+00	   0.000000e+00	   0.000000e+00	   0.000000e+00	   0.000000e+00	   0.000000e+00	   0.000000e+00	   0.000000e+00	   0.000000e+00	   0.000000e+00	   0.000000e+00	   0.000000e+00	   0.000000e+00	   0.000000e+00	   0.000000e+00	   1.000000e+00	   0.000000e+00	   0.000000e+00	   0.000000e+00	   0.000000e+00	   0.000000e+00	   0.000000e+00	   0.000000e+00	   0.000000e+00	   0.000000e+00	   0.000000e+00	   0.000000e+00	   0.000000e+00	   0.000000e+00	   0.000000e+00	   0.000000e+00	   0.000000e+00	   0.000000e+00	   0.000000e+00	   0.000000e+00	   0.000000e+00	   0.000000e+00	   0.000000e+00	   0.000000e+00	   0.000000e+00	   0.000000e+00	   0.000000e+00	   0.000000e+00	   0.000000e+00	   0.000000e+00	   0.000000e+00	   0.000000e+00	   0.000000e+00	   0.000000e+00	   0.000000e+00	   0.000000e+00	   0.000000e+00	   2.026500e+06
   8.517034e-06	   4.500000e+02	   0.000000e+00	   0.000000e+00	   0.000000e+00	   0.000000e+00	   0.000000e+00	   0.000000e+00	   0.000000e+00	   0.000000e+00	   0.000000e+00	   0.000000e+00	   0.000000e+00	   0.000000e+00	   0.000000e+00	   0.000000e+00	   0.000000e+00	   0.000000e+00	   0.000000e+00	   0.000000e+00	   0.000000e+00	   0.000000e+00	   0.000000e+00	   0.000000e+00	   0.000000e+00	   0.000000e+00	   0.000000e+00	   0.000000e+00	   0.000000e+00	   0.000000e+00	   0.000000e+00	   0.000000e+00	   0.000000e+00	   0.000000e+00	   0.000000e+00	   0.000000e+00	   0.000000e+00	   0.000000e+00	   0.000000e+00	   1.000000e+00	   0.000000e+00	   0.000000e+00	   0.000000e+00	   0.000000e+00	   0.000000e+00	   0.000000e+00	   0.000000e+00	   0.000000e+00	   0.000000e+00	   0.000000e+00	   0.000000e+00	   0.000000e+00	   0.000000e+00	   0.000000e+00	   0.000000e+00	   0.000000e+00	   0.000000e+00	   0.000000e+00	   0.000000e+00	   0.000000e+00	   0.000000e+00	   0.000000e+00	   0.000000e+00	   0.000000e+00	   0.000000e+00	   0.000000e+00	   0.000000e+00	   0.000000e+00	   0.000000e+00	   0.000000e+00	   0.000000e+00	   0.000000e+00	   0.000000e+00	   0.000000e+00	   0.000000e+00	   0.000000e+00	   2.026500e+06
   8.617234e-06	   4.500000e+02	   0.000000e+00	   0.000000e+00	   0.000000e+00	   0.000000e+00	   0.000000e+00	   0.000000e+00	   0.000000e+00	   0.000000e+00	   0.000000e+00	   0.000000e+00	   0.000000e+00	   0.000000e+00	   0.000000e+00	   0.000000e+00	   0.000000e+00	   0.000000e+00	   0.000000e+00	   0.000000e+00	   0.000000e+00	   0.000000e+00	   0.000000e+00	   0.000000e+00	   0.000000e+00	   0.000000e+00	   0.000000e+00	   0.000000e+00	   0.000000e+00	   0.000000e+00	   0.000000e+00	   0.000000e+00	   0.000000e+00	   0.000000e+00	   0.000000e+00	   0.000000e+00	   0.000000e+00	   0.000000e+00	   0.000000e+00	   1.000000e+00	   0.000000e+00	   0.000000e+00	   0.000000e+00	   0.000000e+00	   0.000000e+00	   0.000000e+00	   0.000000e+00	   0.000000e+00	   0.000000e+00	   0.000000e+00	   0.000000e+00	   0.000000e+00	   0.000000e+00	   0.000000e+00	   0.000000e+00	   0.000000e+00	   0.000000e+00	   0.000000e+00	   0.000000e+00	   0.000000e+00	   0.000000e+00	   0.000000e+00	   0.000000e+00	   0.000000e+00	   0.000000e+00	   0.000000e+00	   0.000000e+00	   0.000000e+00	   0.000000e+00	   0.000000e+00	   0.000000e+00	   0.000000e+00	   0.000000e+00	   0.000000e+00	   0.000000e+00	   0.000000e+00	   2.026500e+06
   8.717435e-06	   4.500000e+02	   0.000000e+00	   0.000000e+00	   0.000000e+00	   0.000000e+00	   0.000000e+00	   0.000000e+00	   0.000000e+00	   0.000000e+00	   0.000000e+00	   0.000000e+00	   0.000000e+00	   0.000000e+00	   0.000000e+00	   0.000000e+00	   0.000000e+00	   0.000000e+00	   0.000000e+00	   0.000000e+00	   0.000000e+00	   0.000000e+00	   0.000000e+00	   0.000000e+00	   0.000000e+00	   0.000000e+00	   0.000000e+00	   0.000000e+00	   0.000000e+00	   0.000000e+00	   0.000000e+00	   0.000000e+00	   0.000000e+00	   0.000000e+00	   0.000000e+00	   0.000000e+00	   0.000000e+00	   0.000000e+00	   0.000000e+00	   1.000000e+00	   0.000000e+00	   0.000000e+00	   0.000000e+00	   0.000000e+00	   0.000000e+00	   0.000000e+00	   0.000000e+00	   0.000000e+00	   0.000000e+00	   0.000000e+00	   0.000000e+00	   0.000000e+00	   0.000000e+00	   0.000000e+00	   0.000000e+00	   0.000000e+00	   0.000000e+00	   0.000000e+00	   0.000000e+00	   0.000000e+00	   0.000000e+00	   0.000000e+00	   0.000000e+00	   0.000000e+00	   0.000000e+00	   0.000000e+00	   0.000000e+00	   0.000000e+00	   0.000000e+00	   0.000000e+00	   0.000000e+00	   0.000000e+00	   0.000000e+00	   0.000000e+00	   0.000000e+00	   0.000000e+00	   2.026500e+06
   8.817635e-06	   4.500000e+02	   0.000000e+00	   0.000000e+00	   0.000000e+00	   0.000000e+00	   0.000000e+00	   0.000000e+00	   0.000000e+00	   0.000000e+00	   0.000000e+00	   0.000000e+00	   0.000000e+00	   0.000000e+00	   0.000000e+00	   0.000000e+00	   0.000000e+00	   0.000000e+00	   0.000000e+00	   0.000000e+00	   0.000000e+00	   0.000000e+00	   0.000000e+00	   0.000000e+00	   0.000000e+00	   0.000000e+00	   0.000000e+00	   0.000000e+00	   0.000000e+00	   0.000000e+00	   0.000000e+00	   0.000000e+00	   0.000000e+00	   0.000000e+00	   0.000000e+00	   0.000000e+00	   0.000000e+00	   0.000000e+00	   0.000000e+00	   1.000000e+00	   0.000000e+00	   0.000000e+00	   0.000000e+00	   0.000000e+00	   0.000000e+00	   0.000000e+00	   0.000000e+00	   0.000000e+00	   0.000000e+00	   0.000000e+00	   0.000000e+00	   0.000000e+00	   0.000000e+00	   0.000000e+00	   0.000000e+00	   0.000000e+00	   0.000000e+00	   0.000000e+00	   0.000000e+00	   0.000000e+00	   0.000000e+00	   0.000000e+00	   0.000000e+00	   0.000000e+00	   0.000000e+00	   0.000000e+00	   0.000000e+00	   0.000000e+00	   0.000000e+00	   0.000000e+00	   0.000000e+00	   0.000000e+00	   0.000000e+00	   0.000000e+00	   0.000000e+00	   0.000000e+00	   2.026500e+06
   8.917836e-06	   4.500000e+02	   0.000000e+00	   0.000000e+00	   0.000000e+00	   0.000000e+00	   0.000000e+00	   0.000000e+00	   0.000000e+00	   0.000000e+00	   0.000000e+00	   0.000000e+00	   0.000000e+00	   0.000000e+00	   0.000000e+00	   0.000000e+00	   0.000000e+00	   0.000000e+00	   0.000000e+00	   0.000000e+00	   0.000000e+00	   0.000000e+00	   0.000000e+00	   0.000000e+00	   0.000000e+00	   0.000000e+00	   0.000000e+00	   0.000000e+00	   0.000000e+00	   0.000000e+00	   0.000000e+00	   0.000000e+00	   0.000000e+00	   0.000000e+00	   0.000000e+00	   0.000000e+00	   0.000000e+00	   0.000000e+00	   0.000000e+00	   1.000000e+00	   0.000000e+00	   0.000000e+00	   0.000000e+00	   0.000000e+00	   0.000000e+00	   0.000000e+00	   0.000000e+00	   0.000000e+00	   0.000000e+00	   0.000000e+00	   0.000000e+00	   0.000000e+00	   0.000000e+00	   0.000000e+00	   0.000000e+00	   0.000000e+00	   0.000000e+00	   0.000000e+00	   0.000000e+00	   0.000000e+00	   0.000000e+00	   0.000000e+00	   0.000000e+00	   0.000000e+00	   0.000000e+00	   0.000000e+00	   0.000000e+00	   0.000000e+00	   0.000000e+00	   0.000000e+00	   0.000000e+00	   0.000000e+00	   0.000000e+00	   0.000000e+00	   0.000000e+00	   0.000000e+00	   2.026500e+06
   9.018036e-06	   4.500000e+02	   0.000000e+00	   0.000000e+00	   0.000000e+00	   0.000000e+00	   0.000000e+00	   0.000000e+00	   0.000000e+00	   0.000000e+00	   0.000000e+00	   0.000000e+00	   0.000000e+00	   0.000000e+00	   0.000000e+00	   0.000000e+00	   0.000000e+00	   0.000000e+00	   0.000000e+00	   0.000000e+00	   0.000000e+00	   0.000000e+00	   0.000000e+00	   0.000000e+00	   0.000000e+00	   0.000000e+00	   0.000000e+00	   0.000000e+00	   0.000000e+00	   0.000000e+00	   0.000000e+00	   0.000000e+00	   0.000000e+00	   0.000000e+00	   0.000000e+00	   0.000000e+00	   0.000000e+00	   0.000000e+00	   0.000000e+00	   1.000000e+00	   0.000000e+00	   0.000000e+00	   0.000000e+00	   0.000000e+00	   0.000000e+00	   0.000000e+00	   0.000000e+00	   0.000000e+00	   0.000000e+00	   0.000000e+00	   0.000000e+00	   0.000000e+00	   0.000000e+00	   0.000000e+00	   0.000000e+00	   0.000000e+00	   0.000000e+00	   0.000000e+00	   0.000000e+00	   0.000000e+00	   0.000000e+00	   0.000000e+00	   0.000000e+00	   0.000000e+00	   0.000000e+00	   0.000000e+00	   0.000000e+00	   0.000000e+00	   0.000000e+00	   0.000000e+00	   0.000000e+00	   0.000000e+00	   0.000000e+00	   0.000000e+00	   0.000000e+00	   0.000000e+00	   2.026500e+06
   9.118236e-06	   4.500000e+02	   0.000000e+00	   0.000000e+00	   0.000000e+00	   0.000000e+00	   0.000000e+00	   0.000000e+00	   0.000000e+00	   0.000000e+00	   0.000000e+00	   0.000000e+00	   0.000000e+00	   0.000000e+00	   0.000000e+00	   0.000000e+00	   0.000000e+00	   0.000000e+00	   0.000000e+00	   0.000000e+00	   0.000000e+00	   0.000000e+00	   0.000000e+00	   0.000000e+00	   0.000000e+00	   0.000000e+00	   0.000000e+00	   0.000000e+00	   0.000000e+00	   0.000000e+00	   0.000000e+00	   0.000000e+00	   0.000000e+00	   0.000000e+00	   0.000000e+00	   0.000000e+00	   0.000000e+00	   0.000000e+00	   0.000000e+00	   1.000000e+00	   0.000000e+00	   0.000000e+00	   0.000000e+00	   0.000000e+00	   0.000000e+00	   0.000000e+00	   0.000000e+00	   0.000000e+00	   0.000000e+00	   0.000000e+00	   0.000000e+00	   0.000000e+00	   0.000000e+00	   0.000000e+00	   0.000000e+00	   0.000000e+00	   0.000000e+00	   0.000000e+00	   0.000000e+00	   0.000000e+00	   0.000000e+00	   0.000000e+00	   0.000000e+00	   0.000000e+00	   0.000000e+00	   0.000000e+00	   0.000000e+00	   0.000000e+00	   0.000000e+00	   0.000000e+00	   0.000000e+00	   0.000000e+00	   0.000000e+00	   0.000000e+00	   0.000000e+00	   0.000000e+00	   2.026500e+06
   9.218437e-06	   4.500000e+02	   0.000000e+00	   0.000000e+00	   0.000000e+00	   0.000000e+00	   0.000000e+00	   0.000000e+00	   0.000000e+00	   0.000000e+00	   0.000000e+00	   0.000000e+00	   0.000000e+00	   0.000000e+00	   0.000000e+00	   0.000000e+00	   0.000000e+00	   0.000000e+00	   0.000000e+00	   0.000000e+00	   0.000000e+00	   0.000000e+00	   0.000000e+00	   0.000000e+00	   0.000000e+00	   0.000000e+00	   0.000000e+00	   0.000000e+00	   0.000000e+00	   0.000000e+00	   0.000000e+00	   0.000000e+00	   0.000000e+00	   0.000000e+00	   0.000000e+00	   0.000000e+00	   0.000000e+00	   0.000000e+00	   0.000000e+00	   1.000000e+00	   0.000000e+00	   0.000000e+00	   0.000000e+00	   0.000000e+00	   0.000000e+00	   0.000000e+00	   0.000000e+00	   0.000000e+00	   0.000000e+00	   0.000000e+00	   0.000000e+00	   0.000000e+00	   0.000000e+00	   0.000000e+00	   0.000000e+00	   0.000000e+00	   0.000000e+00	   0.000000e+00	   0.000000e+00	   0.000000e+00	   0.000000e+00	   0.000000e+00	   0.000000e+00	   0.000000e+00	   0.000000e+00	   0.000000e+00	   0.000000e+00	   0.000000e+00	   0.000000e+00	   0.000000e+00	   0.000000e+00	   0.000000e+00	   0.000000e+00	   0.000000e+00	   0.000000e+00	   0.000000e+00	   2.026500e+06
   9.318637e-06	   4.500000e+02	   0.000000e+00	   0.000000e+00	   0.000000e+00	   0.000000e+00	   0.000000e+00	   0.000000e+00	   0.000000e+00	   0.000000e+00	   0.000000e+00	   0.000000e+00	   0.000000e+00	   0.000000e+00	   0.000000e+00	   0.000000e+00	   0.000000e+00	   0.000000e+00	   0.000000e+00	   0.000000e+00	   0.000000e+00	   0.000000e+00	   0.000000e+00	   0.000000e+00	   0.000000e+00	   0.000000e+00	   0.000000e+00	   0.000000e+00	   0.000000e+00	   0.000000e+00	   0.000000e+00	   0.000000e+00	   0.000000e+00	   0.000000e+00	   0.000000e+00	   0.000000e+00	   0.000000e+00	   0.000000e+00	   0.000000e+00	   1.000000e+00	   0.000000e+00	   0.000000e+00	   0.000000e+00	   0.000000e+00	   0.000000e+00	   0.000000e+00	   0.000000e+00	   0.000000e+00	   0.000000e+00	   0.000000e+00	   0.000000e+00	   0.000000e+00	   0.000000e+00	   0.000000e+00	   0.000000e+00	   0.000000e+00	   0.000000e+00	   0.000000e+00	   0.000000e+00	   0.000000e+00	   0.000000e+00	   0.000000e+00	   0.000000e+00	   0.000000e+00	   0.000000e+00	   0.000000e+00	   0.000000e+00	   0.000000e+00	   0.000000e+00	   0.000000e+00	   0.000000e+00	   0.000000e+00	   0.000000e+00	   0.000000e+00	   0.000000e+00	   0.000000e+00	   2.026500e+06
   9.418838e-06	   4.500000e+02	   0.000000e+00	   0.000000e+00	   0.000000e+00	   0.000000e+00	   0.000000e+00	   0.000000e+00	   0.000000e+00	   0.000000e+00	   0.000000e+00	   0.000000e+00	   0.000000e+00	   0.000000e+00	   0.000000e+00	   0.000000e+00	   0.000000e+00	   0.000000e+00	   0.000000e+00	   0.000000e+00	   0.000000e+00	   0.000000e+00	   0.000000e+00	   0.000000e+00	   0.000000e+00	   0.000000e+00	   0.000000e+00	   0.000000e+00	   0.000000e+00	   0.000000e+00	   0.000000e+00	   0.000000e+00	   0.000000e+00	   0.000000e+00	   0.000000e+00	   0.000000e+00	   0.000000e+00	   0.000000e+00	   0.000000e+00	   1.000000e+00	   0.000000e+00	   0.000000e+00	   0.000000e+00	   0.000000e+00	   0.000000e+00	   0.000000e+00	   0.000000e+00	   0.000000e+00	   0.000000e+00	   0.000000e+00	   0.000000e+00	   0.000000e+00	   0.000000e+00	   0.000000e+00	   0.000000e+00	   0.000000e+00	   0.000000e+00	   0.000000e+00	   0.000000e+00	   0.000000e+00	   0.000000e+00	   0.000000e+00	   0.000000e+00	   0.000000e+00	   0.000000e+00	   0.000000e+00	   0.000000e+00	   0.000000e+00	   0.000000e+00	   0.000000e+00	   0.000000e+00	   0.000000e+00	   0.000000e+00	   0.000000e+00	   0.000000e+00	   0.000000e+00	   2.026500e+06
   9.519038e-06	   4.500000e+02	   0.000000e+00	   0.000000e+00	   0.000000e+00	   0.000000e+00	   0.000000e+00	   0.000000e+00	   0.000000e+00	   0.000000e+00	   0.000000e+00	   0.000000e+00	   0.000000e+00	   0.000000e+00	   0.000000e+00	   0.000000e+00	   0.000000e+00	   0.000000e+00	   0.000000e+00	   0.000000e+00	   0.000000e+00	   0.000000e+00	   0.000000e+00	   0.000000e+00	   0.000000e+00	   0.000000e+00	   0.000000e+00	   0.000000e+00	   0.000000e+00	   0.000000e+00	   0.000000e+00	   0.000000e+00	   0.000000e+00	   0.000000e+00	   0.000000e+00	   0.000000e+00	   0.000000e+00	   0.000000e+00	   0.000000e+00	   1.000000e+00	   0.000000e+00	   0.000000e+00	   0.000000e+00	   0.000000e+00	   0.000000e+00	   0.000000e+00	   0.000000e+00	   0.000000e+00	   0.000000e+00	   0.000000e+00	   0.000000e+00	   0.000000e+00	   0.000000e+00	   0.000000e+00	   0.000000e+00	   0.000000e+00	   0.000000e+00	   0.000000e+00	   0.000000e+00	   0.000000e+00	   0.000000e+00	   0.000000e+00	   0.000000e+00	   0.000000e+00	   0.000000e+00	   0.000000e+00	   0.000000e+00	   0.000000e+00	   0.000000e+00	   0.000000e+00	   0.000000e+00	   0.000000e+00	   0.000000e+00	   0.000000e+00	   0.000000e+00	   0.000000e+00	   2.026500e+06
   9.619238e-06	   4.500000e+02	   0.000000e+00	   0.000000e+00	   0.000000e+00	   0.000000e+00	   0.000000e+00	   0.000000e+00	   0.000000e+00	   0.000000e+00	   0.000000e+00	   0.000000e+00	   0.000000e+00	   0.000000e+00	   0.000000e+00	   0.000000e+00	   0.000000e+00	   0.000000e+00	   0.000000e+00	   0.000000e+00	   0.000000e+00	   0.000000e+00	   0.000000e+00	   0.000000e+00	   0.000000e+00	   0.000000e+00	   0.000000e+00	   0.000000e+00	   0.000000e+00	   0.000000e+00	   0.000000e+00	   0.000000e+00	   0.000000e+00	   0.000000e+00	   0.000000e+00	   0.000000e+00	   0.000000e+00	   0.000000e+00	   0.000000e+00	   1.000000e+00	   0.000000e+00	   0.000000e+00	   0.000000e+00	   0.000000e+00	   0.000000e+00	   0.000000e+00	   0.000000e+00	   0.000000e+00	   0.000000e+00	   0.000000e+00	   0.000000e+00	   0.000000e+00	   0.000000e+00	   0.000000e+00	   0.000000e+00	   0.000000e+00	   0.000000e+00	   0.000000e+00	   0.000000e+00	   0.000000e+00	   0.000000e+00	   0.000000e+00	   0.000000e+00	   0.000000e+00	   0.000000e+00	   0.000000e+00	   0.000000e+00	   0.000000e+00	   0.000000e+00	   0.000000e+00	   0.000000e+00	   0.000000e+00	   0.000000e+00	   0.000000e+00	   0.000000e+00	   0.000000e+00	   2.026500e+06
   9.719439e-06	   4.500000e+02	   0.000000e+00	   0.000000e+00	   0.000000e+00	   0.000000e+00	   0.000000e+00	   0.000000e+00	   0.000000e+00	   0.000000e+00	   0.000000e+00	   0.000000e+00	   0.000000e+00	   0.000000e+00	   0.000000e+00	   0.000000e+00	   0.000000e+00	   0.000000e+00	   0.000000e+00	   0.000000e+00	   0.000000e+00	   0.000000e+00	   0.000000e+00	   0.000000e+00	   0.000000e+00	   0.000000e+00	   0.000000e+00	   0.000000e+00	   0.000000e+00	   0.000000e+00	   0.000000e+00	   0.000000e+00	   0.000000e+00	   0.000000e+00	   0.000000e+00	   0.000000e+00	   0.000000e+00	   0.000000e+00	   0.000000e+00	   1.000000e+00	   0.000000e+00	   0.000000e+00	   0.000000e+00	   0.000000e+00	   0.000000e+00	   0.000000e+00	   0.000000e+00	   0.000000e+00	   0.000000e+00	   0.000000e+00	   0.000000e+00	   0.000000e+00	   0.000000e+00	   0.000000e+00	   0.000000e+00	   0.000000e+00	   0.000000e+00	   0.000000e+00	   0.000000e+00	   0.000000e+00	   0.000000e+00	   0.000000e+00	   0.000000e+00	   0.000000e+00	   0.000000e+00	   0.000000e+00	   0.000000e+00	   0.000000e+00	   0.000000e+00	   0.000000e+00	   0.000000e+00	   0.000000e+00	   0.000000e+00	   0.000000e+00	   0.000000e+00	   0.000000e+00	   2.026500e+06
   9.819639e-06	   4.500000e+02	   0.000000e+00	   0.000000e+00	   0.000000e+00	   0.000000e+00	   0.000000e+00	   0.000000e+00	   0.000000e+00	   0.000000e+00	   0.000000e+00	   0.000000e+00	   0.000000e+00	   0.000000e+00	   0.000000e+00	   0.000000e+00	   0.000000e+00	   0.000000e+00	   0.000000e+00	   0.000000e+00	   0.000000e+00	   0.000000e+00	   0.000000e+00	   0.000000e+00	   0.000000e+00	   0.000000e+00	   0.000000e+00	   0.000000e+00	   0.000000e+00	   0.000000e+00	   0.000000e+00	   0.000000e+00	   0.000000e+00	   0.000000e+00	   0.000000e+00	   0.000000e+00	   0.000000e+00	   0.000000e+00	   0.000000e+00	   1.000000e+00	   0.000000e+00	   0.000000e+00	   0.000000e+00	   0.000000e+00	   0.000000e+00	   0.000000e+00	   0.000000e+00	   0.000000e+00	   0.000000e+00	   0.000000e+00	   0.000000e+00	   0.000000e+00	   0.000000e+00	   0.000000e+00	   0.000000e+00	   0.000000e+00	   0.000000e+00	   0.000000e+00	   0.000000e+00	   0.000000e+00	   0.000000e+00	   0.000000e+00	   0.000000e+00	   0.000000e+00	   0.000000e+00	   0.000000e+00	   0.000000e+00	   0.000000e+00	   0.000000e+00	   0.000000e+00	   0.000000e+00	   0.000000e+00	   0.000000e+00	   0.000000e+00	   0.000000e+00	   0.000000e+00	   2.026500e+06
   9.919840e-06	   4.500000e+02	   0.000000e+00	   0.000000e+00	   0.000000e+00	   0.000000e+00	   0.000000e+00	   0.000000e+00	   0.000000e+00	   0.000000e+00	   0.000000e+00	   0.000000e+00	   0.000000e+00	   0.000000e+00	   0.000000e+00	   0.000000e+00	   0.000000e+00	   0.000000e+00	   0.000000e+00	   0.000000e+00	   0.000000e+00	   0.000000e+00	   0.000000e+00	   0.000000e+00	   0.000000e+00	   0.000000e+00	   0.000000e+00	   0.000000e+00	   0.000000e+00	   0.000000e+00	   0.000000e+00	   0.000000e+00	   0.000000e+00	   0.000000e+00	   0.000000e+00	   0.000000e+00	   0.000000e+00	   0.000000e+00	   0.000000e+00	   1.000000e+00	   0.000000e+00	   0.000000e+00	   0.000000e+00	   0.000000e+00	   0.000000e+00	   0.000000e+00	   0.000000e+00	   0.000000e+00	   0.000000e+00	   0.000000e+00	   0.000000e+00	   0.000000e+00	   0.000000e+00	   0.000000e+00	   0.000000e+00	   0.000000e+00	   0.000000e+00	   0.000000e+00	   0.000000e+00	   0.000000e+00	   0.000000e+00	   0.000000e+00	   0.000000e+00	   0.000000e+00	   0.000000e+00	   0.000000e+00	   0.000000e+00	   0.000000e+00	   0.000000e+00	   0.000000e+00	   0.000000e+00	   0.000000e+00	   0.000000e+00	   0.000000e+00	   0.000000e+00	   0.000000e+00	   2.026500e+06
   1.002004e-05	   4.500000e+02	   0.000000e+00	   0.000000e+00	   0.000000e+00	   0.000000e+00	   0.000000e+00	   0.000000e+00	   0.000000e+00	   0.000000e+00	   0.000000e+00	   0.000000e+00	   0.000000e+00	   0.000000e+00	   0.000000e+00	   0.000000e+00	   0.000000e+00	   0.000000e+00	   0.000000e+00	   0.000000e+00	   0.000000e+00	   0.000000e+00	   0.000000e+00	   0.000000e+00	   0.000000e+00	   0.000000e+00	   0.000000e+00	   0.000000e+00	   0.000000e+00	   0.000000e+00	   0.000000e+00	   0.000000e+00	   0.000000e+00	   0.000000e+00	   0.000000e+00	   0.000000e+00	   0.000000e+00	   0.000000e+00	   0.000000e+00	   1.000000e+00	   0.000000e+00	   0.000000e+00	   0.000000e+00	   0.000000e+00	   0.000000e+00	   0.000000e+00	   0.000000e+00	   0.000000e+00	   0.000000e+00	   0.000000e+00	   0.000000e+00	   0.000000e+00	   0.000000e+00	   0.000000e+00	   0.000000e+00	   0.000000e+00	   0.000000e+00	   0.000000e+00	   0.000000e+00	   0.000000e+00	   0.000000e+00	   0.000000e+00	   0.000000e+00	   0.000000e+00	   0.000000e+00	   0.000000e+00	   0.000000e+00	   0.000000e+00	   0.000000e+00	   0.000000e+00	   0.000000e+00	   0.000000e+00	   0.000000e+00	   0.000000e+00	   0.000000e+00	   0.000000e+00	   2.026500e+06
   1.012024e-05	   4.500000e+02	   0.000000e+00	   0.000000e+00	   0.000000e+00	   0.000000e+00	   0.000000e+00	   0.000000e+00	   0.000000e+00	   0.000000e+00	   0.000000e+00	   0.000000e+00	   0.000000e+00	   0.000000e+00	   0.000000e+00	   0.000000e+00	   0.000000e+00	   0.000000e+00	   0.000000e+00	   0.000000e+00	   0.000000e+00	   0.000000e+00	   0.000000e+00	   0.000000e+00	   0.000000e+00	   0.000000e+00	   0.000000e+00	   0.000000e+00	   0.000000e+00	   0.000000e+00	   0.000000e+00	   0.000000e+00	   0.000000e+00	   0.000000e+00	   0.000000e+00	   0.000000e+00	   0.000000e+00	   0.000000e+00	   0.000000e+00	   1.000000e+00	   0.000000e+00	   0.000000e+00	   0.000000e+00	   0.000000e+00	   0.000000e+00	   0.000000e+00	   0.000000e+00	   0.000000e+00	   0.000000e+00	   0.000000e+00	   0.000000e+00	   0.000000e+00	   0.000000e+00	   0.000000e+00	   0.000000e+00	   0.000000e+00	   0.000000e+00	   0.000000e+00	   0.000000e+00	   0.000000e+00	   0.000000e+00	   0.000000e+00	   0.000000e+00	   0.000000e+00	   0.000000e+00	   0.000000e+00	   0.000000e+00	   0.000000e+00	   0.000000e+00	   0.000000e+00	   0.000000e+00	   0.000000e+00	   0.000000e+00	   0.000000e+00	   0.000000e+00	   0.000000e+00	   2.026500e+06
   1.022044e-05	   4.500000e+02	   0.000000e+00	   0.000000e+00	   0.000000e+00	   0.000000e+00	   0.000000e+00	   0.000000e+00	   0.000000e+00	   0.000000e+00	   0.000000e+00	   0.000000e+00	   0.000000e+00	   0.000000e+00	   0.000000e+00	   0.000000e+00	   0.000000e+00	   0.000000e+00	   0.000000e+00	   0.000000e+00	   0.000000e+00	   0.000000e+00	   0.000000e+00	   0.000000e+00	   0.000000e+00	   0.000000e+00	   0.000000e+00	   0.000000e+00	   0.000000e+00	   0.000000e+00	   0.000000e+00	   0.000000e+00	   0.000000e+00	   0.000000e+00	   0.000000e+00	   0.000000e+00	   0.000000e+00	   0.000000e+00	   0.000000e+00	   1.000000e+00	   0.000000e+00	   0.000000e+00	   0.000000e+00	   0.000000e+00	   0.000000e+00	   0.000000e+00	   0.000000e+00	   0.000000e+00	   0.000000e+00	   0.000000e+00	   0.000000e+00	   0.000000e+00	   0.000000e+00	   0.000000e+00	   0.000000e+00	   0.000000e+00	   0.000000e+00	   0.000000e+00	   0.000000e+00	   0.000000e+00	   0.000000e+00	   0.000000e+00	   0.000000e+00	   0.000000e+00	   0.000000e+00	   0.000000e+00	   0.000000e+00	   0.000000e+00	   0.000000e+00	   0.000000e+00	   0.000000e+00	   0.000000e+00	   0.000000e+00	   0.000000e+00	   0.000000e+00	   0.000000e+00	   2.026500e+06
   1.032064e-05	   4.500000e+02	   0.000000e+00	   0.000000e+00	   0.000000e+00	   0.000000e+00	   0.000000e+00	   0.000000e+00	   0.000000e+00	   0.000000e+00	   0.000000e+00	   0.000000e+00	   0.000000e+00	   0.000000e+00	   0.000000e+00	   0.000000e+00	   0.000000e+00	   0.000000e+00	   0.000000e+00	   0.000000e+00	   0.000000e+00	   0.000000e+00	   0.000000e+00	   0.000000e+00	   0.000000e+00	   0.000000e+00	   0.000000e+00	   0.000000e+00	   0.000000e+00	   0.000000e+00	   0.000000e+00	   0.000000e+00	   0.000000e+00	   0.000000e+00	   0.000000e+00	   0.000000e+00	   0.000000e+00	   0.000000e+00	   0.000000e+00	   1.000000e+00	   0.000000e+00	   0.000000e+00	   0.000000e+00	   0.000000e+00	   0.000000e+00	   0.000000e+00	   0.000000e+00	   0.000000e+00	   0.000000e+00	   0.000000e+00	   0.000000e+00	   0.000000e+00	   0.000000e+00	   0.000000e+00	   0.000000e+00	   0.000000e+00	   0.000000e+00	   0.000000e+00	   0.000000e+00	   0.000000e+00	   0.000000e+00	   0.000000e+00	   0.000000e+00	   0.000000e+00	   0.000000e+00	   0.000000e+00	   0.000000e+00	   0.000000e+00	   0.000000e+00	   0.000000e+00	   0.000000e+00	   0.000000e+00	   0.000000e+00	   0.000000e+00	   0.000000e+00	   0.000000e+00	   2.026500e+06
   1.042084e-05	   4.500000e+02	   0.000000e+00	   0.000000e+00	   0.000000e+00	   0.000000e+00	   0.000000e+00	   0.000000e+00	   0.000000e+00	   0.000000e+00	   0.000000e+00	   0.000000e+00	   0.000000e+00	   0.000000e+00	   0.000000e+00	   0.000000e+00	   0.000000e+00	   0.000000e+00	   0.000000e+00	   0.000000e+00	   0.000000e+00	   0.000000e+00	   0.000000e+00	   0.000000e+00	   0.000000e+00	   0.000000e+00	   0.000000e+00	   0.000000e+00	   0.000000e+00	   0.000000e+00	   0.000000e+00	   0.000000e+00	   0.000000e+00	   0.000000e+00	   0.000000e+00	   0.000000e+00	   0.000000e+00	   0.000000e+00	   0.000000e+00	   1.000000e+00	   0.000000e+00	   0.000000e+00	   0.000000e+00	   0.000000e+00	   0.000000e+00	   0.000000e+00	   0.000000e+00	   0.000000e+00	   0.000000e+00	   0.000000e+00	   0.000000e+00	   0.000000e+00	   0.000000e+00	   0.000000e+00	   0.000000e+00	   0.000000e+00	   0.000000e+00	   0.000000e+00	   0.000000e+00	   0.000000e+00	   0.000000e+00	   0.000000e+00	   0.000000e+00	   0.000000e+00	   0.000000e+00	   0.000000e+00	   0.000000e+00	   0.000000e+00	   0.000000e+00	   0.000000e+00	   0.000000e+00	   0.000000e+00	   0.000000e+00	   0.000000e+00	   0.000000e+00	   0.000000e+00	   2.026500e+06
   1.052104e-05	   4.500000e+02	   0.000000e+00	   0.000000e+00	   0.000000e+00	   0.000000e+00	   0.000000e+00	   0.000000e+00	   0.000000e+00	   0.000000e+00	   0.000000e+00	   0.000000e+00	   0.000000e+00	   0.000000e+00	   0.000000e+00	   0.000000e+00	   0.000000e+00	   0.000000e+00	   0.000000e+00	   0.000000e+00	   0.000000e+00	   0.000000e+00	   0.000000e+00	   0.000000e+00	   0.000000e+00	   0.000000e+00	   0.000000e+00	   0.000000e+00	   0.000000e+00	   0.000000e+00	   0.000000e+00	   0.000000e+00	   0.000000e+00	   0.000000e+00	   0.000000e+00	   0.000000e+00	   0.000000e+00	   0.000000e+00	   0.000000e+00	   1.000000e+00	   0.000000e+00	   0.000000e+00	   0.000000e+00	   0.000000e+00	   0.000000e+00	   0.000000e+00	   0.000000e+00	   0.000000e+00	   0.000000e+00	   0.000000e+00	   0.000000e+00	   0.000000e+00	   0.000000e+00	   0.000000e+00	   0.000000e+00	   0.000000e+00	   0.000000e+00	   0.000000e+00	   0.000000e+00	   0.000000e+00	   0.000000e+00	   0.000000e+00	   0.000000e+00	   0.000000e+00	   0.000000e+00	   0.000000e+00	   0.000000e+00	   0.000000e+00	   0.000000e+00	   0.000000e+00	   0.000000e+00	   0.000000e+00	   0.000000e+00	   0.000000e+00	   0.000000e+00	   0.000000e+00	   2.026500e+06
   1.062124e-05	   4.500000e+02	   0.000000e+00	   0.000000e+00	   0.000000e+00	   0.000000e+00	   0.000000e+00	   0.000000e+00	   0.000000e+00	   0.000000e+00	   0.000000e+00	   0.000000e+00	   0.000000e+00	   0.000000e+00	   0.000000e+00	   0.000000e+00	   0.000000e+00	   0.000000e+00	   0.000000e+00	   0.000000e+00	   0.000000e+00	   0.000000e+00	   0.000000e+00	   0.000000e+00	   0.000000e+00	   0.000000e+00	   0.000000e+00	   0.000000e+00	   0.000000e+00	   0.000000e+00	   0.000000e+00	   0.000000e+00	   0.000000e+00	   0.000000e+00	   0.000000e+00	   0.000000e+00	   0.000000e+00	   0.000000e+00	   0.000000e+00	   1.000000e+00	   0.000000e+00	   0.000000e+00	   0.000000e+00	   0.000000e+00	   0.000000e+00	   0.000000e+00	   0.000000e+00	   0.000000e+00	   0.000000e+00	   0.000000e+00	   0.000000e+00	   0.000000e+00	   0.000000e+00	   0.000000e+00	   0.000000e+00	   0.000000e+00	   0.000000e+00	   0.000000e+00	   0.000000e+00	   0.000000e+00	   0.000000e+00	   0.000000e+00	   0.000000e+00	   0.000000e+00	   0.000000e+00	   0.000000e+00	   0.000000e+00	   0.000000e+00	   0.000000e+00	   0.000000e+00	   0.000000e+00	   0.000000e+00	   0.000000e+00	   0.000000e+00	   0.000000e+00	   0.000000e+00	   2.026500e+06
   1.072144e-05	   4.500000e+02	   0.000000e+00	   0.000000e+00	   0.000000e+00	   0.000000e+00	   0.000000e+00	   0.000000e+00	   0.000000e+00	   0.000000e+00	   0.000000e+00	   0.000000e+00	   0.000000e+00	   0.000000e+00	   0.000000e+00	   0.000000e+00	   0.000000e+00	   0.000000e+00	   0.000000e+00	   0.000000e+00	   0.000000e+00	   0.000000e+00	   0.000000e+00	   0.000000e+00	   0.000000e+00	   0.000000e+00	   0.000000e+00	   0.000000e+00	   0.000000e+00	   0.000000e+00	   0.000000e+00	   0.000000e+00	   0.000000e+00	   0.000000e+00	   0.000000e+00	   0.000000e+00	   0.000000e+00	   0.000000e+00	   0.000000e+00	   1.000000e+00	   0.000000e+00	   0.000000e+00	   0.000000e+00	   0.000000e+00	   0.000000e+00	   0.000000e+00	   0.000000e+00	   0.000000e+00	   0.000000e+00	   0.000000e+00	   0.000000e+00	   0.000000e+00	   0.000000e+00	   0.000000e+00	   0.000000e+00	   0.000000e+00	   0.000000e+00	   0.000000e+00	   0.000000e+00	   0.000000e+00	   0.000000e+00	   0.000000e+00	   0.000000e+00	   0.000000e+00	   0.000000e+00	   0.000000e+00	   0.000000e+00	   0.000000e+00	   0.000000e+00	   0.000000e+00	   0.000000e+00	   0.000000e+00	   0.000000e+00	   0.000000e+00	   0.000000e+00	   0.000000e+00	   2.026500e+06
   1.082164e-05	   4.500000e+02	   0.000000e+00	   0.000000e+00	   0.000000e+00	   0.000000e+00	   0.000000e+00	   0.000000e+00	   0.000000e+00	   0.000000e+00	   0.000000e+00	   0.000000e+00	   0.000000e+00	   0.000000e+00	   0.000000e+00	   0.000000e+00	   0.000000e+00	   0.000000e+00	   0.000000e+00	   0.000000e+00	   0.000000e+00	   0.000000e+00	   0.000000e+00	   0.000000e+00	   0.000000e+00	   0.000000e+00	   0.000000e+00	   0.000000e+00	   0.000000e+00	   0.000000e+00	   0.000000e+00	   0.000000e+00	   0.000000e+00	   0.000000e+00	   0.000000e+00	   0.000000e+00	   0.000000e+00	   0.000000e+00	   0.000000e+00	   1.000000e+00	   0.000000e+00	   0.000000e+00	   0.000000e+00	   0.000000e+00	   0.000000e+00	   0.000000e+00	   0.000000e+00	   0.000000e+00	   0.000000e+00	   0.000000e+00	   0.000000e+00	   0.000000e+00	   0.000000e+00	   0.000000e+00	   0.000000e+00	   0.000000e+00	   0.000000e+00	   0.000000e+00	   0.000000e+00	   0.000000e+00	   0.000000e+00	   0.000000e+00	   0.000000e+00	   0.000000e+00	   0.000000e+00	   0.000000e+00	   0.000000e+00	   0.000000e+00	   0.000000e+00	   0.000000e+00	   0.000000e+00	   0.000000e+00	   0.000000e+00	   0.000000e+00	   0.000000e+00	   0.000000e+00	   2.026500e+06
   1.092184e-05	   4.500000e+02	   0.000000e+00	   0.000000e+00	   0.000000e+00	   0.000000e+00	   0.000000e+00	   0.000000e+00	   0.000000e+00	   0.000000e+00	   0.000000e+00	   0.000000e+00	   0.000000e+00	   0.000000e+00	   0.000000e+00	   0.000000e+00	   0.000000e+00	   0.000000e+00	   0.000000e+00	   0.000000e+00	   0.000000e+00	   0.000000e+00	   0.000000e+00	   0.000000e+00	   0.000000e+00	   0.000000e+00	   0.000000e+00	   0.000000e+00	   0.000000e+00	   0.000000e+00	   0.000000e+00	   0.000000e+00	   0.000000e+00	   0.000000e+00	   0.000000e+00	   0.000000e+00	   0.000000e+00	   0.000000e+00	   0.000000e+00	   1.000000e+00	   0.000000e+00	   0.000000e+00	   0.000000e+00	   0.000000e+00	   0.000000e+00	   0.000000e+00	   0.000000e+00	   0.000000e+00	   0.000000e+00	   0.000000e+00	   0.000000e+00	   0.000000e+00	   0.000000e+00	   0.000000e+00	   0.000000e+00	   0.000000e+00	   0.000000e+00	   0.000000e+00	   0.000000e+00	   0.000000e+00	   0.000000e+00	   0.000000e+00	   0.000000e+00	   0.000000e+00	   0.000000e+00	   0.000000e+00	   0.000000e+00	   0.000000e+00	   0.000000e+00	   0.000000e+00	   0.000000e+00	   0.000000e+00	   0.000000e+00	   0.000000e+00	   0.000000e+00	   0.000000e+00	   2.026500e+06
   1.102204e-05	   4.500000e+02	   0.000000e+00	   0.000000e+00	   0.000000e+00	   0.000000e+00	   0.000000e+00	   0.000000e+00	   0.000000e+00	   0.000000e+00	   0.000000e+00	   0.000000e+00	   0.000000e+00	   0.000000e+00	   0.000000e+00	   0.000000e+00	   0.000000e+00	   0.000000e+00	   0.000000e+00	   0.000000e+00	   0.000000e+00	   0.000000e+00	   0.000000e+00	   0.000000e+00	   0.000000e+00	   0.000000e+00	   0.000000e+00	   0.000000e+00	   0.000000e+00	   0.000000e+00	   0.000000e+00	   0.000000e+00	   0.000000e+00	   0.000000e+00	   0.000000e+00	   0.000000e+00	   0.000000e+00	   0.000000e+00	   0.000000e+00	   1.000000e+00	   0.000000e+00	   0.000000e+00	   0.000000e+00	   0.000000e+00	   0.000000e+00	   0.000000e+00	   0.000000e+00	   0.000000e+00	   0.000000e+00	   0.000000e+00	   0.000000e+00	   0.000000e+00	   0.000000e+00	   0.000000e+00	   0.000000e+00	   0.000000e+00	   0.000000e+00	   0.000000e+00	   0.000000e+00	   0.000000e+00	   0.000000e+00	   0.000000e+00	   0.000000e+00	   0.000000e+00	   0.000000e+00	   0.000000e+00	   0.000000e+00	   0.000000e+00	   0.000000e+00	   0.000000e+00	   0.000000e+00	   0.000000e+00	   0.000000e+00	   0.000000e+00	   0.000000e+00	   0.000000e+00	   2.026500e+06
   1.112224e-05	   4.500000e+02	   0.000000e+00	   0.000000e+00	   0.000000e+00	   0.000000e+00	   0.000000e+00	   0.000000e+00	   0.000000e+00	   0.000000e+00	   0.000000e+00	   0.000000e+00	   0.000000e+00	   0.000000e+00	   0.000000e+00	   0.000000e+00	   0.000000e+00	   0.000000e+00	   0.000000e+00	   0.000000e+00	   0.000000e+00	   0.000000e+00	   0.000000e+00	   0.000000e+00	   0.000000e+00	   0.000000e+00	   0.000000e+00	   0.000000e+00	   0.000000e+00	   0.000000e+00	   0.000000e+00	   0.000000e+00	   0.000000e+00	   0.000000e+00	   0.000000e+00	   0.000000e+00	   0.000000e+00	   0.000000e+00	   0.000000e+00	   1.000000e+00	   0.000000e+00	   0.000000e+00	   0.000000e+00	   0.000000e+00	   0.000000e+00	   0.000000e+00	   0.000000e+00	   0.000000e+00	   0.000000e+00	   0.000000e+00	   0.000000e+00	   0.000000e+00	   0.000000e+00	   0.000000e+00	   0.000000e+00	   0.000000e+00	   0.000000e+00	   0.000000e+00	   0.000000e+00	   0.000000e+00	   0.000000e+00	   0.000000e+00	   0.000000e+00	   0.000000e+00	   0.000000e+00	   0.000000e+00	   0.000000e+00	   0.000000e+00	   0.000000e+00	   0.000000e+00	   0.000000e+00	   0.000000e+00	   0.000000e+00	   0.000000e+00	   0.000000e+00	   0.000000e+00	   2.026500e+06
   1.122244e-05	   4.500000e+02	   0.000000e+00	   0.000000e+00	   0.000000e+00	   0.000000e+00	   0.000000e+00	   0.000000e+00	   0.000000e+00	   0.000000e+00	   0.000000e+00	   0.000000e+00	   0.000000e+00	   0.000000e+00	   0.000000e+00	   0.000000e+00	   0.000000e+00	   0.000000e+00	   0.000000e+00	   0.000000e+00	   0.000000e+00	   0.000000e+00	   0.000000e+00	   0.000000e+00	   0.000000e+00	   0.000000e+00	   0.000000e+00	   0.000000e+00	   0.000000e+00	   0.000000e+00	   0.000000e+00	   0.000000e+00	   0.000000e+00	   0.000000e+00	   0.000000e+00	   0.000000e+00	   0.000000e+00	   0.000000e+00	   0.000000e+00	   1.000000e+00	   0.000000e+00	   0.000000e+00	   0.000000e+00	   0.000000e+00	   0.000000e+00	   0.000000e+00	   0.000000e+00	   0.000000e+00	   0.000000e+00	   0.000000e+00	   0.000000e+00	   0.000000e+00	   0.000000e+00	   0.000000e+00	   0.000000e+00	   0.000000e+00	   0.000000e+00	   0.000000e+00	   0.000000e+00	   0.000000e+00	   0.000000e+00	   0.000000e+00	   0.000000e+00	   0.000000e+00	   0.000000e+00	   0.000000e+00	   0.000000e+00	   0.000000e+00	   0.000000e+00	   0.000000e+00	   0.000000e+00	   0.000000e+00	   0.000000e+00	   0.000000e+00	   0.000000e+00	   0.000000e+00	   2.026500e+06
   1.132265e-05	   4.500000e+02	   0.000000e+00	   0.000000e+00	   0.000000e+00	   0.000000e+00	   0.000000e+00	   0.000000e+00	   0.000000e+00	   0.000000e+00	   0.000000e+00	   0.000000e+00	   0.000000e+00	   0.000000e+00	   0.000000e+00	   0.000000e+00	   0.000000e+00	   0.000000e+00	   0.000000e+00	   0.000000e+00	   0.000000e+00	   0.000000e+00	   0.000000e+00	   0.000000e+00	   0.000000e+00	   0.000000e+00	   0.000000e+00	   0.000000e+00	   0.000000e+00	   0.000000e+00	   0.000000e+00	   0.000000e+00	   0.000000e+00	   0.000000e+00	   0.000000e+00	   0.000000e+00	   0.000000e+00	   0.000000e+00	   0.000000e+00	   1.000000e+00	   0.000000e+00	   0.000000e+00	   0.000000e+00	   0.000000e+00	   0.000000e+00	   0.000000e+00	   0.000000e+00	   0.000000e+00	   0.000000e+00	   0.000000e+00	   0.000000e+00	   0.000000e+00	   0.000000e+00	   0.000000e+00	   0.000000e+00	   0.000000e+00	   0.000000e+00	   0.000000e+00	   0.000000e+00	   0.000000e+00	   0.000000e+00	   0.000000e+00	   0.000000e+00	   0.000000e+00	   0.000000e+00	   0.000000e+00	   0.000000e+00	   0.000000e+00	   0.000000e+00	   0.000000e+00	   0.000000e+00	   0.000000e+00	   0.000000e+00	   0.000000e+00	   0.000000e+00	   0.000000e+00	   2.026500e+06
   1.142285e-05	   4.500000e+02	   0.000000e+00	   0.000000e+00	   0.000000e+00	   0.000000e+00	   0.000000e+00	   0.000000e+00	   0.000000e+00	   0.000000e+00	   0.000000e+00	   0.000000e+00	   0.000000e+00	   0.000000e+00	   0.000000e+00	   0.000000e+00	   0.000000e+00	   0.000000e+00	   0.000000e+00	   0.000000e+00	   0.000000e+00	   0.000000e+00	   0.000000e+00	   0.000000e+00	   0.000000e+00	   0.000000e+00	   0.000000e+00	   0.000000e+00	   0.000000e+00	   0.000000e+00	   0.000000e+00	   0.000000e+00	   0.000000e+00	   0.000000e+00	   0.000000e+00	   0.000000e+00	   0.000000e+00	   0.000000e+00	   0.000000e+00	   1.000000e+00	   0.000000e+00	   0.000000e+00	   0.000000e+00	   0.000000e+00	   0.000000e+00	   0.000000e+00	   0.000000e+00	   0.000000e+00	   0.000000e+00	   0.000000e+00	   0.000000e+00	   0.000000e+00	   0.000000e+00	   0.000000e+00	   0.000000e+00	   0.000000e+00	   0.000000e+00	   0.000000e+00	   0.000000e+00	   0.000000e+00	   0.000000e+00	   0.000000e+00	   0.000000e+00	   0.000000e+00	   0.000000e+00	   0.000000e+00	   0.000000e+00	   0.000000e+00	   0.000000e+00	   0.000000e+00	   0.000000e+00	   0.000000e+00	   0.000000e+00	   0.000000e+00	   0.000000e+00	   0.000000e+00	   2.026500e+06
   1.152305e-05	   4.500000e+02	   0.000000e+00	   0.000000e+00	   0.000000e+00	   0.000000e+00	   0.000000e+00	   0.000000e+00	   0.000000e+00	   0.000000e+00	   0.000000e+00	   0.000000e+00	   0.000000e+00	   0.000000e+00	   0.000000e+00	   0.000000e+00	   0.000000e+00	   0.000000e+00	   0.000000e+00	   0.000000e+00	   0.000000e+00	   0.000000e+00	   0.000000e+00	   0.000000e+00	   0.000000e+00	   0.000000e+00	   0.000000e+00	   0.000000e+00	   0.000000e+00	   0.000000e+00	   0.000000e+00	   0.000000e+00	   0.000000e+00	   0.000000e+00	   0.000000e+00	   0.000000e+00	   0.000000e+00	   0.000000e+00	   0.000000e+00	   1.000000e+00	   0.000000e+00	   0.000000e+00	   0.000000e+00	   0.000000e+00	   0.000000e+00	   0.000000e+00	   0.000000e+00	   0.000000e+00	   0.000000e+00	   0.000000e+00	   0.000000e+00	   0.000000e+00	   0.000000e+00	   0.000000e+00	   0.000000e+00	   0.000000e+00	   0.000000e+00	   0.000000e+00	   0.000000e+00	   0.000000e+00	   0.000000e+00	   0.000000e+00	   0.000000e+00	   0.000000e+00	   0.000000e+00	   0.000000e+00	   0.000000e+00	   0.000000e+00	   0.000000e+00	   0.000000e+00	   0.000000e+00	   0.000000e+00	   0.000000e+00	   0.000000e+00	   0.000000e+00	   0.000000e+00	   2.026500e+06
   1.162325e-05	   4.500000e+02	   0.000000e+00	   0.000000e+00	   0.000000e+00	   0.000000e+00	   0.000000e+00	   0.000000e+00	   0.000000e+00	   0.000000e+00	   0.000000e+00	   0.000000e+00	   0.000000e+00	   0.000000e+00	   0.000000e+00	   0.000000e+00	   0.000000e+00	   0.000000e+00	   0.000000e+00	   0.000000e+00	   0.000000e+00	   0.000000e+00	   0.000000e+00	   0.000000e+00	   0.000000e+00	   0.000000e+00	   0.000000e+00	   0.000000e+00	   0.000000e+00	   0.000000e+00	   0.000000e+00	   0.000000e+00	   0.000000e+00	   0.000000e+00	   0.000000e+00	   0.000000e+00	   0.000000e+00	   0.000000e+00	   0.000000e+00	   1.000000e+00	   0.000000e+00	   0.000000e+00	   0.000000e+00	   0.000000e+00	   0.000000e+00	   0.000000e+00	   0.000000e+00	   0.000000e+00	   0.000000e+00	   0.000000e+00	   0.000000e+00	   0.000000e+00	   0.000000e+00	   0.000000e+00	   0.000000e+00	   0.000000e+00	   0.000000e+00	   0.000000e+00	   0.000000e+00	   0.000000e+00	   0.000000e+00	   0.000000e+00	   0.000000e+00	   0.000000e+00	   0.000000e+00	   0.000000e+00	   0.000000e+00	   0.000000e+00	   0.000000e+00	   0.000000e+00	   0.000000e+00	   0.000000e+00	   0.000000e+00	   0.000000e+00	   0.000000e+00	   0.000000e+00	   2.026500e+06
   1.172345e-05	   4.500000e+02	   0.000000e+00	   0.000000e+00	   0.000000e+00	   0.000000e+00	   0.000000e+00	   0.000000e+00	   0.000000e+00	   0.000000e+00	   0.000000e+00	   0.000000e+00	   0.000000e+00	   0.000000e+00	   0.000000e+00	   0.000000e+00	   0.000000e+00	   0.000000e+00	   0.000000e+00	   0.000000e+00	   0.000000e+00	   0.000000e+00	   0.000000e+00	   0.000000e+00	   0.000000e+00	   0.000000e+00	   0.000000e+00	   0.000000e+00	   0.000000e+00	   0.000000e+00	   0.000000e+00	   0.000000e+00	   0.000000e+00	   0.000000e+00	   0.000000e+00	   0.000000e+00	   0.000000e+00	   0.000000e+00	   0.000000e+00	   1.000000e+00	   0.000000e+00	   0.000000e+00	   0.000000e+00	   0.000000e+00	   0.000000e+00	   0.000000e+00	   0.000000e+00	   0.000000e+00	   0.000000e+00	   0.000000e+00	   0.000000e+00	   0.000000e+00	   0.000000e+00	   0.000000e+00	   0.000000e+00	   0.000000e+00	   0.000000e+00	   0.000000e+00	   0.000000e+00	   0.000000e+00	   0.000000e+00	   0.000000e+00	   0.000000e+00	   0.000000e+00	   0.000000e+00	   0.000000e+00	   0.000000e+00	   0.000000e+00	   0.000000e+00	   0.000000e+00	   0.000000e+00	   0.000000e+00	   0.000000e+00	   0.000000e+00	   0.000000e+00	   0.000000e+00	   2.026500e+06
   1.182365e-05	   4.500000e+02	   0.000000e+00	   0.000000e+00	   0.000000e+00	   0.000000e+00	   0.000000e+00	   0.000000e+00	   0.000000e+00	   0.000000e+00	   0.000000e+00	   0.000000e+00	   0.000000e+00	   0.000000e+00	   0.000000e+00	   0.000000e+00	   0.000000e+00	   0.000000e+00	   0.000000e+00	   0.000000e+00	   0.000000e+00	   0.000000e+00	   0.000000e+00	   0.000000e+00	   0.000000e+00	   0.000000e+00	   0.000000e+00	   0.000000e+00	   0.000000e+00	   0.000000e+00	   0.000000e+00	   0.000000e+00	   0.000000e+00	   0.000000e+00	   0.000000e+00	   0.000000e+00	   0.000000e+00	   0.000000e+00	   0.000000e+00	   1.000000e+00	   0.000000e+00	   0.000000e+00	   0.000000e+00	   0.000000e+00	   0.000000e+00	   0.000000e+00	   0.000000e+00	   0.000000e+00	   0.000000e+00	   0.000000e+00	   0.000000e+00	   0.000000e+00	   0.000000e+00	   0.000000e+00	   0.000000e+00	   0.000000e+00	   0.000000e+00	   0.000000e+00	   0.000000e+00	   0.000000e+00	   0.000000e+00	   0.000000e+00	   0.000000e+00	   0.000000e+00	   0.000000e+00	   0.000000e+00	   0.000000e+00	   0.000000e+00	   0.000000e+00	   0.000000e+00	   0.000000e+00	   0.000000e+00	   0.000000e+00	   0.000000e+00	   0.000000e+00	   0.000000e+00	   2.026500e+06
   1.192385e-05	   4.500000e+02	   0.000000e+00	   0.000000e+00	   0.000000e+00	   0.000000e+00	   0.000000e+00	   0.000000e+00	   0.000000e+00	   0.000000e+00	   0.000000e+00	   0.000000e+00	   0.000000e+00	   0.000000e+00	   0.000000e+00	   0.000000e+00	   0.000000e+00	   0.000000e+00	   0.000000e+00	   0.000000e+00	   0.000000e+00	   0.000000e+00	   0.000000e+00	   0.000000e+00	   0.000000e+00	   0.000000e+00	   0.000000e+00	   0.000000e+00	   0.000000e+00	   0.000000e+00	   0.000000e+00	   0.000000e+00	   0.000000e+00	   0.000000e+00	   0.000000e+00	   0.000000e+00	   0.000000e+00	   0.000000e+00	   0.000000e+00	   1.000000e+00	   0.000000e+00	   0.000000e+00	   0.000000e+00	   0.000000e+00	   0.000000e+00	   0.000000e+00	   0.000000e+00	   0.000000e+00	   0.000000e+00	   0.000000e+00	   0.000000e+00	   0.000000e+00	   0.000000e+00	   0.000000e+00	   0.000000e+00	   0.000000e+00	   0.000000e+00	   0.000000e+00	   0.000000e+00	   0.000000e+00	   0.000000e+00	   0.000000e+00	   0.000000e+00	   0.000000e+00	   0.000000e+00	   0.000000e+00	   0.000000e+00	   0.000000e+00	   0.000000e+00	   0.000000e+00	   0.000000e+00	   0.000000e+00	   0.000000e+00	   0.000000e+00	   0.000000e+00	   0.000000e+00	   2.026500e+06
   1.202405e-05	   4.500000e+02	   0.000000e+00	   0.000000e+00	   0.000000e+00	   0.000000e+00	   0.000000e+00	   0.000000e+00	   0.000000e+00	   0.000000e+00	   0.000000e+00	   0.000000e+00	   0.000000e+00	   0.000000e+00	   0.000000e+00	   0.000000e+00	   0.000000e+00	   0.000000e+00	   0.000000e+00	   0.000000e+00	   0.000000e+00	   0.000000e+00	   0.000000e+00	   0.000000e+00	   0.000000e+00	   0.000000e+00	   0.000000e+00	   0.000000e+00	   0.000000e+00	   0.000000e+00	   0.000000e+00	   0.000000e+00	   0.000000e+00	   0.000000e+00	   0.000000e+00	   0.000000e+00	   0.000000e+00	   0.000000e+00	   0.000000e+00	   1.000000e+00	   0.000000e+00	   0.000000e+00	   0.000000e+00	   0.000000e+00	   0.000000e+00	   0.000000e+00	   0.000000e+00	   0.000000e+00	   0.000000e+00	   0.000000e+00	   0.000000e+00	   0.000000e+00	   0.000000e+00	   0.000000e+00	   0.000000e+00	   0.000000e+00	   0.000000e+00	   0.000000e+00	   0.000000e+00	   0.000000e+00	   0.000000e+00	   0.000000e+00	   0.000000e+00	   0.000000e+00	   0.000000e+00	   0.000000e+00	   0.000000e+00	   0.000000e+00	   0.000000e+00	   0.000000e+00	   0.000000e+00	   0.000000e+00	   0.000000e+00	   0.000000e+00	   0.000000e+00	   0.000000e+00	   2.026500e+06
   1.212425e-05	   4.500000e+02	   0.000000e+00	   0.000000e+00	   0.000000e+00	   0.000000e+00	   0.000000e+00	   0.000000e+00	   0.000000e+00	   0.000000e+00	   0.000000e+00	   0.000000e+00	   0.000000e+00	   0.000000e+00	   0.000000e+00	   0.000000e+00	   0.000000e+00	   0.000000e+00	   0.000000e+00	   0.000000e+00	   0.000000e+00	   0.000000e+00	   0.000000e+00	   0.000000e+00	   0.000000e+00	   0.000000e+00	   0.000000e+00	   0.000000e+00	   0.000000e+00	   0.000000e+00	   0.000000e+00	   0.000000e+00	   0.000000e+00	   0.000000e+00	   0.000000e+00	   0.000000e+00	   0.000000e+00	   0.000000e+00	   0.000000e+00	   1.000000e+00	   0.000000e+00	   0.000000e+00	   0.000000e+00	   0.000000e+00	   0.000000e+00	   0.000000e+00	   0.000000e+00	   0.000000e+00	   0.000000e+00	   0.000000e+00	   0.000000e+00	   0.000000e+00	   0.000000e+00	   0.000000e+00	   0.000000e+00	   0.000000e+00	   0.000000e+00	   0.000000e+00	   0.000000e+00	   0.000000e+00	   0.000000e+00	   0.000000e+00	   0.000000e+00	   0.000000e+00	   0.000000e+00	   0.000000e+00	   0.000000e+00	   0.000000e+00	   0.000000e+00	   0.000000e+00	   0.000000e+00	   0.000000e+00	   0.000000e+00	   0.000000e+00	   0.000000e+00	   0.000000e+00	   2.026500e+06
   1.222445e-05	   4.500000e+02	   0.000000e+00	   0.000000e+00	   0.000000e+00	   0.000000e+00	   0.000000e+00	   0.000000e+00	   0.000000e+00	   0.000000e+00	   0.000000e+00	   0.000000e+00	   0.000000e+00	   0.000000e+00	   0.000000e+00	   0.000000e+00	   0.000000e+00	   0.000000e+00	   0.000000e+00	   0.000000e+00	   0.000000e+00	   0.000000e+00	   0.000000e+00	   0.000000e+00	   0.000000e+00	   0.000000e+00	   0.000000e+00	   0.000000e+00	   0.000000e+00	   0.000000e+00	   0.000000e+00	   0.000000e+00	   0.000000e+00	   0.000000e+00	   0.000000e+00	   0.000000e+00	   0.000000e+00	   0.000000e+00	   0.000000e+00	   1.000000e+00	   0.000000e+00	   0.000000e+00	   0.000000e+00	   0.000000e+00	   0.000000e+00	   0.000000e+00	   0.000000e+00	   0.000000e+00	   0.000000e+00	   0.000000e+00	   0.000000e+00	   0.000000e+00	   0.000000e+00	   0.000000e+00	   0.000000e+00	   0.000000e+00	   0.000000e+00	   0.000000e+00	   0.000000e+00	   0.000000e+00	   0.000000e+00	   0.000000e+00	   0.000000e+00	   0.000000e+00	   0.000000e+00	   0.000000e+00	   0.000000e+00	   0.000000e+00	   0.000000e+00	   0.000000e+00	   0.000000e+00	   0.000000e+00	   0.000000e+00	   0.000000e+00	   0.000000e+00	   0.000000e+00	   2.026500e+06
   1.232465e-05	   4.500000e+02	   0.000000e+00	   0.000000e+00	   0.000000e+00	   0.000000e+00	   0.000000e+00	   0.000000e+00	   0.000000e+00	   0.000000e+00	   0.000000e+00	   0.000000e+00	   0.000000e+00	   0.000000e+00	   0.000000e+00	   0.000000e+00	   0.000000e+00	   0.000000e+00	   0.000000e+00	   0.000000e+00	   0.000000e+00	   0.000000e+00	   0.000000e+00	   0.000000e+00	   0.000000e+00	   0.000000e+00	   0.000000e+00	   0.000000e+00	   0.000000e+00	   0.000000e+00	   0.000000e+00	   0.000000e+00	   0.000000e+00	   0.000000e+00	   0.000000e+00	   0.000000e+00	   0.000000e+00	   0.000000e+00	   0.000000e+00	   1.000000e+00	   0.000000e+00	   0.000000e+00	   0.000000e+00	   0.000000e+00	   0.000000e+00	   0.000000e+00	   0.000000e+00	   0.000000e+00	   0.000000e+00	   0.000000e+00	   0.000000e+00	   0.000000e+00	   0.000000e+00	   0.000000e+00	   0.000000e+00	   0.000000e+00	   0.000000e+00	   0.000000e+00	   0.000000e+00	   0.000000e+00	   0.000000e+00	   0.000000e+00	   0.000000e+00	   0.000000e+00	   0.000000e+00	   0.000000e+00	   0.000000e+00	   0.000000e+00	   0.000000e+00	   0.000000e+00	   0.000000e+00	   0.000000e+00	   0.000000e+00	   0.000000e+00	   0.000000e+00	   0.000000e+00	   2.026500e+06
   1.242485e-05	   4.500000e+02	   0.000000e+00	   0.000000e+00	   0.000000e+00	   0.000000e+00	   0.000000e+00	   0.000000e+00	   0.000000e+00	   0.000000e+00	   0.000000e+00	   0.000000e+00	   0.000000e+00	   0.000000e+00	   0.000000e+00	   0.000000e+00	   0.000000e+00	   0.000000e+00	   0.000000e+00	   0.000000e+00	   0.000000e+00	   0.000000e+00	   0.000000e+00	   0.000000e+00	   0.000000e+00	   0.000000e+00	   0.000000e+00	   0.000000e+00	   0.000000e+00	   0.000000e+00	   0.000000e+00	   0.000000e+00	   0.000000e+00	   0.000000e+00	   0.000000e+00	   0.000000e+00	   0.000000e+00	   0.000000e+00	   0.000000e+00	   1.000000e+00	   0.000000e+00	   0.000000e+00	   0.000000e+00	   0.000000e+00	   0.000000e+00	   0.000000e+00	   0.000000e+00	   0.000000e+00	   0.000000e+00	   0.000000e+00	   0.000000e+00	   0.000000e+00	   0.000000e+00	   0.000000e+00	   0.000000e+00	   0.000000e+00	   0.000000e+00	   0.000000e+00	   0.000000e+00	   0.000000e+00	   0.000000e+00	   0.000000e+00	   0.000000e+00	   0.000000e+00	   0.000000e+00	   0.000000e+00	   0.000000e+00	   0.000000e+00	   0.000000e+00	   0.000000e+00	   0.000000e+00	   0.000000e+00	   0.000000e+00	   0.000000e+00	   0.000000e+00	   0.000000e+00	   2.026500e+06
   1.252505e-05	   4.500000e+02	   0.000000e+00	   0.000000e+00	   0.000000e+00	   0.000000e+00	   0.000000e+00	   0.000000e+00	   0.000000e+00	   0.000000e+00	   0.000000e+00	   0.000000e+00	   0.000000e+00	   0.000000e+00	   0.000000e+00	   0.000000e+00	   0.000000e+00	   0.000000e+00	   0.000000e+00	   0.000000e+00	   0.000000e+00	   0.000000e+00	   0.000000e+00	   0.000000e+00	   0.000000e+00	   0.000000e+00	   0.000000e+00	   0.000000e+00	   0.000000e+00	   0.000000e+00	   0.000000e+00	   0.000000e+00	   0.000000e+00	   0.000000e+00	   0.000000e+00	   0.000000e+00	   0.000000e+00	   0.000000e+00	   0.000000e+00	   1.000000e+00	   0.000000e+00	   0.000000e+00	   0.000000e+00	   0.000000e+00	   0.000000e+00	   0.000000e+00	   0.000000e+00	   0.000000e+00	   0.000000e+00	   0.000000e+00	   0.000000e+00	   0.000000e+00	   0.000000e+00	   0.000000e+00	   0.000000e+00	   0.000000e+00	   0.000000e+00	   0.000000e+00	   0.000000e+00	   0.000000e+00	   0.000000e+00	   0.000000e+00	   0.000000e+00	   0.000000e+00	   0.000000e+00	   0.000000e+00	   0.000000e+00	   0.000000e+00	   0.000000e+00	   0.000000e+00	   0.000000e+00	   0.000000e+00	   0.000000e+00	   0.000000e+00	   0.000000e+00	   0.000000e+00	   2.026500e+06
   1.262525e-05	   4.500000e+02	   0.000000e+00	   0.000000e+00	   0.000000e+00	   0.000000e+00	   0.000000e+00	   0.000000e+00	   0.000000e+00	   0.000000e+00	   0.000000e+00	   0.000000e+00	   0.000000e+00	   0.000000e+00	   0.000000e+00	   0.000000e+00	   0.000000e+00	   0.000000e+00	   0.000000e+00	   0.000000e+00	   0.000000e+00	   0.000000e+00	   0.000000e+00	   0.000000e+00	   0.000000e+00	   0.000000e+00	   0.000000e+00	   0.000000e+00	   0.000000e+00	   0.000000e+00	   0.000000e+00	   0.000000e+00	   0.000000e+00	   0.000000e+00	   0.000000e+00	   0.000000e+00	   0.000000e+00	   0.000000e+00	   0.000000e+00	   1.000000e+00	   0.000000e+00	   0.000000e+00	   0.000000e+00	   0.000000e+00	   0.000000e+00	   0.000000e+00	   0.000000e+00	   0.000000e+00	   0.000000e+00	   0.000000e+00	   0.000000e+00	   0.000000e+00	   0.000000e+00	   0.000000e+00	   0.000000e+00	   0.000000e+00	   0.000000e+00	   0.000000e+00	   0.000000e+00	   0.000000e+00	   0.000000e+00	   0.000000e+00	   0.000000e+00	   0.000000e+00	   0.000000e+00	   0.000000e+00	   0.000000e+00	   0.000000e+00	   0.000000e+00	   0.000000e+00	   0.000000e+00	   0.000000e+00	   0.000000e+00	   0.000000e+00	   0.000000e+00	   0.000000e+00	   2.026500e+06
   1.272545e-05	   4.500000e+02	   0.000000e+00	   0.000000e+00	   0.000000e+00	   0.000000e+00	   0.000000e+00	   0.000000e+00	   0.000000e+00	   0.000000e+00	   0.000000e+00	   0.000000e+00	   0.000000e+00	   0.000000e+00	   0.000000e+00	   0.000000e+00	   0.000000e+00	   0.000000e+00	   0.000000e+00	   0.000000e+00	   0.000000e+00	   0.000000e+00	   0.000000e+00	   0.000000e+00	   0.000000e+00	   0.000000e+00	   0.000000e+00	   0.000000e+00	   0.000000e+00	   0.000000e+00	   0.000000e+00	   0.000000e+00	   0.000000e+00	   0.000000e+00	   0.000000e+00	   0.000000e+00	   0.000000e+00	   0.000000e+00	   0.000000e+00	   1.000000e+00	   0.000000e+00	   0.000000e+00	   0.000000e+00	   0.000000e+00	   0.000000e+00	   0.000000e+00	   0.000000e+00	   0.000000e+00	   0.000000e+00	   0.000000e+00	   0.000000e+00	   0.000000e+00	   0.000000e+00	   0.000000e+00	   0.000000e+00	   0.000000e+00	   0.000000e+00	   0.000000e+00	   0.000000e+00	   0.000000e+00	   0.000000e+00	   0.000000e+00	   0.000000e+00	   0.000000e+00	   0.000000e+00	   0.000000e+00	   0.000000e+00	   0.000000e+00	   0.000000e+00	   0.000000e+00	   0.000000e+00	   0.000000e+00	   0.000000e+00	   0.000000e+00	   0.000000e+00	   0.000000e+00	   2.026500e+06
   1.282565e-05	   4.500000e+02	   0.000000e+00	   0.000000e+00	   0.000000e+00	   0.000000e+00	   0.000000e+00	   0.000000e+00	   0.000000e+00	   0.000000e+00	   0.000000e+00	   0.000000e+00	   0.000000e+00	   0.000000e+00	   0.000000e+00	   0.000000e+00	   0.000000e+00	   0.000000e+00	   0.000000e+00	   0.000000e+00	   0.000000e+00	   0.000000e+00	   0.000000e+00	   0.000000e+00	   0.000000e+00	   0.000000e+00	   0.000000e+00	   0.000000e+00	   0.000000e+00	   0.000000e+00	   0.000000e+00	   0.000000e+00	   0.000000e+00	   0.000000e+00	   0.000000e+00	   0.000000e+00	   0.000000e+00	   0.000000e+00	   0.000000e+00	   1.000000e+00	   0.000000e+00	   0.000000e+00	   0.000000e+00	   0.000000e+00	   0.000000e+00	   0.000000e+00	   0.000000e+00	   0.000000e+00	   0.000000e+00	   0.000000e+00	   0.000000e+00	   0.000000e+00	   0.000000e+00	   0.000000e+00	   0.000000e+00	   0.000000e+00	   0.000000e+00	   0.000000e+00	   0.000000e+00	   0.000000e+00	   0.000000e+00	   0.000000e+00	   0.000000e+00	   0.000000e+00	   0.000000e+00	   0.000000e+00	   0.000000e+00	   0.000000e+00	   0.000000e+00	   0.000000e+00	   0.000000e+00	   0.000000e+00	   0.000000e+00	   0.000000e+00	   0.000000e+00	   0.000000e+00	   2.026500e+06
   1.292585e-05	   4.500000e+02	   0.000000e+00	   0.000000e+00	   0.000000e+00	   0.000000e+00	   0.000000e+00	   0.000000e+00	   0.000000e+00	   0.000000e+00	   0.000000e+00	   0.000000e+00	   0.000000e+00	   0.000000e+00	   0.000000e+00	   0.000000e+00	   0.000000e+00	   0.000000e+00	   0.000000e+00	   0.000000e+00	   0.000000e+00	   0.000000e+00	   0.000000e+00	   0.000000e+00	   0.000000e+00	   0.000000e+00	   0.000000e+00	   0.000000e+00	   0.000000e+00	   0.000000e+00	   0.000000e+00	   0.000000e+00	   0.000000e+00	   0.000000e+00	   0.000000e+00	   0.000000e+00	   0.000000e+00	   0.000000e+00	   0.000000e+00	   1.000000e+00	   0.000000e+00	   0.000000e+00	   0.000000e+00	   0.000000e+00	   0.000000e+00	   0.000000e+00	   0.000000e+00	   0.000000e+00	   0.000000e+00	   0.000000e+00	   0.000000e+00	   0.000000e+00	   0.000000e+00	   0.000000e+00	   0.000000e+00	   0.000000e+00	   0.000000e+00	   0.000000e+00	   0.000000e+00	   0.000000e+00	   0.000000e+00	   0.000000e+00	   0.000000e+00	   0.000000e+00	   0.000000e+00	   0.000000e+00	   0.000000e+00	   0.000000e+00	   0.000000e+00	   0.000000e+00	   0.000000e+00	   0.000000e+00	   0.000000e+00	   0.000000e+00	   0.000000e+00	   0.000000e+00	   2.026500e+06
   1.302605e-05	   4.500000e+02	   0.000000e+00	   0.000000e+00	   0.000000e+00	   0.000000e+00	   0.000000e+00	   0.000000e+00	   0.000000e+00	   0.000000e+00	   0.000000e+00	   0.000000e+00	   0.000000e+00	   0.000000e+00	   0.000000e+00	   0.000000e+00	   0.000000e+00	   0.000000e+00	   0.000000e+00	   0.000000e+00	   0.000000e+00	   0.000000e+00	   0.000000e+00	   0.000000e+00	   0.000000e+00	   0.000000e+00	   0.000000e+00	   0.000000e+00	   0.000000e+00	   0.000000e+00	   0.000000e+00	   0.000000e+00	   0.000000e+00	   0.000000e+00	   0.000000e+00	   0.000000e+00	   0.000000e+00	   0.000000e+00	   0.000000e+00	   1.000000e+00	   0.000000e+00	   0.000000e+00	   0.000000e+00	   0.000000e+00	   0.000000e+00	   0.000000e+00	   0.000000e+00	   0.000000e+00	   0.000000e+00	   0.000000e+00	   0.000000e+00	   0.000000e+00	   0.000000e+00	   0.000000e+00	   0.000000e+00	   0.000000e+00	   0.000000e+00	   0.000000e+00	   0.000000e+00	   0.000000e+00	   0.000000e+00	   0.000000e+00	   0.000000e+00	   0.000000e+00	   0.000000e+00	   0.000000e+00	   0.000000e+00	   0.000000e+00	   0.000000e+00	   0.000000e+00	   0.000000e+00	   0.000000e+00	   0.000000e+00	   0.000000e+00	   0.000000e+00	   0.000000e+00	   2.026500e+06
   1.312625e-05	   4.500000e+02	   0.000000e+00	   0.000000e+00	   0.000000e+00	   0.000000e+00	   0.000000e+00	   0.000000e+00	   0.000000e+00	   0.000000e+00	   0.000000e+00	   0.000000e+00	   0.000000e+00	   0.000000e+00	   0.000000e+00	   0.000000e+00	   0.000000e+00	   0.000000e+00	   0.000000e+00	   0.000000e+00	   0.000000e+00	   0.000000e+00	   0.000000e+00	   0.000000e+00	   0.000000e+00	   0.000000e+00	   0.000000e+00	   0.000000e+00	   0.000000e+00	   0.000000e+00	   0.000000e+00	   0.000000e+00	   0.000000e+00	   0.000000e+00	   0.000000e+00	   0.000000e+00	   0.000000e+00	   0.000000e+00	   0.000000e+00	   1.000000e+00	   0.000000e+00	   0.000000e+00	   0.000000e+00	   0.000000e+00	   0.000000e+00	   0.000000e+00	   0.000000e+00	   0.000000e+00	   0.000000e+00	   0.000000e+00	   0.000000e+00	   0.000000e+00	   0.000000e+00	   0.000000e+00	   0.000000e+00	   0.000000e+00	   0.000000e+00	   0.000000e+00	   0.000000e+00	   0.000000e+00	   0.000000e+00	   0.000000e+00	   0.000000e+00	   0.000000e+00	   0.000000e+00	   0.000000e+00	   0.000000e+00	   0.000000e+00	   0.000000e+00	   0.000000e+00	   0.000000e+00	   0.000000e+00	   0.000000e+00	   0.000000e+00	   0.000000e+00	   0.000000e+00	   2.026500e+06
   1.322645e-05	   4.500000e+02	   0.000000e+00	   0.000000e+00	   0.000000e+00	   0.000000e+00	   0.000000e+00	   0.000000e+00	   0.000000e+00	   0.000000e+00	   0.000000e+00	   0.000000e+00	   0.000000e+00	   0.000000e+00	   0.000000e+00	   0.000000e+00	   0.000000e+00	   0.000000e+00	   0.000000e+00	   0.000000e+00	   0.000000e+00	   0.000000e+00	   0.000000e+00	   0.000000e+00	   0.000000e+00	   0.000000e+00	   0.000000e+00	   0.000000e+00	   0.000000e+00	   0.000000e+00	   0.000000e+00	   0.000000e+00	   0.000000e+00	   0.000000e+00	   0.000000e+00	   0.000000e+00	   0.000000e+00	   0.000000e+00	   0.000000e+00	   1.000000e+00	   0.000000e+00	   0.000000e+00	   0.000000e+00	   0.000000e+00	   0.000000e+00	   0.000000e+00	   0.000000e+00	   0.000000e+00	   0.000000e+00	   0.000000e+00	   0.000000e+00	   0.000000e+00	   0.000000e+00	   0.000000e+00	   0.000000e+00	   0.000000e+00	   0.000000e+00	   0.000000e+00	   0.000000e+00	   0.000000e+00	   0.000000e+00	   0.000000e+00	   0.000000e+00	   0.000000e+00	   0.000000e+00	   0.000000e+00	   0.000000e+00	   0.000000e+00	   0.000000e+00	   0.000000e+00	   0.000000e+00	   0.000000e+00	   0.000000e+00	   0.000000e+00	   0.000000e+00	   0.000000e+00	   2.026500e+06
   1.332665e-05	   4.500000e+02	   0.000000e+00	   0.000000e+00	   0.000000e+00	   0.000000e+00	   0.000000e+00	   0.000000e+00	   0.000000e+00	   0.000000e+00	   0.000000e+00	   0.000000e+00	   0.000000e+00	   0.000000e+00	   0.000000e+00	   0.000000e+00	   0.000000e+00	   0.000000e+00	   0.000000e+00	   0.000000e+00	   0.000000e+00	   0.000000e+00	   0.000000e+00	   0.000000e+00	   0.000000e+00	   0.000000e+00	   0.000000e+00	   0.000000e+00	   0.000000e+00	   0.000000e+00	   0.000000e+00	   0.000000e+00	   0.000000e+00	   0.000000e+00	   0.000000e+00	   0.000000e+00	   0.000000e+00	   0.000000e+00	   0.000000e+00	   1.000000e+00	   0.000000e+00	   0.000000e+00	   0.000000e+00	   0.000000e+00	   0.000000e+00	   0.000000e+00	   0.000000e+00	   0.000000e+00	   0.000000e+00	   0.000000e+00	   0.000000e+00	   0.000000e+00	   0.000000e+00	   0.000000e+00	   0.000000e+00	   0.000000e+00	   0.000000e+00	   0.000000e+00	   0.000000e+00	   0.000000e+00	   0.000000e+00	   0.000000e+00	   0.000000e+00	   0.000000e+00	   0.000000e+00	   0.000000e+00	   0.000000e+00	   0.000000e+00	   0.000000e+00	   0.000000e+00	   0.000000e+00	   0.000000e+00	   0.000000e+00	   0.000000e+00	   0.000000e+00	   0.000000e+00	   2.026500e+06
   1.342685e-05	   4.500000e+02	   0.000000e+00	   0.000000e+00	   0.000000e+00	   0.000000e+00	   0.000000e+00	   0.000000e+00	   0.000000e+00	   0.000000e+00	   0.000000e+00	   0.000000e+00	   0.000000e+00	   0.000000e+00	   0.000000e+00	   0.000000e+00	   0.000000e+00	   0.000000e+00	   0.000000e+00	   0.000000e+00	   0.000000e+00	   0.000000e+00	   0.000000e+00	   0.000000e+00	   0.000000e+00	   0.000000e+00	   0.000000e+00	   0.000000e+00	   0.000000e+00	   0.000000e+00	   0.000000e+00	   0.000000e+00	   0.000000e+00	   0.000000e+00	   0.000000e+00	   0.000000e+00	   0.000000e+00	   0.000000e+00	   0.000000e+00	   1.000000e+00	   0.000000e+00	   0.000000e+00	   0.000000e+00	   0.000000e+00	   0.000000e+00	   0.000000e+00	   0.000000e+00	   0.000000e+00	   0.000000e+00	   0.000000e+00	   0.000000e+00	   0.000000e+00	   0.000000e+00	   0.000000e+00	   0.000000e+00	   0.000000e+00	   0.000000e+00	   0.000000e+00	   0.000000e+00	   0.000000e+00	   0.000000e+00	   0.000000e+00	   0.000000e+00	   0.000000e+00	   0.000000e+00	   0.000000e+00	   0.000000e+00	   0.000000e+00	   0.000000e+00	   0.000000e+00	   0.000000e+00	   0.000000e+00	   0.000000e+00	   0.000000e+00	   0.000000e+00	   0.000000e+00	   2.026500e+06
   1.352705e-05	   4.500000e+02	   0.000000e+00	   0.000000e+00	   0.000000e+00	   0.000000e+00	   0.000000e+00	   0.000000e+00	   0.000000e+00	   0.000000e+00	   0.000000e+00	   0.000000e+00	   0.000000e+00	   0.000000e+00	   0.000000e+00	   0.000000e+00	   0.000000e+00	   0.000000e+00	   0.000000e+00	   0.000000e+00	   0.000000e+00	   0.000000e+00	   0.000000e+00	   0.000000e+00	   0.000000e+00	   0.000000e+00	   0.000000e+00	   0.000000e+00	   0.000000e+00	   0.000000e+00	   0.000000e+00	   0.000000e+00	   0.000000e+00	   0.000000e+00	   0.000000e+00	   0.000000e+00	   0.000000e+00	   0.000000e+00	   0.000000e+00	   1.000000e+00	   0.000000e+00	   0.000000e+00	   0.000000e+00	   0.000000e+00	   0.000000e+00	   0.000000e+00	   0.000000e+00	   0.000000e+00	   0.000000e+00	   0.000000e+00	   0.000000e+00	   0.000000e+00	   0.000000e+00	   0.000000e+00	   0.000000e+00	   0.000000e+00	   0.000000e+00	   0.000000e+00	   0.000000e+00	   0.000000e+00	   0.000000e+00	   0.000000e+00	   0.000000e+00	   0.000000e+00	   0.000000e+00	   0.000000e+00	   0.000000e+00	   0.000000e+00	   0.000000e+00	   0.000000e+00	   0.000000e+00	   0.000000e+00	   0.000000e+00	   0.000000e+00	   0.000000e+00	   0.000000e+00	   2.026500e+06
   1.362725e-05	   4.500000e+02	   0.000000e+00	   0.000000e+00	   0.000000e+00	   0.000000e+00	   0.000000e+00	   0.000000e+00	   0.000000e+00	   0.000000e+00	   0.000000e+00	   0.000000e+00	   0.000000e+00	   0.000000e+00	   0.000000e+00	   0.000000e+00	   0.000000e+00	   0.000000e+00	   0.000000e+00	   0.000000e+00	   0.000000e+00	   0.000000e+00	   0.000000e+00	   0.000000e+00	   0.000000e+00	   0.000000e+00	   0.000000e+00	   0.000000e+00	   0.000000e+00	   0.000000e+00	   0.000000e+00	   0.000000e+00	   0.000000e+00	   0.000000e+00	   0.000000e+00	   0.000000e+00	   0.000000e+00	   0.000000e+00	   0.000000e+00	   1.000000e+00	   0.000000e+00	   0.000000e+00	   0.000000e+00	   0.000000e+00	   0.000000e+00	   0.000000e+00	   0.000000e+00	   0.000000e+00	   0.000000e+00	   0.000000e+00	   0.000000e+00	   0.000000e+00	   0.000000e+00	   0.000000e+00	   0.000000e+00	   0.000000e+00	   0.000000e+00	   0.000000e+00	   0.000000e+00	   0.000000e+00	   0.000000e+00	   0.000000e+00	   0.000000e+00	   0.000000e+00	   0.000000e+00	   0.000000e+00	   0.000000e+00	   0.000000e+00	   0.000000e+00	   0.000000e+00	   0.000000e+00	   0.000000e+00	   0.000000e+00	   0.000000e+00	   0.000000e+00	   0.000000e+00	   2.026500e+06
   1.372745e-05	   4.500000e+02	   0.000000e+00	   0.000000e+00	   0.000000e+00	   0.000000e+00	   0.000000e+00	   0.000000e+00	   0.000000e+00	   0.000000e+00	   0.000000e+00	   0.000000e+00	   0.000000e+00	   0.000000e+00	   0.000000e+00	   0.000000e+00	   0.000000e+00	   0.000000e+00	   0.000000e+00	   0.000000e+00	   0.000000e+00	   0.000000e+00	   0.000000e+00	   0.000000e+00	   0.000000e+00	   0.000000e+00	   0.000000e+00	   0.000000e+00	   0.000000e+00	   0.000000e+00	   0.000000e+00	   0.000000e+00	   0.000000e+00	   0.000000e+00	   0.000000e+00	   0.000000e+00	   0.000000e+00	   0.000000e+00	   0.000000e+00	   1.000000e+00	   0.000000e+00	   0.000000e+00	   0.000000e+00	   0.000000e+00	   0.000000e+00	   0.000000e+00	   0.000000e+00	   0.000000e+00	   0.000000e+00	   0.000000e+00	   0.000000e+00	   0.000000e+00	   0.000000e+00	   0.000000e+00	   0.000000e+00	   0.000000e+00	   0.000000e+00	   0.000000e+00	   0.000000e+00	   0.000000e+00	   0.000000e+00	   0.000000e+00	   0.000000e+00	   0.000000e+00	   0.000000e+00	   0.000000e+00	   0.000000e+00	   0.000000e+00	   0.000000e+00	   0.000000e+00	   0.000000e+00	   0.000000e+00	   0.000000e+00	   0.000000e+00	   0.000000e+00	   0.000000e+00	   2.026500e+06
   1.382766e-05	   4.500000e+02	   0.000000e+00	   0.000000e+00	   0.000000e+00	   0.000000e+00	   0.000000e+00	   0.000000e+00	   0.000000e+00	   0.000000e+00	   0.000000e+00	   0.000000e+00	   0.000000e+00	   0.000000e+00	   0.000000e+00	   0.000000e+00	   0.000000e+00	   0.000000e+00	   0.000000e+00	   0.000000e+00	   0.000000e+00	   0.000000e+00	   0.000000e+00	   0.000000e+00	   0.000000e+00	   0.000000e+00	   0.000000e+00	   0.000000e+00	   0.000000e+00	   0.000000e+00	   0.000000e+00	   0.000000e+00	   0.000000e+00	   0.000000e+00	   0.000000e+00	   0.000000e+00	   0.000000e+00	   0.000000e+00	   0.000000e+00	   1.000000e+00	   0.000000e+00	   0.000000e+00	   0.000000e+00	   0.000000e+00	   0.000000e+00	   0.000000e+00	   0.000000e+00	   0.000000e+00	   0.000000e+00	   0.000000e+00	   0.000000e+00	   0.000000e+00	   0.000000e+00	   0.000000e+00	   0.000000e+00	   0.000000e+00	   0.000000e+00	   0.000000e+00	   0.000000e+00	   0.000000e+00	   0.000000e+00	   0.000000e+00	   0.000000e+00	   0.000000e+00	   0.000000e+00	   0.000000e+00	   0.000000e+00	   0.000000e+00	   0.000000e+00	   0.000000e+00	   0.000000e+00	   0.000000e+00	   0.000000e+00	   0.000000e+00	   0.000000e+00	   0.000000e+00	   2.026500e+06
   1.392786e-05	   4.500000e+02	   0.000000e+00	   0.000000e+00	   0.000000e+00	   0.000000e+00	   0.000000e+00	   0.000000e+00	   0.000000e+00	   0.000000e+00	   0.000000e+00	   0.000000e+00	   0.000000e+00	   0.000000e+00	   0.000000e+00	   0.000000e+00	   0.000000e+00	   0.000000e+00	   0.000000e+00	   0.000000e+00	   0.000000e+00	   0.000000e+00	   0.000000e+00	   0.000000e+00	   0.000000e+00	   0.000000e+00	   0.000000e+00	   0.000000e+00	   0.000000e+00	   0.000000e+00	   0.000000e+00	   0.000000e+00	   0.000000e+00	   0.000000e+00	   0.000000e+00	   0.000000e+00	   0.000000e+00	   0.000000e+00	   0.000000e+00	   1.000000e+00	   0.000000e+00	   0.000000e+00	   0.000000e+00	   0.000000e+00	   0.000000e+00	   0.000000e+00	   0.000000e+00	   0.000000e+00	   0.000000e+00	   0.000000e+00	   0.000000e+00	   0.000000e+00	   0.000000e+00	   0.000000e+00	   0.000000e+00	   0.000000e+00	   0.000000e+00	   0.000000e+00	   0.000000e+00	   0.000000e+00	   0.000000e+00	   0.000000e+00	   0.000000e+00	   0.000000e+00	   0.000000e+00	   0.000000e+00	   0.000000e+00	   0.000000e+00	   0.000000e+00	   0.000000e+00	   0.000000e+00	   0.000000e+00	   0.000000e+00	   0.000000e+00	   0.000000e+00	   0.000000e+00	   2.026500e+06
   1.402806e-05	   4.500000e+02	   0.000000e+00	   0.000000e+00	   0.000000e+00	   0.000000e+00	   0.000000e+00	   0.000000e+00	   0.000000e+00	   0.000000e+00	   0.000000e+00	   0.000000e+00	   0.000000e+00	   0.000000e+00	   0.000000e+00	   0.000000e+00	   0.000000e+00	   0.000000e+00	   0.000000e+00	   0.000000e+00	   0.000000e+00	   0.000000e+00	   0.000000e+00	   0.000000e+00	   0.000000e+00	   0.000000e+00	   0.000000e+00	   0.000000e+00	   0.000000e+00	   0.000000e+00	   0.000000e+00	   0.000000e+00	   0.000000e+00	   0.000000e+00	   0.000000e+00	   0.000000e+00	   0.000000e+00	   0.000000e+00	   0.000000e+00	   1.000000e+00	   0.000000e+00	   0.000000e+00	   0.000000e+00	   0.000000e+00	   0.000000e+00	   0.000000e+00	   0.000000e+00	   0.000000e+00	   0.000000e+00	   0.000000e+00	   0.000000e+00	   0.000000e+00	   0.000000e+00	   0.000000e+00	   0.000000e+00	   0.000000e+00	   0.000000e+00	   0.000000e+00	   0.000000e+00	   0.000000e+00	   0.000000e+00	   0.000000e+00	   0.000000e+00	   0.000000e+00	   0.000000e+00	   0.000000e+00	   0.000000e+00	   0.000000e+00	   0.000000e+00	   0.000000e+00	   0.000000e+00	   0.000000e+00	   0.000000e+00	   0.000000e+00	   0.000000e+00	   0.000000e+00	   2.026500e+06
   1.412826e-05	   4.500000e+02	   0.000000e+00	   0.000000e+00	   0.000000e+00	   0.000000e+00	   0.000000e+00	   0.000000e+00	   0.000000e+00	   0.000000e+00	   0.000000e+00	   0.000000e+00	   0.000000e+00	   0.000000e+00	   0.000000e+00	   0.000000e+00	   0.000000e+00	   0.000000e+00	   0.000000e+00	   0.000000e+00	   0.000000e+00	   0.000000e+00	   0.000000e+00	   0.000000e+00	   0.000000e+00	   0.000000e+00	   0.000000e+00	   0.000000e+00	   0.000000e+00	   0.000000e+00	   0.000000e+00	   0.000000e+00	   0.000000e+00	   0.000000e+00	   0.000000e+00	   0.000000e+00	   0.000000e+00	   0.000000e+00	   0.000000e+00	   1.000000e+00	   0.000000e+00	   0.000000e+00	   0.000000e+00	   0.000000e+00	   0.000000e+00	   0.000000e+00	   0.000000e+00	   0.000000e+00	   0.000000e+00	   0.000000e+00	   0.000000e+00	   0.000000e+00	   0.000000e+00	   0.000000e+00	   0.000000e+00	   0.000000e+00	   0.000000e+00	   0.000000e+00	   0.000000e+00	   0.000000e+00	   0.000000e+00	   0.000000e+00	   0.000000e+00	   0.000000e+00	   0.000000e+00	   0.000000e+00	   0.000000e+00	   0.000000e+00	   0.000000e+00	   0.000000e+00	   0.000000e+00	   0.000000e+00	   0.000000e+00	   0.000000e+00	   0.000000e+00	   0.000000e+00	   2.026500e+06
   1.422846e-05	   4.500000e+02	   0.000000e+00	   0.000000e+00	   0.000000e+00	   0.000000e+00	   0.000000e+00	   0.000000e+00	   0.000000e+00	   0.000000e+00	   0.000000e+00	   0.000000e+00	   0.000000e+00	   0.000000e+00	   0.000000e+00	   0.000000e+00	   0.000000e+00	   0.000000e+00	   0.000000e+00	   0.000000e+00	   0.000000e+00	   0.000000e+00	   0.000000e+00	   0.000000e+00	   0.000000e+00	   0.000000e+00	   0.000000e+00	   0.000000e+00	   0.000000e+00	   0.000000e+00	   0.000000e+00	   0.000000e+00	   0.000000e+00	   0.000000e+00	   0.000000e+00	   0.000000e+00	   0.000000e+00	   0.000000e+00	   0.000000e+00	   1.000000e+00	   0.000000e+00	   0.000000e+00	   0.000000e+00	   0.000000e+00	   0.000000e+00	   0.000000e+00	   0.000000e+00	   0.000000e+00	   0.000000e+00	   0.000000e+00	   0.000000e+00	   0.000000e+00	   0.000000e+00	   0.000000e+00	   0.000000e+00	   0.000000e+00	   0.000000e+00	   0.000000e+00	   0.000000e+00	   0.000000e+00	   0.000000e+00	   0.000000e+00	   0.000000e+00	   0.000000e+00	   0.000000e+00	   0.000000e+00	   0.000000e+00	   0.000000e+00	   0.000000e+00	   0.000000e+00	   0.000000e+00	   0.000000e+00	   0.000000e+00	   0.000000e+00	   0.000000e+00	   0.000000e+00	   2.026500e+06
   1.432866e-05	   4.500000e+02	   0.000000e+00	   0.000000e+00	   0.000000e+00	   0.000000e+00	   0.000000e+00	   0.000000e+00	   0.000000e+00	   0.000000e+00	   0.000000e+00	   0.000000e+00	   0.000000e+00	   0.000000e+00	   0.000000e+00	   0.000000e+00	   0.000000e+00	   0.000000e+00	   0.000000e+00	   0.000000e+00	   0.000000e+00	   0.000000e+00	   0.000000e+00	   0.000000e+00	   0.000000e+00	   0.000000e+00	   0.000000e+00	   0.000000e+00	   0.000000e+00	   0.000000e+00	   0.000000e+00	   0.000000e+00	   0.000000e+00	   0.000000e+00	   0.000000e+00	   0.000000e+00	   0.000000e+00	   0.000000e+00	   0.000000e+00	   1.000000e+00	   0.000000e+00	   0.000000e+00	   0.000000e+00	   0.000000e+00	   0.000000e+00	   0.000000e+00	   0.000000e+00	   0.000000e+00	   0.000000e+00	   0.000000e+00	   0.000000e+00	   0.000000e+00	   0.000000e+00	   0.000000e+00	   0.000000e+00	   0.000000e+00	   0.000000e+00	   0.000000e+00	   0.000000e+00	   0.000000e+00	   0.000000e+00	   0.000000e+00	   0.000000e+00	   0.000000e+00	   0.000000e+00	   0.000000e+00	   0.000000e+00	   0.000000e+00	   0.000000e+00	   0.000000e+00	   0.000000e+00	   0.000000e+00	   0.000000e+00	   0.000000e+00	   0.000000e+00	   0.000000e+00	   2.026500e+06
   1.442886e-05	   4.500000e+02	   0.000000e+00	   0.000000e+00	   0.000000e+00	   0.000000e+00	   0.000000e+00	   0.000000e+00	   0.000000e+00	   0.000000e+00	   0.000000e+00	   0.000000e+00	   0.000000e+00	   0.000000e+00	   0.000000e+00	   0.000000e+00	   0.000000e+00	   0.000000e+00	   0.000000e+00	   0.000000e+00	   0.000000e+00	   0.000000e+00	   0.000000e+00	   0.000000e+00	   0.000000e+00	   0.000000e+00	   0.000000e+00	   0.000000e+00	   0.000000e+00	   0.000000e+00	   0.000000e+00	   0.000000e+00	   0.000000e+00	   0.000000e+00	   0.000000e+00	   0.000000e+00	   0.000000e+00	   0.000000e+00	   0.000000e+00	   1.000000e+00	   0.000000e+00	   0.000000e+00	   0.000000e+00	   0.000000e+00	   0.000000e+00	   0.000000e+00	   0.000000e+00	   0.000000e+00	   0.000000e+00	   0.000000e+00	   0.000000e+00	   0.000000e+00	   0.000000e+00	   0.000000e+00	   0.000000e+00	   0.000000e+00	   0.000000e+00	   0.000000e+00	   0.000000e+00	   0.000000e+00	   0.000000e+00	   0.000000e+00	   0.000000e+00	   0.000000e+00	   0.000000e+00	   0.000000e+00	   0.000000e+00	   0.000000e+00	   0.000000e+00	   0.000000e+00	   0.000000e+00	   0.000000e+00	   0.000000e+00	   0.000000e+00	   0.000000e+00	   0.000000e+00	   2.026500e+06
   1.452906e-05	   4.500000e+02	   0.000000e+00	   0.000000e+00	   0.000000e+00	   0.000000e+00	   0.000000e+00	   0.000000e+00	   0.000000e+00	   0.000000e+00	   0.000000e+00	   0.000000e+00	   0.000000e+00	   0.000000e+00	   0.000000e+00	   0.000000e+00	   0.000000e+00	   0.000000e+00	   0.000000e+00	   0.000000e+00	   0.000000e+00	   0.000000e+00	   0.000000e+00	   0.000000e+00	   0.000000e+00	   0.000000e+00	   0.000000e+00	   0.000000e+00	   0.000000e+00	   0.000000e+00	   0.000000e+00	   0.000000e+00	   0.000000e+00	   0.000000e+00	   0.000000e+00	   0.000000e+00	   0.000000e+00	   0.000000e+00	   0.000000e+00	   1.000000e+00	   0.000000e+00	   0.000000e+00	   0.000000e+00	   0.000000e+00	   0.000000e+00	   0.000000e+00	   0.000000e+00	   0.000000e+00	   0.000000e+00	   0.000000e+00	   0.000000e+00	   0.000000e+00	   0.000000e+00	   0.000000e+00	   0.000000e+00	   0.000000e+00	   0.000000e+00	   0.000000e+00	   0.000000e+00	   0.000000e+00	   0.000000e+00	   0.000000e+00	   0.000000e+00	   0.000000e+00	   0.000000e+00	   0.000000e+00	   0.000000e+00	   0.000000e+00	   0.000000e+00	   0.000000e+00	   0.000000e+00	   0.000000e+00	   0.000000e+00	   0.000000e+00	   0.000000e+00	   0.000000e+00	   2.026500e+06
   1.462926e-05	   4.500000e+02	   0.000000e+00	   0.000000e+00	   0.000000e+00	   0.000000e+00	   0.000000e+00	   0.000000e+00	   0.000000e+00	   0.000000e+00	   0.000000e+00	   0.000000e+00	   0.000000e+00	   0.000000e+00	   0.000000e+00	   0.000000e+00	   0.000000e+00	   0.000000e+00	   0.000000e+00	   0.000000e+00	   0.000000e+00	   0.000000e+00	   0.000000e+00	   0.000000e+00	   0.000000e+00	   0.000000e+00	   0.000000e+00	   0.000000e+00	   0.000000e+00	   0.000000e+00	   0.000000e+00	   0.000000e+00	   0.000000e+00	   0.000000e+00	   0.000000e+00	   0.000000e+00	   0.000000e+00	   0.000000e+00	   0.000000e+00	   1.000000e+00	   0.000000e+00	   0.000000e+00	   0.000000e+00	   0.000000e+00	   0.000000e+00	   0.000000e+00	   0.000000e+00	   0.000000e+00	   0.000000e+00	   0.000000e+00	   0.000000e+00	   0.000000e+00	   0.000000e+00	   0.000000e+00	   0.000000e+00	   0.000000e+00	   0.000000e+00	   0.000000e+00	   0.000000e+00	   0.000000e+00	   0.000000e+00	   0.000000e+00	   0.000000e+00	   0.000000e+00	   0.000000e+00	   0.000000e+00	   0.000000e+00	   0.000000e+00	   0.000000e+00	   0.000000e+00	   0.000000e+00	   0.000000e+00	   0.000000e+00	   0.000000e+00	   0.000000e+00	   0.000000e+00	   2.026500e+06
   1.472946e-05	   4.500000e+02	   0.000000e+00	   0.000000e+00	   0.000000e+00	   0.000000e+00	   0.000000e+00	   0.000000e+00	   0.000000e+00	   0.000000e+00	   0.000000e+00	   0.000000e+00	   0.000000e+00	   0.000000e+00	   0.000000e+00	   0.000000e+00	   0.000000e+00	   0.000000e+00	   0.000000e+00	   0.000000e+00	   0.000000e+00	   0.000000e+00	   0.000000e+00	   0.000000e+00	   0.000000e+00	   0.000000e+00	   0.000000e+00	   0.000000e+00	   0.000000e+00	   0.000000e+00	   0.000000e+00	   0.000000e+00	   0.000000e+00	   0.000000e+00	   0.000000e+00	   0.000000e+00	   0.000000e+00	   0.000000e+00	   0.000000e+00	   1.000000e+00	   0.000000e+00	   0.000000e+00	   0.000000e+00	   0.000000e+00	   0.000000e+00	   0.000000e+00	   0.000000e+00	   0.000000e+00	   0.000000e+00	   0.000000e+00	   0.000000e+00	   0.000000e+00	   0.000000e+00	   0.000000e+00	   0.000000e+00	   0.000000e+00	   0.000000e+00	   0.000000e+00	   0.000000e+00	   0.000000e+00	   0.000000e+00	   0.000000e+00	   0.000000e+00	   0.000000e+00	   0.000000e+00	   0.000000e+00	   0.000000e+00	   0.000000e+00	   0.000000e+00	   0.000000e+00	   0.000000e+00	   0.000000e+00	   0.000000e+00	   0.000000e+00	   0.000000e+00	   0.000000e+00	   2.026500e+06
   1.482966e-05	   4.500000e+02	   0.000000e+00	   0.000000e+00	   0.000000e+00	   0.000000e+00	   0.000000e+00	   0.000000e+00	   0.000000e+00	   0.000000e+00	   0.000000e+00	   0.000000e+00	   0.000000e+00	   0.000000e+00	   0.000000e+00	   0.000000e+00	   0.000000e+00	   0.000000e+00	   0.000000e+00	   0.000000e+00	   0.000000e+00	   0.000000e+00	   0.000000e+00	   0.000000e+00	   0.000000e+00	   0.000000e+00	   0.000000e+00	   0.000000e+00	   0.000000e+00	   0.000000e+00	   0.000000e+00	   0.000000e+00	   0.000000e+00	   0.000000e+00	   0.000000e+00	   0.000000e+00	   0.000000e+00	   0.000000e+00	   0.000000e+00	   1.000000e+00	   0.000000e+00	   0.000000e+00	   0.000000e+00	   0.000000e+00	   0.000000e+00	   0.000000e+00	   0.000000e+00	   0.000000e+00	   0.000000e+00	   0.000000e+00	   0.000000e+00	   0.000000e+00	   0.000000e+00	   0.000000e+00	   0.000000e+00	   0.000000e+00	   0.000000e+00	   0.000000e+00	   0.000000e+00	   0.000000e+00	   0.000000e+00	   0.000000e+00	   0.000000e+00	   0.000000e+00	   0.000000e+00	   0.000000e+00	   0.000000e+00	   0.000000e+00	   0.000000e+00	   0.000000e+00	   0.000000e+00	   0.000000e+00	   0.000000e+00	   0.000000e+00	   0.000000e+00	   0.000000e+00	   2.026500e+06
   1.492986e-05	   4.500000e+02	   0.000000e+00	   0.000000e+00	   0.000000e+00	   0.000000e+00	   0.000000e+00	   0.000000e+00	   0.000000e+00	   0.000000e+00	   0.000000e+00	   0.000000e+00	   0.000000e+00	   0.000000e+00	   0.000000e+00	   0.000000e+00	   0.000000e+00	   0.000000e+00	   0.000000e+00	   0.000000e+00	   0.000000e+00	   0.000000e+00	   0.000000e+00	   0.000000e+00	   0.000000e+00	   0.000000e+00	   0.000000e+00	   0.000000e+00	   0.000000e+00	   0.000000e+00	   0.000000e+00	   0.000000e+00	   0.000000e+00	   0.000000e+00	   0.000000e+00	   0.000000e+00	   0.000000e+00	   0.000000e+00	   0.000000e+00	   1.000000e+00	   0.000000e+00	   0.000000e+00	   0.000000e+00	   0.000000e+00	   0.000000e+00	   0.000000e+00	   0.000000e+00	   0.000000e+00	   0.000000e+00	   0.000000e+00	   0.000000e+00	   0.000000e+00	   0.000000e+00	   0.000000e+00	   0.000000e+00	   0.000000e+00	   0.000000e+00	   0.000000e+00	   0.000000e+00	   0.000000e+00	   0.000000e+00	   0.000000e+00	   0.000000e+00	   0.000000e+00	   0.000000e+00	   0.000000e+00	   0.000000e+00	   0.000000e+00	   0.000000e+00	   0.000000e+00	   0.000000e+00	   0.000000e+00	   0.000000e+00	   0.000000e+00	   0.000000e+00	   0.000000e+00	   2.026500e+06
   1.503006e-05	   4.500000e+02	   0.000000e+00	   0.000000e+00	   0.000000e+00	   0.000000e+00	   0.000000e+00	   0.000000e+00	   0.000000e+00	   0.000000e+00	   0.000000e+00	   0.000000e+00	   0.000000e+00	   0.000000e+00	   0.000000e+00	   0.000000e+00	   0.000000e+00	   0.000000e+00	   0.000000e+00	   0.000000e+00	   0.000000e+00	   0.000000e+00	   0.000000e+00	   0.000000e+00	   0.000000e+00	   0.000000e+00	   0.000000e+00	   0.000000e+00	   0.000000e+00	   0.000000e+00	   0.000000e+00	   0.000000e+00	   0.000000e+00	   0.000000e+00	   0.000000e+00	   0.000000e+00	   0.000000e+00	   0.000000e+00	   0.000000e+00	   1.000000e+00	   0.000000e+00	   0.000000e+00	   0.000000e+00	   0.000000e+00	   0.000000e+00	   0.000000e+00	   0.000000e+00	   0.000000e+00	   0.000000e+00	   0.000000e+00	   0.000000e+00	   0.000000e+00	   0.000000e+00	   0.000000e+00	   0.000000e+00	   0.000000e+00	   0.000000e+00	   0.000000e+00	   0.000000e+00	   0.000000e+00	   0.000000e+00	   0.000000e+00	   0.000000e+00	   0.000000e+00	   0.000000e+00	   0.000000e+00	   0.000000e+00	   0.000000e+00	   0.000000e+00	   0.000000e+00	   0.000000e+00	   0.000000e+00	   0.000000e+00	   0.000000e+00	   0.000000e+00	   0.000000e+00	   2.026500e+06
   1.513026e-05	   4.500000e+02	   0.000000e+00	   0.000000e+00	   0.000000e+00	   0.000000e+00	   0.000000e+00	   0.000000e+00	   0.000000e+00	   0.000000e+00	   0.000000e+00	   0.000000e+00	   0.000000e+00	   0.000000e+00	   0.000000e+00	   0.000000e+00	   0.000000e+00	   0.000000e+00	   0.000000e+00	   0.000000e+00	   0.000000e+00	   0.000000e+00	   0.000000e+00	   0.000000e+00	   0.000000e+00	   0.000000e+00	   0.000000e+00	   0.000000e+00	   0.000000e+00	   0.000000e+00	   0.000000e+00	   0.000000e+00	   0.000000e+00	   0.000000e+00	   0.000000e+00	   0.000000e+00	   0.000000e+00	   0.000000e+00	   0.000000e+00	   1.000000e+00	   0.000000e+00	   0.000000e+00	   0.000000e+00	   0.000000e+00	   0.000000e+00	   0.000000e+00	   0.000000e+00	   0.000000e+00	   0.000000e+00	   0.000000e+00	   0.000000e+00	   0.000000e+00	   0.000000e+00	   0.000000e+00	   0.000000e+00	   0.000000e+00	   0.000000e+00	   0.000000e+00	   0.000000e+00	   0.000000e+00	   0.000000e+00	   0.000000e+00	   0.000000e+00	   0.000000e+00	   0.000000e+00	   0.000000e+00	   0.000000e+00	   0.000000e+00	   0.000000e+00	   0.000000e+00	   0.000000e+00	   0.000000e+00	   0.000000e+00	   0.000000e+00	   0.000000e+00	   0.000000e+00	   2.026500e+06
   1.523046e-05	   4.500000e+02	   0.000000e+00	   0.000000e+00	   0.000000e+00	   0.000000e+00	   0.000000e+00	   0.000000e+00	   0.000000e+00	   0.000000e+00	   0.000000e+00	   0.000000e+00	   0.000000e+00	   0.000000e+00	   0.000000e+00	   0.000000e+00	   0.000000e+00	   0.000000e+00	   0.000000e+00	   0.000000e+00	   0.000000e+00	   0.000000e+00	   0.000000e+00	   0.000000e+00	   0.000000e+00	   0.000000e+00	   0.000000e+00	   0.000000e+00	   0.000000e+00	   0.000000e+00	   0.000000e+00	   0.000000e+00	   0.000000e+00	   0.000000e+00	   0.000000e+00	   0.000000e+00	   0.000000e+00	   0.000000e+00	   0.000000e+00	   1.000000e+00	   0.000000e+00	   0.000000e+00	   0.000000e+00	   0.000000e+00	   0.000000e+00	   0.000000e+00	   0.000000e+00	   0.000000e+00	   0.000000e+00	   0.000000e+00	   0.000000e+00	   0.000000e+00	   0.000000e+00	   0.000000e+00	   0.000000e+00	   0.000000e+00	   0.000000e+00	   0.000000e+00	   0.000000e+00	   0.000000e+00	   0.000000e+00	   0.000000e+00	   0.000000e+00	   0.000000e+00	   0.000000e+00	   0.000000e+00	   0.000000e+00	   0.000000e+00	   0.000000e+00	   0.000000e+00	   0.000000e+00	   0.000000e+00	   0.000000e+00	   0.000000e+00	   0.000000e+00	   0.000000e+00	   2.026500e+06
   1.533066e-05	   4.500000e+02	   0.000000e+00	   0.000000e+00	   0.000000e+00	   0.000000e+00	   0.000000e+00	   0.000000e+00	   0.000000e+00	   0.000000e+00	   0.000000e+00	   0.000000e+00	   0.000000e+00	   0.000000e+00	   0.000000e+00	   0.000000e+00	   0.000000e+00	   0.000000e+00	   0.000000e+00	   0.000000e+00	   0.000000e+00	   0.000000e+00	   0.000000e+00	   0.000000e+00	   0.000000e+00	   0.000000e+00	   0.000000e+00	   0.000000e+00	   0.000000e+00	   0.000000e+00	   0.000000e+00	   0.000000e+00	   0.000000e+00	   0.000000e+00	   0.000000e+00	   0.000000e+00	   0.000000e+00	   0.000000e+00	   0.000000e+00	   1.000000e+00	   0.000000e+00	   0.000000e+00	   0.000000e+00	   0.000000e+00	   0.000000e+00	   0.000000e+00	   0.000000e+00	   0.000000e+00	   0.000000e+00	   0.000000e+00	   0.000000e+00	   0.000000e+00	   0.000000e+00	   0.000000e+00	   0.000000e+00	   0.000000e+00	   0.000000e+00	   0.000000e+00	   0.000000e+00	   0.000000e+00	   0.000000e+00	   0.000000e+00	   0.000000e+00	   0.000000e+00	   0.000000e+00	   0.000000e+00	   0.000000e+00	   0.000000e+00	   0.000000e+00	   0.000000e+00	   0.000000e+00	   0.000000e+00	   0.000000e+00	   0.000000e+00	   0.000000e+00	   0.000000e+00	   2.026500e+06
   1.543086e-05	   4.500000e+02	   0.000000e+00	   0.000000e+00	   0.000000e+00	   0.000000e+00	   0.000000e+00	   0.000000e+00	   0.000000e+00	   0.000000e+00	   0.000000e+00	   0.000000e+00	   0.000000e+00	   0.000000e+00	   0.000000e+00	   0.000000e+00	   0.000000e+00	   0.000000e+00	   0.000000e+00	   0.000000e+00	   0.000000e+00	   0.000000e+00	   0.000000e+00	   0.000000e+00	   0.000000e+00	   0.000000e+00	   0.000000e+00	   0.000000e+00	   0.000000e+00	   0.000000e+00	   0.000000e+00	   0.000000e+00	   0.000000e+00	   0.000000e+00	   0.000000e+00	   0.000000e+00	   0.000000e+00	   0.000000e+00	   0.000000e+00	   1.000000e+00	   0.000000e+00	   0.000000e+00	   0.000000e+00	   0.000000e+00	   0.000000e+00	   0.000000e+00	   0.000000e+00	   0.000000e+00	   0.000000e+00	   0.000000e+00	   0.000000e+00	   0.000000e+00	   0.000000e+00	   0.000000e+00	   0.000000e+00	   0.000000e+00	   0.000000e+00	   0.000000e+00	   0.000000e+00	   0.000000e+00	   0.000000e+00	   0.000000e+00	   0.000000e+00	   0.000000e+00	   0.000000e+00	   0.000000e+00	   0.000000e+00	   0.000000e+00	   0.000000e+00	   0.000000e+00	   0.000000e+00	   0.000000e+00	   0.000000e+00	   0.000000e+00	   0.000000e+00	   0.000000e+00	   2.026500e+06
   1.553106e-05	   4.500000e+02	   0.000000e+00	   0.000000e+00	   0.000000e+00	   0.000000e+00	   0.000000e+00	   0.000000e+00	   0.000000e+00	   0.000000e+00	   0.000000e+00	   0.000000e+00	   0.000000e+00	   0.000000e+00	   0.000000e+00	   0.000000e+00	   0.000000e+00	   0.000000e+00	   0.000000e+00	   0.000000e+00	   0.000000e+00	   0.000000e+00	   0.000000e+00	   0.000000e+00	   0.000000e+00	   0.000000e+00	   0.000000e+00	   0.000000e+00	   0.000000e+00	   0.000000e+00	   0.000000e+00	   0.000000e+00	   0.000000e+00	   0.000000e+00	   0.000000e+00	   0.000000e+00	   0.000000e+00	   0.000000e+00	   0.000000e+00	   1.000000e+00	   0.000000e+00	   0.000000e+00	   0.000000e+00	   0.000000e+00	   0.000000e+00	   0.000000e+00	   0.000000e+00	   0.000000e+00	   0.000000e+00	   0.000000e+00	   0.000000e+00	   0.000000e+00	   0.000000e+00	   0.000000e+00	   0.000000e+00	   0.000000e+00	   0.000000e+00	   0.000000e+00	   0.000000e+00	   0.000000e+00	   0.000000e+00	   0.000000e+00	   0.000000e+00	   0.000000e+00	   0.000000e+00	   0.000000e+00	   0.000000e+00	   0.000000e+00	   0.000000e+00	   0.000000e+00	   0.000000e+00	   0.000000e+00	   0.000000e+00	   0.000000e+00	   0.000000e+00	   0.000000e+00	   2.026500e+06
   1.563126e-05	   4.500000e+02	   0.000000e+00	   0.000000e+00	   0.000000e+00	   0.000000e+00	   0.000000e+00	   0.000000e+00	   0.000000e+00	   0.000000e+00	   0.000000e+00	   0.000000e+00	   0.000000e+00	   0.000000e+00	   0.000000e+00	   0.000000e+00	   0.000000e+00	   0.000000e+00	   0.000000e+00	   0.000000e+00	   0.000000e+00	   0.000000e+00	   0.000000e+00	   0.000000e+00	   0.000000e+00	   0.000000e+00	   0.000000e+00	   0.000000e+00	   0.000000e+00	   0.000000e+00	   0.000000e+00	   0.000000e+00	   0.000000e+00	   0.000000e+00	   0.000000e+00	   0.000000e+00	   0.000000e+00	   0.000000e+00	   0.000000e+00	   1.000000e+00	   0.000000e+00	   0.000000e+00	   0.000000e+00	   0.000000e+00	   0.000000e+00	   0.000000e+00	   0.000000e+00	   0.000000e+00	   0.000000e+00	   0.000000e+00	   0.000000e+00	   0.000000e+00	   0.000000e+00	   0.000000e+00	   0.000000e+00	   0.000000e+00	   0.000000e+00	   0.000000e+00	   0.000000e+00	   0.000000e+00	   0.000000e+00	   0.000000e+00	   0.000000e+00	   0.000000e+00	   0.000000e+00	   0.000000e+00	   0.000000e+00	   0.000000e+00	   0.000000e+00	   0.000000e+00	   0.000000e+00	   0.000000e+00	   0.000000e+00	   0.000000e+00	   0.000000e+00	   0.000000e+00	   2.026500e+06
   1.573146e-05	   4.500000e+02	   0.000000e+00	   0.000000e+00	   0.000000e+00	   0.000000e+00	   0.000000e+00	   0.000000e+00	   0.000000e+00	   0.000000e+00	   0.000000e+00	   0.000000e+00	   0.000000e+00	   0.000000e+00	   0.000000e+00	   0.000000e+00	   0.000000e+00	   0.000000e+00	   0.000000e+00	   0.000000e+00	   0.000000e+00	   0.000000e+00	   0.000000e+00	   0.000000e+00	   0.000000e+00	   0.000000e+00	   0.000000e+00	   0.000000e+00	   0.000000e+00	   0.000000e+00	   0.000000e+00	   0.000000e+00	   0.000000e+00	   0.000000e+00	   0.000000e+00	   0.000000e+00	   0.000000e+00	   0.000000e+00	   0.000000e+00	   1.000000e+00	   0.000000e+00	   0.000000e+00	   0.000000e+00	   0.000000e+00	   0.000000e+00	   0.000000e+00	   0.000000e+00	   0.000000e+00	   0.000000e+00	   0.000000e+00	   0.000000e+00	   0.000000e+00	   0.000000e+00	   0.000000e+00	   0.000000e+00	   0.000000e+00	   0.000000e+00	   0.000000e+00	   0.000000e+00	   0.000000e+00	   0.000000e+00	   0.000000e+00	   0.000000e+00	   0.000000e+00	   0.000000e+00	   0.000000e+00	   0.000000e+00	   0.000000e+00	   0.000000e+00	   0.000000e+00	   0.000000e+00	   0.000000e+00	   0.000000e+00	   0.000000e+00	   0.000000e+00	   0.000000e+00	   2.026500e+06
   1.583166e-05	   4.500000e+02	   0.000000e+00	   0.000000e+00	   0.000000e+00	   0.000000e+00	   0.000000e+00	   0.000000e+00	   0.000000e+00	   0.000000e+00	   0.000000e+00	   0.000000e+00	   0.000000e+00	   0.000000e+00	   0.000000e+00	   0.000000e+00	   0.000000e+00	   0.000000e+00	   0.000000e+00	   0.000000e+00	   0.000000e+00	   0.000000e+00	   0.000000e+00	   0.000000e+00	   0.000000e+00	   0.000000e+00	   0.000000e+00	   0.000000e+00	   0.000000e+00	   0.000000e+00	   0.000000e+00	   0.000000e+00	   0.000000e+00	   0.000000e+00	   0.000000e+00	   0.000000e+00	   0.000000e+00	   0.000000e+00	   0.000000e+00	   1.000000e+00	   0.000000e+00	   0.000000e+00	   0.000000e+00	   0.000000e+00	   0.000000e+00	   0.000000e+00	   0.000000e+00	   0.000000e+00	   0.000000e+00	   0.000000e+00	   0.000000e+00	   0.000000e+00	   0.000000e+00	   0.000000e+00	   0.000000e+00	   0.000000e+00	   0.000000e+00	   0.000000e+00	   0.000000e+00	   0.000000e+00	   0.000000e+00	   0.000000e+00	   0.000000e+00	   0.000000e+00	   0.000000e+00	   0.000000e+00	   0.000000e+00	   0.000000e+00	   0.000000e+00	   0.000000e+00	   0.000000e+00	   0.000000e+00	   0.000000e+00	   0.000000e+00	   0.000000e+00	   0.000000e+00	   2.026500e+06
   1.593186e-05	   4.500000e+02	   0.000000e+00	   0.000000e+00	   0.000000e+00	   0.000000e+00	   0.000000e+00	   0.000000e+00	   0.000000e+00	   0.000000e+00	   0.000000e+00	   0.000000e+00	   0.000000e+00	   0.000000e+00	   0.000000e+00	   0.000000e+00	   0.000000e+00	   0.000000e+00	   0.000000e+00	   0.000000e+00	   0.000000e+00	   0.000000e+00	   0.000000e+00	   0.000000e+00	   0.000000e+00	   0.000000e+00	   0.000000e+00	   0.000000e+00	   0.000000e+00	   0.000000e+00	   0.000000e+00	   0.000000e+00	   0.000000e+00	   0.000000e+00	   0.000000e+00	   0.000000e+00	   0.000000e+00	   0.000000e+00	   0.000000e+00	   1.000000e+00	   0.000000e+00	   0.000000e+00	   0.000000e+00	   0.000000e+00	   0.000000e+00	   0.000000e+00	   0.000000e+00	   0.000000e+00	   0.000000e+00	   0.000000e+00	   0.000000e+00	   0.000000e+00	   0.000000e+00	   0.000000e+00	   0.000000e+00	   0.000000e+00	   0.000000e+00	   0.000000e+00	   0.000000e+00	   0.000000e+00	   0.000000e+00	   0.000000e+00	   0.000000e+00	   0.000000e+00	   0.000000e+00	   0.000000e+00	   0.000000e+00	   0.000000e+00	   0.000000e+00	   0.000000e+00	   0.000000e+00	   0.000000e+00	   0.000000e+00	   0.000000e+00	   0.000000e+00	   0.000000e+00	   2.026500e+06
   1.603206e-05	   4.500000e+02	   0.000000e+00	   0.000000e+00	   0.000000e+00	   0.000000e+00	   0.000000e+00	   0.000000e+00	   0.000000e+00	   0.000000e+00	   0.000000e+00	   0.000000e+00	   0.000000e+00	   0.000000e+00	   0.000000e+00	   0.000000e+00	   0.000000e+00	   0.000000e+00	   0.000000e+00	   0.000000e+00	   0.000000e+00	   0.000000e+00	   0.000000e+00	   0.000000e+00	   0.000000e+00	   0.000000e+00	   0.000000e+00	   0.000000e+00	   0.000000e+00	   0.000000e+00	   0.000000e+00	   0.000000e+00	   0.000000e+00	   0.000000e+00	   0.000000e+00	   0.000000e+00	   0.000000e+00	   0.000000e+00	   0.000000e+00	   1.000000e+00	   0.000000e+00	   0.000000e+00	   0.000000e+00	   0.000000e+00	   0.000000e+00	   0.000000e+00	   0.000000e+00	   0.000000e+00	   0.000000e+00	   0.000000e+00	   0.000000e+00	   0.000000e+00	   0.000000e+00	   0.000000e+00	   0.000000e+00	   0.000000e+00	   0.000000e+00	   0.000000e+00	   0.000000e+00	   0.000000e+00	   0.000000e+00	   0.000000e+00	   0.000000e+00	   0.000000e+00	   0.000000e+00	   0.000000e+00	   0.000000e+00	   0.000000e+00	   0.000000e+00	   0.000000e+00	   0.000000e+00	   0.000000e+00	   0.000000e+00	   0.000000e+00	   0.000000e+00	   0.000000e+00	   2.026500e+06
   1.613226e-05	   4.500000e+02	   0.000000e+00	   0.000000e+00	   0.000000e+00	   0.000000e+00	   0.000000e+00	   0.000000e+00	   0.000000e+00	   0.000000e+00	   0.000000e+00	   0.000000e+00	   0.000000e+00	   0.000000e+00	   0.000000e+00	   0.000000e+00	   0.000000e+00	   0.000000e+00	   0.000000e+00	   0.000000e+00	   0.000000e+00	   0.000000e+00	   0.000000e+00	   0.000000e+00	   0.000000e+00	   0.000000e+00	   0.000000e+00	   0.000000e+00	   0.000000e+00	   0.000000e+00	   0.000000e+00	   0.000000e+00	   0.000000e+00	   0.000000e+00	   0.000000e+00	   0.000000e+00	   0.000000e+00	   0.000000e+00	   0.000000e+00	   1.000000e+00	   0.000000e+00	   0.000000e+00	   0.000000e+00	   0.000000e+00	   0.000000e+00	   0.000000e+00	   0.000000e+00	   0.000000e+00	   0.000000e+00	   0.000000e+00	   0.000000e+00	   0.000000e+00	   0.000000e+00	   0.000000e+00	   0.000000e+00	   0.000000e+00	   0.000000e+00	   0.000000e+00	   0.000000e+00	   0.000000e+00	   0.000000e+00	   0.000000e+00	   0.000000e+00	   0.000000e+00	   0.000000e+00	   0.000000e+00	   0.000000e+00	   0.000000e+00	   0.000000e+00	   0.000000e+00	   0.000000e+00	   0.000000e+00	   0.000000e+00	   0.000000e+00	   0.000000e+00	   0.000000e+00	   2.026500e+06
   1.623246e-05	   4.500000e+02	   0.000000e+00	   0.000000e+00	   0.000000e+00	   0.000000e+00	   0.000000e+00	   0.000000e+00	   0.000000e+00	   0.000000e+00	   0.000000e+00	   0.000000e+00	   0.000000e+00	   0.000000e+00	   0.000000e+00	   0.000000e+00	   0.000000e+00	   0.000000e+00	   0.000000e+00	   0.000000e+00	   0.000000e+00	   0.000000e+00	   0.000000e+00	   0.000000e+00	   0.000000e+00	   0.000000e+00	   0.000000e+00	   0.000000e+00	   0.000000e+00	   0.000000e+00	   0.000000e+00	   0.000000e+00	   0.000000e+00	   0.000000e+00	   0.000000e+00	   0.000000e+00	   0.000000e+00	   0.000000e+00	   0.000000e+00	   1.000000e+00	   0.000000e+00	   0.000000e+00	   0.000000e+00	   0.000000e+00	   0.000000e+00	   0.000000e+00	   0.000000e+00	   0.000000e+00	   0.000000e+00	   0.000000e+00	   0.000000e+00	   0.000000e+00	   0.000000e+00	   0.000000e+00	   0.000000e+00	   0.000000e+00	   0.000000e+00	   0.000000e+00	   0.000000e+00	   0.000000e+00	   0.000000e+00	   0.000000e+00	   0.000000e+00	   0.000000e+00	   0.000000e+00	   0.000000e+00	   0.000000e+00	   0.000000e+00	   0.000000e+00	   0.000000e+00	   0.000000e+00	   0.000000e+00	   0.000000e+00	   0.000000e+00	   0.000000e+00	   0.000000e+00	   2.026500e+06
   1.633267e-05	   4.500000e+02	   0.000000e+00	   0.000000e+00	   0.000000e+00	   0.000000e+00	   0.000000e+00	   0.000000e+00	   0.000000e+00	   0.000000e+00	   0.000000e+00	   0.000000e+00	   0.000000e+00	   0.000000e+00	   0.000000e+00	   0.000000e+00	   0.000000e+00	   0.000000e+00	   0.000000e+00	   0.000000e+00	   0.000000e+00	   0.000000e+00	   0.000000e+00	   0.000000e+00	   0.000000e+00	   0.000000e+00	   0.000000e+00	   0.000000e+00	   0.000000e+00	   0.000000e+00	   0.000000e+00	   0.000000e+00	   0.000000e+00	   0.000000e+00	   0.000000e+00	   0.000000e+00	   0.000000e+00	   0.000000e+00	   0.000000e+00	   1.000000e+00	   0.000000e+00	   0.000000e+00	   0.000000e+00	   0.000000e+00	   0.000000e+00	   0.000000e+00	   0.000000e+00	   0.000000e+00	   0.000000e+00	   0.000000e+00	   0.000000e+00	   0.000000e+00	   0.000000e+00	   0.000000e+00	   0.000000e+00	   0.000000e+00	   0.000000e+00	   0.000000e+00	   0.000000e+00	   0.000000e+00	   0.000000e+00	   0.000000e+00	   0.000000e+00	   0.000000e+00	   0.000000e+00	   0.000000e+00	   0.000000e+00	   0.000000e+00	   0.000000e+00	   0.000000e+00	   0.000000e+00	   0.000000e+00	   0.000000e+00	   0.000000e+00	   0.000000e+00	   0.000000e+00	   2.026500e+06
   1.643287e-05	   4.500000e+02	   0.000000e+00	   0.000000e+00	   0.000000e+00	   0.000000e+00	   0.000000e+00	   0.000000e+00	   0.000000e+00	   0.000000e+00	   0.000000e+00	   0.000000e+00	   0.000000e+00	   0.000000e+00	   0.000000e+00	   0.000000e+00	   0.000000e+00	   0.000000e+00	   0.000000e+00	   0.000000e+00	   0.000000e+00	   0.000000e+00	   0.000000e+00	   0.000000e+00	   0.000000e+00	   0.000000e+00	   0.000000e+00	   0.000000e+00	   0.000000e+00	   0.000000e+00	   0.000000e+00	   0.000000e+00	   0.000000e+00	   0.000000e+00	   0.000000e+00	   0.000000e+00	   0.000000e+00	   0.000000e+00	   0.000000e+00	   1.000000e+00	   0.000000e+00	   0.000000e+00	   0.000000e+00	   0.000000e+00	   0.000000e+00	   0.000000e+00	   0.000000e+00	   0.000000e+00	   0.000000e+00	   0.000000e+00	   0.000000e+00	   0.000000e+00	   0.000000e+00	   0.000000e+00	   0.000000e+00	   0.000000e+00	   0.000000e+00	   0.000000e+00	   0.000000e+00	   0.000000e+00	   0.000000e+00	   0.000000e+00	   0.000000e+00	   0.000000e+00	   0.000000e+00	   0.000000e+00	   0.000000e+00	   0.000000e+00	   0.000000e+00	   0.000000e+00	   0.000000e+00	   0.000000e+00	   0.000000e+00	   0.000000e+00	   0.000000e+00	   0.000000e+00	   2.026500e+06
   1.653307e-05	   4.500000e+02	   0.000000e+00	   0.000000e+00	   0.000000e+00	   0.000000e+00	   0.000000e+00	   0.000000e+00	   0.000000e+00	   0.000000e+00	   0.000000e+00	   0.000000e+00	   0.000000e+00	   0.000000e+00	   0.000000e+00	   0.000000e+00	   0.000000e+00	   0.000000e+00	   0.000000e+00	   0.000000e+00	   0.000000e+00	   0.000000e+00	   0.000000e+00	   0.000000e+00	   0.000000e+00	   0.000000e+00	   0.000000e+00	   0.000000e+00	   0.000000e+00	   0.000000e+00	   0.000000e+00	   0.000000e+00	   0.000000e+00	   0.000000e+00	   0.000000e+00	   0.000000e+00	   0.000000e+00	   0.000000e+00	   0.000000e+00	   1.000000e+00	   0.000000e+00	   0.000000e+00	   0.000000e+00	   0.000000e+00	   0.000000e+00	   0.000000e+00	   0.000000e+00	   0.000000e+00	   0.000000e+00	   0.000000e+00	   0.000000e+00	   0.000000e+00	   0.000000e+00	   0.000000e+00	   0.000000e+00	   0.000000e+00	   0.000000e+00	   0.000000e+00	   0.000000e+00	   0.000000e+00	   0.000000e+00	   0.000000e+00	   0.000000e+00	   0.000000e+00	   0.000000e+00	   0.000000e+00	   0.000000e+00	   0.000000e+00	   0.000000e+00	   0.000000e+00	   0.000000e+00	   0.000000e+00	   0.000000e+00	   0.000000e+00	   0.000000e+00	   0.000000e+00	   2.026500e+06
   1.663327e-05	   4.500000e+02	   0.000000e+00	   0.000000e+00	   0.000000e+00	   0.000000e+00	   0.000000e+00	   0.000000e+00	   0.000000e+00	   0.000000e+00	   0.000000e+00	   0.000000e+00	   0.000000e+00	   0.000000e+00	   0.000000e+00	   0.000000e+00	   0.000000e+00	   0.000000e+00	   0.000000e+00	   0.000000e+00	   0.000000e+00	   0.000000e+00	   0.000000e+00	   0.000000e+00	   0.000000e+00	   0.000000e+00	   0.000000e+00	   0.000000e+00	   0.000000e+00	   0.000000e+00	   0.000000e+00	   0.000000e+00	   0.000000e+00	   0.000000e+00	   0.000000e+00	   0.000000e+00	   0.000000e+00	   0.000000e+00	   0.000000e+00	   1.000000e+00	   0.000000e+00	   0.000000e+00	   0.000000e+00	   0.000000e+00	   0.000000e+00	   0.000000e+00	   0.000000e+00	   0.000000e+00	   0.000000e+00	   0.000000e+00	   0.000000e+00	   0.000000e+00	   0.000000e+00	   0.000000e+00	   0.000000e+00	   0.000000e+00	   0.000000e+00	   0.000000e+00	   0.000000e+00	   0.000000e+00	   0.000000e+00	   0.000000e+00	   0.000000e+00	   0.000000e+00	   0.000000e+00	   0.000000e+00	   0.000000e+00	   0.000000e+00	   0.000000e+00	   0.000000e+00	   0.000000e+00	   0.000000e+00	   0.000000e+00	   0.000000e+00	   0.000000e+00	   0.000000e+00	   2.026500e+06
   1.673347e-05	   4.500000e+02	   0.000000e+00	   0.000000e+00	   0.000000e+00	   0.000000e+00	   0.000000e+00	   0.000000e+00	   0.000000e+00	   0.000000e+00	   0.000000e+00	   0.000000e+00	   0.000000e+00	   0.000000e+00	   0.000000e+00	   0.000000e+00	   0.000000e+00	   0.000000e+00	   0.000000e+00	   0.000000e+00	   0.000000e+00	   0.000000e+00	   0.000000e+00	   0.000000e+00	   0.000000e+00	   0.000000e+00	   0.000000e+00	   0.000000e+00	   0.000000e+00	   0.000000e+00	   0.000000e+00	   0.000000e+00	   0.000000e+00	   0.000000e+00	   0.000000e+00	   0.000000e+00	   0.000000e+00	   0.000000e+00	   0.000000e+00	   1.000000e+00	   0.000000e+00	   0.000000e+00	   0.000000e+00	   0.000000e+00	   0.000000e+00	   0.000000e+00	   0.000000e+00	   0.000000e+00	   0.000000e+00	   0.000000e+00	   0.000000e+00	   0.000000e+00	   0.000000e+00	   0.000000e+00	   0.000000e+00	   0.000000e+00	   0.000000e+00	   0.000000e+00	   0.000000e+00	   0.000000e+00	   0.000000e+00	   0.000000e+00	   0.000000e+00	   0.000000e+00	   0.000000e+00	   0.000000e+00	   0.000000e+00	   0.000000e+00	   0.000000e+00	   0.000000e+00	   0.000000e+00	   0.000000e+00	   0.000000e+00	   0.000000e+00	   0.000000e+00	   0.000000e+00	   2.026500e+06
   1.683367e-05	   4.500000e+02	   0.000000e+00	   0.000000e+00	   0.000000e+00	   0.000000e+00	   0.000000e+00	   0.000000e+00	   0.000000e+00	   0.000000e+00	   0.000000e+00	   0.000000e+00	   0.000000e+00	   0.000000e+00	   0.000000e+00	   0.000000e+00	   0.000000e+00	   0.000000e+00	   0.000000e+00	   0.000000e+00	   0.000000e+00	   0.000000e+00	   0.000000e+00	   0.000000e+00	   0.000000e+00	   0.000000e+00	   0.000000e+00	   0.000000e+00	   0.000000e+00	   0.000000e+00	   0.000000e+00	   0.000000e+00	   0.000000e+00	   0.000000e+00	   0.000000e+00	   0.000000e+00	   0.000000e+00	   0.000000e+00	   0.000000e+00	   1.000000e+00	   0.000000e+00	   0.000000e+00	   0.000000e+00	   0.000000e+00	   0.000000e+00	   0.000000e+00	   0.000000e+00	   0.000000e+00	   0.000000e+00	   0.000000e+00	   0.000000e+00	   0.000000e+00	   0.000000e+00	   0.000000e+00	   0.000000e+00	   0.000000e+00	   0.000000e+00	   0.000000e+00	   0.000000e+00	   0.000000e+00	   0.000000e+00	   0.000000e+00	   0.000000e+00	   0.000000e+00	   0.000000e+00	   0.000000e+00	   0.000000e+00	   0.000000e+00	   0.000000e+00	   0.000000e+00	   0.000000e+00	   0.000000e+00	   0.000000e+00	   0.000000e+00	   0.000000e+00	   0.000000e+00	   2.026500e+06
   1.693387e-05	   4.500000e+02	   0.000000e+00	   0.000000e+00	   0.000000e+00	   0.000000e+00	   0.000000e+00	   0.000000e+00	   0.000000e+00	   0.000000e+00	   0.000000e+00	   0.000000e+00	   0.000000e+00	   0.000000e+00	   0.000000e+00	   0.000000e+00	   0.000000e+00	   0.000000e+00	   0.000000e+00	   0.000000e+00	   0.000000e+00	   0.000000e+00	   0.000000e+00	   0.000000e+00	   0.000000e+00	   0.000000e+00	   0.000000e+00	   0.000000e+00	   0.000000e+00	   0.000000e+00	   0.000000e+00	   0.000000e+00	   0.000000e+00	   0.000000e+00	   0.000000e+00	   0.000000e+00	   0.000000e+00	   0.000000e+00	   0.000000e+00	   1.000000e+00	   0.000000e+00	   0.000000e+00	   0.000000e+00	   0.000000e+00	   0.000000e+00	   0.000000e+00	   0.000000e+00	   0.000000e+00	   0.000000e+00	   0.000000e+00	   0.000000e+00	   0.000000e+00	   0.000000e+00	   0.000000e+00	   0.000000e+00	   0.000000e+00	   0.000000e+00	   0.000000e+00	   0.000000e+00	   0.000000e+00	   0.000000e+00	   0.000000e+00	   0.000000e+00	   0.000000e+00	   0.000000e+00	   0.000000e+00	   0.000000e+00	   0.000000e+00	   0.000000e+00	   0.000000e+00	   0.000000e+00	   0.000000e+00	   0.000000e+00	   0.000000e+00	   0.000000e+00	   0.000000e+00	   2.026500e+06
   1.703407e-05	   4.500000e+02	   0.000000e+00	   0.000000e+00	   0.000000e+00	   0.000000e+00	   0.000000e+00	   0.000000e+00	   0.000000e+00	   0.000000e+00	   0.000000e+00	   0.000000e+00	   0.000000e+00	   0.000000e+00	   0.000000e+00	   0.000000e+00	   0.000000e+00	   0.000000e+00	   0.000000e+00	   0.000000e+00	   0.000000e+00	   0.000000e+00	   0.000000e+00	   0.000000e+00	   0.000000e+00	   0.000000e+00	   0.000000e+00	   0.000000e+00	   0.000000e+00	   0.000000e+00	   0.000000e+00	   0.000000e+00	   0.000000e+00	   0.000000e+00	   0.000000e+00	   0.000000e+00	   0.000000e+00	   0.000000e+00	   0.000000e+00	   1.000000e+00	   0.000000e+00	   0.000000e+00	   0.000000e+00	   0.000000e+00	   0.000000e+00	   0.000000e+00	   0.000000e+00	   0.000000e+00	   0.000000e+00	   0.000000e+00	   0.000000e+00	   0.000000e+00	   0.000000e+00	   0.000000e+00	   0.000000e+00	   0.000000e+00	   0.000000e+00	   0.000000e+00	   0.000000e+00	   0.000000e+00	   0.000000e+00	   0.000000e+00	   0.000000e+00	   0.000000e+00	   0.000000e+00	   0.000000e+00	   0.000000e+00	   0.000000e+00	   0.000000e+00	   0.000000e+00	   0.000000e+00	   0.000000e+00	   0.000000e+00	   0.000000e+00	   0.000000e+00	   0.000000e+00	   2.026500e+06
   1.713427e-05	   4.500000e+02	   0.000000e+00	   0.000000e+00	   0.000000e+00	   0.000000e+00	   0.000000e+00	   0.000000e+00	   0.000000e+00	   0.000000e+00	   0.000000e+00	   0.000000e+00	   0.000000e+00	   0.000000e+00	   0.000000e+00	   0.000000e+00	   0.000000e+00	   0.000000e+00	   0.000000e+00	   0.000000e+00	   0.000000e+00	   0.000000e+00	   0.000000e+00	   0.000000e+00	   0.000000e+00	   0.000000e+00	   0.000000e+00	   0.000000e+00	   0.000000e+00	   0.000000e+00	   0.000000e+00	   0.000000e+00	   0.000000e+00	   0.000000e+00	   0.000000e+00	   0.000000e+00	   0.000000e+00	   0.000000e+00	   0.000000e+00	   1.000000e+00	   0.000000e+00	   0.000000e+00	   0.000000e+00	   0.000000e+00	   0.000000e+00	   0.000000e+00	   0.000000e+00	   0.000000e+00	   0.000000e+00	   0.000000e+00	   0.000000e+00	   0.000000e+00	   0.000000e+00	   0.000000e+00	   0.000000e+00	   0.000000e+00	   0.000000e+00	   0.000000e+00	   0.000000e+00	   0.000000e+00	   0.000000e+00	   0.000000e+00	   0.000000e+00	   0.000000e+00	   0.000000e+00	   0.000000e+00	   0.000000e+00	   0.000000e+00	   0.000000e+00	   0.000000e+00	   0.000000e+00	   0.000000e+00	   0.000000e+00	   0.000000e+00	   0.000000e+00	   0.000000e+00	   2.026500e+06
   1.723447e-05	   4.500000e+02	   0.000000e+00	   0.000000e+00	   0.000000e+00	   0.000000e+00	   0.000000e+00	   0.000000e+00	   0.000000e+00	   0.000000e+00	   0.000000e+00	   0.000000e+00	   0.000000e+00	   0.000000e+00	   0.000000e+00	   0.000000e+00	   0.000000e+00	   0.000000e+00	   0.000000e+00	   0.000000e+00	   0.000000e+00	   0.000000e+00	   0.000000e+00	   0.000000e+00	   0.000000e+00	   0.000000e+00	   0.000000e+00	   0.000000e+00	   0.000000e+00	   0.000000e+00	   0.000000e+00	   0.000000e+00	   0.000000e+00	   0.000000e+00	   0.000000e+00	   0.000000e+00	   0.000000e+00	   0.000000e+00	   0.000000e+00	   1.000000e+00	   0.000000e+00	   0.000000e+00	   0.000000e+00	   0.000000e+00	   0.000000e+00	   0.000000e+00	   0.000000e+00	   0.000000e+00	   0.000000e+00	   0.000000e+00	   0.000000e+00	   0.000000e+00	   0.000000e+00	   0.000000e+00	   0.000000e+00	   0.000000e+00	   0.000000e+00	   0.000000e+00	   0.000000e+00	   0.000000e+00	   0.000000e+00	   0.000000e+00	   0.000000e+00	   0.000000e+00	   0.000000e+00	   0.000000e+00	   0.000000e+00	   0.000000e+00	   0.000000e+00	   0.000000e+00	   0.000000e+00	   0.000000e+00	   0.000000e+00	   0.000000e+00	   0.000000e+00	   0.000000e+00	   2.026500e+06
   1.733467e-05	   4.500000e+02	   0.000000e+00	   0.000000e+00	   0.000000e+00	   0.000000e+00	   0.000000e+00	   0.000000e+00	   0.000000e+00	   0.000000e+00	   0.000000e+00	   0.000000e+00	   0.000000e+00	   0.000000e+00	   0.000000e+00	   0.000000e+00	   0.000000e+00	   0.000000e+00	   0.000000e+00	   0.000000e+00	   0.000000e+00	   0.000000e+00	   0.000000e+00	   0.000000e+00	   0.000000e+00	   0.000000e+00	   0.000000e+00	   0.000000e+00	   0.000000e+00	   0.000000e+00	   0.000000e+00	   0.000000e+00	   0.000000e+00	   0.000000e+00	   0.000000e+00	   0.000000e+00	   0.000000e+00	   0.000000e+00	   0.000000e+00	   1.000000e+00	   0.000000e+00	   0.000000e+00	   0.000000e+00	   0.000000e+00	   0.000000e+00	   0.000000e+00	   0.000000e+00	   0.000000e+00	   0.000000e+00	   0.000000e+00	   0.000000e+00	   0.000000e+00	   0.000000e+00	   0.000000e+00	   0.000000e+00	   0.000000e+00	   0.000000e+00	   0.000000e+00	   0.000000e+00	   0.000000e+00	   0.000000e+00	   0.000000e+00	   0.000000e+00	   0.000000e+00	   0.000000e+00	   0.000000e+00	   0.000000e+00	   0.000000e+00	   0.000000e+00	   0.000000e+00	   0.000000e+00	   0.000000e+00	   0.000000e+00	   0.000000e+00	   0.000000e+00	   0.000000e+00	   2.026500e+06
   1.743487e-05	   4.500000e+02	   0.000000e+00	   0.000000e+00	   0.000000e+00	   0.000000e+00	   0.000000e+00	   0.000000e+00	   0.000000e+00	   0.000000e+00	   0.000000e+00	   0.000000e+00	   0.000000e+00	   0.000000e+00	   0.000000e+00	   0.000000e+00	   0.000000e+00	   0.000000e+00	   0.000000e+00	   0.000000e+00	   0.000000e+00	   0.000000e+00	   0.000000e+00	   0.000000e+00	   0.000000e+00	   0.000000e+00	   0.000000e+00	   0.000000e+00	   0.000000e+00	   0.000000e+00	   0.000000e+00	   0.000000e+00	   0.000000e+00	   0.000000e+00	   0.000000e+00	   0.000000e+00	   0.000000e+00	   0.000000e+00	   0.000000e+00	   1.000000e+00	   0.000000e+00	   0.000000e+00	   0.000000e+00	   0.000000e+00	   0.000000e+00	   0.000000e+00	   0.000000e+00	   0.000000e+00	   0.000000e+00	   0.000000e+00	   0.000000e+00	   0.000000e+00	   0.000000e+00	   0.000000e+00	   0.000000e+00	   0.000000e+00	   0.000000e+00	   0.000000e+00	   0.000000e+00	   0.000000e+00	   0.000000e+00	   0.000000e+00	   0.000000e+00	   0.000000e+00	   0.000000e+00	   0.000000e+00	   0.000000e+00	   0.000000e+00	   0.000000e+00	   0.000000e+00	   0.000000e+00	   0.000000e+00	   0.000000e+00	   0.000000e+00	   0.000000e+00	   0.000000e+00	   2.026500e+06
   1.753507e-05	   4.500000e+02	   0.000000e+00	   0.000000e+00	   0.000000e+00	   0.000000e+00	   0.000000e+00	   0.000000e+00	   0.000000e+00	   0.000000e+00	   0.000000e+00	   0.000000e+00	   0.000000e+00	   0.000000e+00	   0.000000e+00	   0.000000e+00	   0.000000e+00	   0.000000e+00	   0.000000e+00	   0.000000e+00	   0.000000e+00	   0.000000e+00	   0.000000e+00	   0.000000e+00	   0.000000e+00	   0.000000e+00	   0.000000e+00	   0.000000e+00	   0.000000e+00	   0.000000e+00	   0.000000e+00	   0.000000e+00	   0.000000e+00	   0.000000e+00	   0.000000e+00	   0.000000e+00	   0.000000e+00	   0.000000e+00	   0.000000e+00	   1.000000e+00	   0.000000e+00	   0.000000e+00	   0.000000e+00	   0.000000e+00	   0.000000e+00	   0.000000e+00	   0.000000e+00	   0.000000e+00	   0.000000e+00	   0.000000e+00	   0.000000e+00	   0.000000e+00	   0.000000e+00	   0.000000e+00	   0.000000e+00	   0.000000e+00	   0.000000e+00	   0.000000e+00	   0.000000e+00	   0.000000e+00	   0.000000e+00	   0.000000e+00	   0.000000e+00	   0.000000e+00	   0.000000e+00	   0.000000e+00	   0.000000e+00	   0.000000e+00	   0.000000e+00	   0.000000e+00	   0.000000e+00	   0.000000e+00	   0.000000e+00	   0.000000e+00	   0.000000e+00	   0.000000e+00	   2.026500e+06
   1.763527e-05	   4.500000e+02	   0.000000e+00	   0.000000e+00	   0.000000e+00	   0.000000e+00	   0.000000e+00	   0.000000e+00	   0.000000e+00	   0.000000e+00	   0.000000e+00	   0.000000e+00	   0.000000e+00	   0.000000e+00	   0.000000e+00	   0.000000e+00	   0.000000e+00	   0.000000e+00	   0.000000e+00	   0.000000e+00	   0.000000e+00	   0.000000e+00	   0.000000e+00	   0.000000e+00	   0.000000e+00	   0.000000e+00	   0.000000e+00	   0.000000e+00	   0.000000e+00	   0.000000e+00	   0.000000e+00	   0.000000e+00	   0.000000e+00	   0.000000e+00	   0.000000e+00	   0.000000e+00	   0.000000e+00	   0.000000e+00	   0.000000e+00	   1.000000e+00	   0.000000e+00	   0.000000e+00	   0.000000e+00	   0.000000e+00	   0.000000e+00	   0.000000e+00	   0.000000e+00	   0.000000e+00	   0.000000e+00	   0.000000e+00	   0.000000e+00	   0.000000e+00	   0.000000e+00	   0.000000e+00	   0.000000e+00	   0.000000e+00	   0.000000e+00	   0.000000e+00	   0.000000e+00	   0.000000e+00	   0.000000e+00	   0.000000e+00	   0.000000e+00	   0.000000e+00	   0.000000e+00	   0.000000e+00	   0.000000e+00	   0.000000e+00	   0.000000e+00	   0.000000e+00	   0.000000e+00	   0.000000e+00	   0.000000e+00	   0.000000e+00	   0.000000e+00	   0.000000e+00	   2.026500e+06
   1.773547e-05	   4.500000e+02	   0.000000e+00	   0.000000e+00	   0.000000e+00	   0.000000e+00	   0.000000e+00	   0.000000e+00	   0.000000e+00	   0.000000e+00	   0.000000e+00	   0.000000e+00	   0.000000e+00	   0.000000e+00	   0.000000e+00	   0.000000e+00	   0.000000e+00	   0.000000e+00	   0.000000e+00	   0.000000e+00	   0.000000e+00	   0.000000e+00	   0.000000e+00	   0.000000e+00	   0.000000e+00	   0.000000e+00	   0.000000e+00	   0.000000e+00	   0.000000e+00	   0.000000e+00	   0.000000e+00	   0.000000e+00	   0.000000e+00	   0.000000e+00	   0.000000e+00	   0.000000e+00	   0.000000e+00	   0.000000e+00	   0.000000e+00	   1.000000e+00	   0.000000e+00	   0.000000e+00	   0.000000e+00	   0.000000e+00	   0.000000e+00	   0.000000e+00	   0.000000e+00	   0.000000e+00	   0.000000e+00	   0.000000e+00	   0.000000e+00	   0.000000e+00	   0.000000e+00	   0.000000e+00	   0.000000e+00	   0.000000e+00	   0.000000e+00	   0.000000e+00	   0.000000e+00	   0.000000e+00	   0.000000e+00	   0.000000e+00	   0.000000e+00	   0.000000e+00	   0.000000e+00	   0.000000e+00	   0.000000e+00	   0.000000e+00	   0.000000e+00	   0.000000e+00	   0.000000e+00	   0.000000e+00	   0.000000e+00	   0.000000e+00	   0.000000e+00	   0.000000e+00	   2.026500e+06
   1.783567e-05	   4.500000e+02	   0.000000e+00	   0.000000e+00	   0.000000e+00	   0.000000e+00	   0.000000e+00	   0.000000e+00	   0.000000e+00	   0.000000e+00	   0.000000e+00	   0.000000e+00	   0.000000e+00	   0.000000e+00	   0.000000e+00	   0.000000e+00	   0.000000e+00	   0.000000e+00	   0.000000e+00	   0.000000e+00	   0.000000e+00	   0.000000e+00	   0.000000e+00	   0.000000e+00	   0.000000e+00	   0.000000e+00	   0.000000e+00	   0.000000e+00	   0.000000e+00	   0.000000e+00	   0.000000e+00	   0.000000e+00	   0.000000e+00	   0.000000e+00	   0.000000e+00	   0.000000e+00	   0.000000e+00	   0.000000e+00	   0.000000e+00	   1.000000e+00	   0.000000e+00	   0.000000e+00	   0.000000e+00	   0.000000e+00	   0.000000e+00	   0.000000e+00	   0.000000e+00	   0.000000e+00	   0.000000e+00	   0.000000e+00	   0.000000e+00	   0.000000e+00	   0.000000e+00	   0.000000e+00	   0.000000e+00	   0.000000e+00	   0.000000e+00	   0.000000e+00	   0.000000e+00	   0.000000e+00	   0.000000e+00	   0.000000e+00	   0.000000e+00	   0.000000e+00	   0.000000e+00	   0.000000e+00	   0.000000e+00	   0.000000e+00	   0.000000e+00	   0.000000e+00	   0.000000e+00	   0.000000e+00	   0.000000e+00	   0.000000e+00	   0.000000e+00	   0.000000e+00	   2.026500e+06
   1.793587e-05	   4.500000e+02	   0.000000e+00	   0.000000e+00	   0.000000e+00	   0.000000e+00	   0.000000e+00	   0.000000e+00	   0.000000e+00	   0.000000e+00	   0.000000e+00	   0.000000e+00	   0.000000e+00	   0.000000e+00	   0.000000e+00	   0.000000e+00	   0.000000e+00	   0.000000e+00	   0.000000e+00	   0.000000e+00	   0.000000e+00	   0.000000e+00	   0.000000e+00	   0.000000e+00	   0.000000e+00	   0.000000e+00	   0.000000e+00	   0.000000e+00	   0.000000e+00	   0.000000e+00	   0.000000e+00	   0.000000e+00	   0.000000e+00	   0.000000e+00	   0.000000e+00	   0.000000e+00	   0.000000e+00	   0.000000e+00	   0.000000e+00	   1.000000e+00	   0.000000e+00	   0.000000e+00	   0.000000e+00	   0.000000e+00	   0.000000e+00	   0.000000e+00	   0.000000e+00	   0.000000e+00	   0.000000e+00	   0.000000e+00	   0.000000e+00	   0.000000e+00	   0.000000e+00	   0.000000e+00	   0.000000e+00	   0.000000e+00	   0.000000e+00	   0.000000e+00	   0.000000e+00	   0.000000e+00	   0.000000e+00	   0.000000e+00	   0.000000e+00	   0.000000e+00	   0.000000e+00	   0.000000e+00	   0.000000e+00	   0.000000e+00	   0.000000e+00	   0.000000e+00	   0.000000e+00	   0.000000e+00	   0.000000e+00	   0.000000e+00	   0.000000e+00	   0.000000e+00	   2.026500e+06
   1.803607e-05	   4.500000e+02	   0.000000e+00	   0.000000e+00	   0.000000e+00	   0.000000e+00	   0.000000e+00	   0.000000e+00	   0.000000e+00	   0.000000e+00	   0.000000e+00	   0.000000e+00	   0.000000e+00	   0.000000e+00	   0.000000e+00	   0.000000e+00	   0.000000e+00	   0.000000e+00	   0.000000e+00	   0.000000e+00	   0.000000e+00	   0.000000e+00	   0.000000e+00	   0.000000e+00	   0.000000e+00	   0.000000e+00	   0.000000e+00	   0.000000e+00	   0.000000e+00	   0.000000e+00	   0.000000e+00	   0.000000e+00	   0.000000e+00	   0.000000e+00	   0.000000e+00	   0.000000e+00	   0.000000e+00	   0.000000e+00	   0.000000e+00	   1.000000e+00	   0.000000e+00	   0.000000e+00	   0.000000e+00	   0.000000e+00	   0.000000e+00	   0.000000e+00	   0.000000e+00	   0.000000e+00	   0.000000e+00	   0.000000e+00	   0.000000e+00	   0.000000e+00	   0.000000e+00	   0.000000e+00	   0.000000e+00	   0.000000e+00	   0.000000e+00	   0.000000e+00	   0.000000e+00	   0.000000e+00	   0.000000e+00	   0.000000e+00	   0.000000e+00	   0.000000e+00	   0.000000e+00	   0.000000e+00	   0.000000e+00	   0.000000e+00	   0.000000e+00	   0.000000e+00	   0.000000e+00	   0.000000e+00	   0.000000e+00	   0.000000e+00	   0.000000e+00	   0.000000e+00	   2.026500e+06
   1.813627e-05	   4.500000e+02	   0.000000e+00	   0.000000e+00	   0.000000e+00	   0.000000e+00	   0.000000e+00	   0.000000e+00	   0.000000e+00	   0.000000e+00	   0.000000e+00	   0.000000e+00	   0.000000e+00	   0.000000e+00	   0.000000e+00	   0.000000e+00	   0.000000e+00	   0.000000e+00	   0.000000e+00	   0.000000e+00	   0.000000e+00	   0.000000e+00	   0.000000e+00	   0.000000e+00	   0.000000e+00	   0.000000e+00	   0.000000e+00	   0.000000e+00	   0.000000e+00	   0.000000e+00	   0.000000e+00	   0.000000e+00	   0.000000e+00	   0.000000e+00	   0.000000e+00	   0.000000e+00	   0.000000e+00	   0.000000e+00	   0.000000e+00	   1.000000e+00	   0.000000e+00	   0.000000e+00	   0.000000e+00	   0.000000e+00	   0.000000e+00	   0.000000e+00	   0.000000e+00	   0.000000e+00	   0.000000e+00	   0.000000e+00	   0.000000e+00	   0.000000e+00	   0.000000e+00	   0.000000e+00	   0.000000e+00	   0.000000e+00	   0.000000e+00	   0.000000e+00	   0.000000e+00	   0.000000e+00	   0.000000e+00	   0.000000e+00	   0.000000e+00	   0.000000e+00	   0.000000e+00	   0.000000e+00	   0.000000e+00	   0.000000e+00	   0.000000e+00	   0.000000e+00	   0.000000e+00	   0.000000e+00	   0.000000e+00	   0.000000e+00	   0.000000e+00	   0.000000e+00	   2.026500e+06
   1.823647e-05	   4.500000e+02	   0.000000e+00	   0.000000e+00	   0.000000e+00	   0.000000e+00	   0.000000e+00	   0.000000e+00	   0.000000e+00	   0.000000e+00	   0.000000e+00	   0.000000e+00	   0.000000e+00	   0.000000e+00	   0.000000e+00	   0.000000e+00	   0.000000e+00	   0.000000e+00	   0.000000e+00	   0.000000e+00	   0.000000e+00	   0.000000e+00	   0.000000e+00	   0.000000e+00	   0.000000e+00	   0.000000e+00	   0.000000e+00	   0.000000e+00	   0.000000e+00	   0.000000e+00	   0.000000e+00	   0.000000e+00	   0.000000e+00	   0.000000e+00	   0.000000e+00	   0.000000e+00	   0.000000e+00	   0.000000e+00	   0.000000e+00	   1.000000e+00	   0.000000e+00	   0.000000e+00	   0.000000e+00	   0.000000e+00	   0.000000e+00	   0.000000e+00	   0.000000e+00	   0.000000e+00	   0.000000e+00	   0.000000e+00	   0.000000e+00	   0.000000e+00	   0.000000e+00	   0.000000e+00	   0.000000e+00	   0.000000e+00	   0.000000e+00	   0.000000e+00	   0.000000e+00	   0.000000e+00	   0.000000e+00	   0.000000e+00	   0.000000e+00	   0.000000e+00	   0.000000e+00	   0.000000e+00	   0.000000e+00	   0.000000e+00	   0.000000e+00	   0.000000e+00	   0.000000e+00	   0.000000e+00	   0.000000e+00	   0.000000e+00	   0.000000e+00	   0.000000e+00	   2.026500e+06
   1.833667e-05	   4.500000e+02	   0.000000e+00	   0.000000e+00	   0.000000e+00	   0.000000e+00	   0.000000e+00	   0.000000e+00	   0.000000e+00	   0.000000e+00	   0.000000e+00	   0.000000e+00	   0.000000e+00	   0.000000e+00	   0.000000e+00	   0.000000e+00	   0.000000e+00	   0.000000e+00	   0.000000e+00	   0.000000e+00	   0.000000e+00	   0.000000e+00	   0.000000e+00	   0.000000e+00	   0.000000e+00	   0.000000e+00	   0.000000e+00	   0.000000e+00	   0.000000e+00	   0.000000e+00	   0.000000e+00	   0.000000e+00	   0.000000e+00	   0.000000e+00	   0.000000e+00	   0.000000e+00	   0.000000e+00	   0.000000e+00	   0.000000e+00	   1.000000e+00	   0.000000e+00	   0.000000e+00	   0.000000e+00	   0.000000e+00	   0.000000e+00	   0.000000e+00	   0.000000e+00	   0.000000e+00	   0.000000e+00	   0.000000e+00	   0.000000e+00	   0.000000e+00	   0.000000e+00	   0.000000e+00	   0.000000e+00	   0.000000e+00	   0.000000e+00	   0.000000e+00	   0.000000e+00	   0.000000e+00	   0.000000e+00	   0.000000e+00	   0.000000e+00	   0.000000e+00	   0.000000e+00	   0.000000e+00	   0.000000e+00	   0.000000e+00	   0.000000e+00	   0.000000e+00	   0.000000e+00	   0.000000e+00	   0.000000e+00	   0.000000e+00	   0.000000e+00	   0.000000e+00	   2.026500e+06
   1.843687e-05	   4.500000e+02	   0.000000e+00	   0.000000e+00	   0.000000e+00	   0.000000e+00	   0.000000e+00	   0.000000e+00	   0.000000e+00	   0.000000e+00	   0.000000e+00	   0.000000e+00	   0.000000e+00	   0.000000e+00	   0.000000e+00	   0.000000e+00	   0.000000e+00	   0.000000e+00	   0.000000e+00	   0.000000e+00	   0.000000e+00	   0.000000e+00	   0.000000e+00	   0.000000e+00	   0.000000e+00	   0.000000e+00	   0.000000e+00	   0.000000e+00	   0.000000e+00	   0.000000e+00	   0.000000e+00	   0.000000e+00	   0.000000e+00	   0.000000e+00	   0.000000e+00	   0.000000e+00	   0.000000e+00	   0.000000e+00	   0.000000e+00	   1.000000e+00	   0.000000e+00	   0.000000e+00	   0.000000e+00	   0.000000e+00	   0.000000e+00	   0.000000e+00	   0.000000e+00	   0.000000e+00	   0.000000e+00	   0.000000e+00	   0.000000e+00	   0.000000e+00	   0.000000e+00	   0.000000e+00	   0.000000e+00	   0.000000e+00	   0.000000e+00	   0.000000e+00	   0.000000e+00	   0.000000e+00	   0.000000e+00	   0.000000e+00	   0.000000e+00	   0.000000e+00	   0.000000e+00	   0.000000e+00	   0.000000e+00	   0.000000e+00	   0.000000e+00	   0.000000e+00	   0.000000e+00	   0.000000e+00	   0.000000e+00	   0.000000e+00	   0.000000e+00	   0.000000e+00	   2.026500e+06
   1.853707e-05	   4.500000e+02	   0.000000e+00	   0.000000e+00	   0.000000e+00	   0.000000e+00	   0.000000e+00	   0.000000e+00	   0.000000e+00	   0.000000e+00	   0.000000e+00	   0.000000e+00	   0.000000e+00	   0.000000e+00	   0.000000e+00	   0.000000e+00	   0.000000e+00	   0.000000e+00	   0.000000e+00	   0.000000e+00	   0.000000e+00	   0.000000e+00	   0.000000e+00	   0.000000e+00	   0.000000e+00	   0.000000e+00	   0.000000e+00	   0.000000e+00	   0.000000e+00	   0.000000e+00	   0.000000e+00	   0.000000e+00	   0.000000e+00	   0.000000e+00	   0.000000e+00	   0.000000e+00	   0.000000e+00	   0.000000e+00	   0.000000e+00	   1.000000e+00	   0.000000e+00	   0.000000e+00	   0.000000e+00	   0.000000e+00	   0.000000e+00	   0.000000e+00	   0.000000e+00	   0.000000e+00	   0.000000e+00	   0.000000e+00	   0.000000e+00	   0.000000e+00	   0.000000e+00	   0.000000e+00	   0.000000e+00	   0.000000e+00	   0.000000e+00	   0.000000e+00	   0.000000e+00	   0.000000e+00	   0.000000e+00	   0.000000e+00	   0.000000e+00	   0.000000e+00	   0.000000e+00	   0.000000e+00	   0.000000e+00	   0.000000e+00	   0.000000e+00	   0.000000e+00	   0.000000e+00	   0.000000e+00	   0.000000e+00	   0.000000e+00	   0.000000e+00	   0.000000e+00	   2.026500e+06
   1.863727e-05	   4.500000e+02	   0.000000e+00	   0.000000e+00	   0.000000e+00	   0.000000e+00	   0.000000e+00	   0.000000e+00	   0.000000e+00	   0.000000e+00	   0.000000e+00	   0.000000e+00	   0.000000e+00	   0.000000e+00	   0.000000e+00	   0.000000e+00	   0.000000e+00	   0.000000e+00	   0.000000e+00	   0.000000e+00	   0.000000e+00	   0.000000e+00	   0.000000e+00	   0.000000e+00	   0.000000e+00	   0.000000e+00	   0.000000e+00	   0.000000e+00	   0.000000e+00	   0.000000e+00	   0.000000e+00	   0.000000e+00	   0.000000e+00	   0.000000e+00	   0.000000e+00	   0.000000e+00	   0.000000e+00	   0.000000e+00	   0.000000e+00	   1.000000e+00	   0.000000e+00	   0.000000e+00	   0.000000e+00	   0.000000e+00	   0.000000e+00	   0.000000e+00	   0.000000e+00	   0.000000e+00	   0.000000e+00	   0.000000e+00	   0.000000e+00	   0.000000e+00	   0.000000e+00	   0.000000e+00	   0.000000e+00	   0.000000e+00	   0.000000e+00	   0.000000e+00	   0.000000e+00	   0.000000e+00	   0.000000e+00	   0.000000e+00	   0.000000e+00	   0.000000e+00	   0.000000e+00	   0.000000e+00	   0.000000e+00	   0.000000e+00	   0.000000e+00	   0.000000e+00	   0.000000e+00	   0.000000e+00	   0.000000e+00	   0.000000e+00	   0.000000e+00	   0.000000e+00	   2.026500e+06
   1.873747e-05	   4.500000e+02	   0.000000e+00	   0.000000e+00	   0.000000e+00	   0.000000e+00	   0.000000e+00	   0.000000e+00	   0.000000e+00	   0.000000e+00	   0.000000e+00	   0.000000e+00	   0.000000e+00	   0.000000e+00	   0.000000e+00	   0.000000e+00	   0.000000e+00	   0.000000e+00	   0.000000e+00	   0.000000e+00	   0.000000e+00	   0.000000e+00	   0.000000e+00	   0.000000e+00	   0.000000e+00	   0.000000e+00	   0.000000e+00	   0.000000e+00	   0.000000e+00	   0.000000e+00	   0.000000e+00	   0.000000e+00	   0.000000e+00	   0.000000e+00	   0.000000e+00	   0.000000e+00	   0.000000e+00	   0.000000e+00	   0.000000e+00	   1.000000e+00	   0.000000e+00	   0.000000e+00	   0.000000e+00	   0.000000e+00	   0.000000e+00	   0.000000e+00	   0.000000e+00	   0.000000e+00	   0.000000e+00	   0.000000e+00	   0.000000e+00	   0.000000e+00	   0.000000e+00	   0.000000e+00	   0.000000e+00	   0.000000e+00	   0.000000e+00	   0.000000e+00	   0.000000e+00	   0.000000e+00	   0.000000e+00	   0.000000e+00	   0.000000e+00	   0.000000e+00	   0.000000e+00	   0.000000e+00	   0.000000e+00	   0.000000e+00	   0.000000e+00	   0.000000e+00	   0.000000e+00	   0.000000e+00	   0.000000e+00	   0.000000e+00	   0.000000e+00	   0.000000e+00	   2.026500e+06
   1.883768e-05	   4.500000e+02	   0.000000e+00	   0.000000e+00	   0.000000e+00	   0.000000e+00	   0.000000e+00	   0.000000e+00	   0.000000e+00	   0.000000e+00	   0.000000e+00	   0.000000e+00	   0.000000e+00	   0.000000e+00	   0.000000e+00	   0.000000e+00	   0.000000e+00	   0.000000e+00	   0.000000e+00	   0.000000e+00	   0.000000e+00	   0.000000e+00	   0.000000e+00	   0.000000e+00	   0.000000e+00	   0.000000e+00	   0.000000e+00	   0.000000e+00	   0.000000e+00	   0.000000e+00	   0.000000e+00	   0.000000e+00	   0.000000e+00	   0.000000e+00	   0.000000e+00	   0.000000e+00	   0.000000e+00	   0.000000e+00	   0.000000e+00	   1.000000e+00	   0.000000e+00	   0.000000e+00	   0.000000e+00	   0.000000e+00	   0.000000e+00	   0.000000e+00	   0.000000e+00	   0.000000e+00	   0.000000e+00	   0.000000e+00	   0.000000e+00	   0.000000e+00	   0.000000e+00	   0.000000e+00	   0.000000e+00	   0.000000e+00	   0.000000e+00	   0.000000e+00	   0.000000e+00	   0.000000e+00	   0.000000e+00	   0.000000e+00	   0.000000e+00	   0.000000e+00	   0.000000e+00	   0.000000e+00	   0.000000e+00	   0.000000e+00	   0.000000e+00	   0.000000e+00	   0.000000e+00	   0.000000e+00	   0.000000e+00	   0.000000e+00	   0.000000e+00	   0.000000e+00	   2.026500e+06
   1.893788e-05	   4.500000e+02	   0.000000e+00	   0.000000e+00	   0.000000e+00	   0.000000e+00	   0.000000e+00	   0.000000e+00	   0.000000e+00	   0.000000e+00	   0.000000e+00	   0.000000e+00	   0.000000e+00	   0.000000e+00	   0.000000e+00	   0.000000e+00	   0.000000e+00	   0.000000e+00	   0.000000e+00	   0.000000e+00	   0.000000e+00	   0.000000e+00	   0.000000e+00	   0.000000e+00	   0.000000e+00	   0.000000e+00	   0.000000e+00	   0.000000e+00	   0.000000e+00	   0.000000e+00	   0.000000e+00	   0.000000e+00	   0.000000e+00	   0.000000e+00	   0.000000e+00	   0.000000e+00	   0.000000e+00	   0.000000e+00	   0.000000e+00	   1.000000e+00	   0.000000e+00	   0.000000e+00	   0.000000e+00	   0.000000e+00	   0.000000e+00	   0.000000e+00	   0.000000e+00	   0.000000e+00	   0.000000e+00	   0.000000e+00	   0.000000e+00	   0.000000e+00	   0.000000e+00	   0.000000e+00	   0.000000e+00	   0.000000e+00	   0.000000e+00	   0.000000e+00	   0.000000e+00	   0.000000e+00	   0.000000e+00	   0.000000e+00	   0.000000e+00	   0.000000e+00	   0.000000e+00	   0.000000e+00	   0.000000e+00	   0.000000e+00	   0.000000e+00	   0.000000e+00	   0.000000e+00	   0.000000e+00	   0.000000e+00	   0.000000e+00	   0.000000e+00	   0.000000e+00	   2.026500e+06
   1.903808e-05	   4.500000e+02	   0.000000e+00	   0.000000e+00	   0.000000e+00	   0.000000e+00	   0.000000e+00	   0.000000e+00	   0.000000e+00	   0.000000e+00	   0.000000e+00	   0.000000e+00	   0.000000e+00	   0.000000e+00	   0.000000e+00	   0.000000e+00	   0.000000e+00	   0.000000e+00	   0.000000e+00	   0.000000e+00	   0.000000e+00	   0.000000e+00	   0.000000e+00	   0.000000e+00	   0.000000e+00	   0.000000e+00	   0.000000e+00	   0.000000e+00	   0.000000e+00	   0.000000e+00	   0.000000e+00	   0.000000e+00	   0.000000e+00	   0.000000e+00	   0.000000e+00	   0.000000e+00	   0.000000e+00	   0.000000e+00	   0.000000e+00	   1.000000e+00	   0.000000e+00	   0.000000e+00	   0.000000e+00	   0.000000e+00	   0.000000e+00	   0.000000e+00	   0.000000e+00	   0.000000e+00	   0.000000e+00	   0.000000e+00	   0.000000e+00	   0.000000e+00	   0.000000e+00	   0.000000e+00	   0.000000e+00	   0.000000e+00	   0.000000e+00	   0.000000e+00	   0.000000e+00	   0.000000e+00	   0.000000e+00	   0.000000e+00	   0.000000e+00	   0.000000e+00	   0.000000e+00	   0.000000e+00	   0.000000e+00	   0.000000e+00	   0.000000e+00	   0.000000e+00	   0.000000e+00	   0.000000e+00	   0.000000e+00	   0.000000e+00	   0.000000e+00	   0.000000e+00	   2.026500e+06
   1.913828e-05	   4.500000e+02	   0.000000e+00	   0.000000e+00	   0.000000e+00	   0.000000e+00	   0.000000e+00	   0.000000e+00	   0.000000e+00	   0.000000e+00	   0.000000e+00	   0.000000e+00	   0.000000e+00	   0.000000e+00	   0.000000e+00	   0.000000e+00	   0.000000e+00	   0.000000e+00	   0.000000e+00	   0.000000e+00	   0.000000e+00	   0.000000e+00	   0.000000e+00	   0.000000e+00	   0.000000e+00	   0.000000e+00	   0.000000e+00	   0.000000e+00	   0.000000e+00	   0.000000e+00	   0.000000e+00	   0.000000e+00	   0.000000e+00	   0.000000e+00	   0.000000e+00	   0.000000e+00	   0.000000e+00	   0.000000e+00	   0.000000e+00	   1.000000e+00	   0.000000e+00	   0.000000e+00	   0.000000e+00	   0.000000e+00	   0.000000e+00	   0.000000e+00	   0.000000e+00	   0.000000e+00	   0.000000e+00	   0.000000e+00	   0.000000e+00	   0.000000e+00	   0.000000e+00	   0.000000e+00	   0.000000e+00	   0.000000e+00	   0.000000e+00	   0.000000e+00	   0.000000e+00	   0.000000e+00	   0.000000e+00	   0.000000e+00	   0.000000e+00	   0.000000e+00	   0.000000e+00	   0.000000e+00	   0.000000e+00	   0.000000e+00	   0.000000e+00	   0.000000e+00	   0.000000e+00	   0.000000e+00	   0.000000e+00	   0.000000e+00	   0.000000e+00	   0.000000e+00	   2.026500e+06
   1.923848e-05	   4.500000e+02	   0.000000e+00	   0.000000e+00	   0.000000e+00	   0.000000e+00	   0.000000e+00	   0.000000e+00	   0.000000e+00	   0.000000e+00	   0.000000e+00	   0.000000e+00	   0.000000e+00	   0.000000e+00	   0.000000e+00	   0.000000e+00	   0.000000e+00	   0.000000e+00	   0.000000e+00	   0.000000e+00	   0.000000e+00	   0.000000e+00	   0.000000e+00	   0.000000e+00	   0.000000e+00	   0.000000e+00	   0.000000e+00	   0.000000e+00	   0.000000e+00	   0.000000e+00	   0.000000e+00	   0.000000e+00	   0.000000e+00	   0.000000e+00	   0.000000e+00	   0.000000e+00	   0.000000e+00	   0.000000e+00	   0.000000e+00	   1.000000e+00	   0.000000e+00	   0.000000e+00	   0.000000e+00	   0.000000e+00	   0.000000e+00	   0.000000e+00	   0.000000e+00	   0.000000e+00	   0.000000e+00	   0.000000e+00	   0.000000e+00	   0.000000e+00	   0.000000e+00	   0.000000e+00	   0.000000e+00	   0.000000e+00	   0.000000e+00	   0.000000e+00	   0.000000e+00	   0.000000e+00	   0.000000e+00	   0.000000e+00	   0.000000e+00	   0.000000e+00	   0.000000e+00	   0.000000e+00	   0.000000e+00	   0.000000e+00	   0.000000e+00	   0.000000e+00	   0.000000e+00	   0.000000e+00	   0.000000e+00	   0.000000e+00	   0.000000e+00	   0.000000e+00	   2.026500e+06
   1.933868e-05	   4.500000e+02	   0.000000e+00	   0.000000e+00	   0.000000e+00	   0.000000e+00	   0.000000e+00	   0.000000e+00	   0.000000e+00	   0.000000e+00	   0.000000e+00	   0.000000e+00	   0.000000e+00	   0.000000e+00	   0.000000e+00	   0.000000e+00	   0.000000e+00	   0.000000e+00	   0.000000e+00	   0.000000e+00	   0.000000e+00	   0.000000e+00	   0.000000e+00	   0.000000e+00	   0.000000e+00	   0.000000e+00	   0.000000e+00	   0.000000e+00	   0.000000e+00	   0.000000e+00	   0.000000e+00	   0.000000e+00	   0.000000e+00	   0.000000e+00	   0.000000e+00	   0.000000e+00	   0.000000e+00	   0.000000e+00	   0.000000e+00	   1.000000e+00	   0.000000e+00	   0.000000e+00	   0.000000e+00	   0.000000e+00	   0.000000e+00	   0.000000e+00	   0.000000e+00	   0.000000e+00	   0.000000e+00	   0.000000e+00	   0.000000e+00	   0.000000e+00	   0.000000e+00	   0.000000e+00	   0.000000e+00	   0.000000e+00	   0.000000e+00	   0.000000e+00	   0.000000e+00	   0.000000e+00	   0.000000e+00	   0.000000e+00	   0.000000e+00	   0.000000e+00	   0.000000e+00	   0.000000e+00	   0.000000e+00	   0.000000e+00	   0.000000e+00	   0.000000e+00	   0.000000e+00	   0.000000e+00	   0.000000e+00	   0.000000e+00	   0.000000e+00	   0.000000e+00	   2.026500e+06
   1.943888e-05	   4.500000e+02	   0.000000e+00	   0.000000e+00	   0.000000e+00	   0.000000e+00	   0.000000e+00	   0.000000e+00	   0.000000e+00	   0.000000e+00	   0.000000e+00	   0.000000e+00	   0.000000e+00	   0.000000e+00	   0.000000e+00	   0.000000e+00	   0.000000e+00	   0.000000e+00	   0.000000e+00	   0.000000e+00	   0.000000e+00	   0.000000e+00	   0.000000e+00	   0.000000e+00	   0.000000e+00	   0.000000e+00	   0.000000e+00	   0.000000e+00	   0.000000e+00	   0.000000e+00	   0.000000e+00	   0.000000e+00	   0.000000e+00	   0.000000e+00	   0.000000e+00	   0.000000e+00	   0.000000e+00	   0.000000e+00	   0.000000e+00	   1.000000e+00	   0.000000e+00	   0.000000e+00	   0.000000e+00	   0.000000e+00	   0.000000e+00	   0.000000e+00	   0.000000e+00	   0.000000e+00	   0.000000e+00	   0.000000e+00	   0.000000e+00	   0.000000e+00	   0.000000e+00	   0.000000e+00	   0.000000e+00	   0.000000e+00	   0.000000e+00	   0.000000e+00	   0.000000e+00	   0.000000e+00	   0.000000e+00	   0.000000e+00	   0.000000e+00	   0.000000e+00	   0.000000e+00	   0.000000e+00	   0.000000e+00	   0.000000e+00	   0.000000e+00	   0.000000e+00	   0.000000e+00	   0.000000e+00	   0.000000e+00	   0.000000e+00	   0.000000e+00	   0.000000e+00	   2.026500e+06
   1.953908e-05	   4.500000e+02	   0.000000e+00	   0.000000e+00	   0.000000e+00	   0.000000e+00	   0.000000e+00	   0.000000e+00	   0.000000e+00	   0.000000e+00	   0.000000e+00	   0.000000e+00	   0.000000e+00	   0.000000e+00	   0.000000e+00	   0.000000e+00	   0.000000e+00	   0.000000e+00	   0.000000e+00	   0.000000e+00	   0.000000e+00	   0.000000e+00	   0.000000e+00	   0.000000e+00	   0.000000e+00	   0.000000e+00	   0.000000e+00	   0.000000e+00	   0.000000e+00	   0.000000e+00	   0.000000e+00	   0.000000e+00	   0.000000e+00	   0.000000e+00	   0.000000e+00	   0.000000e+00	   0.000000e+00	   0.000000e+00	   0.000000e+00	   1.000000e+00	   0.000000e+00	   0.000000e+00	   0.000000e+00	   0.000000e+00	   0.000000e+00	   0.000000e+00	   0.000000e+00	   0.000000e+00	   0.000000e+00	   0.000000e+00	   0.000000e+00	   0.000000e+00	   0.000000e+00	   0.000000e+00	   0.000000e+00	   0.000000e+00	   0.000000e+00	   0.000000e+00	   0.000000e+00	   0.000000e+00	   0.000000e+00	   0.000000e+00	   0.000000e+00	   0.000000e+00	   0.000000e+00	   0.000000e+00	   0.000000e+00	   0.000000e+00	   0.000000e+00	   0.000000e+00	   0.000000e+00	   0.000000e+00	   0.000000e+00	   0.000000e+00	   0.000000e+00	   0.000000e+00	   2.026500e+06
   1.963928e-05	   4.500000e+02	   0.000000e+00	   0.000000e+00	   0.000000e+00	   0.000000e+00	   0.000000e+00	   0.000000e+00	   0.000000e+00	   0.000000e+00	   0.000000e+00	   0.000000e+00	   0.000000e+00	   0.000000e+00	   0.000000e+00	   0.000000e+00	   0.000000e+00	   0.000000e+00	   0.000000e+00	   0.000000e+00	   0.000000e+00	   0.000000e+00	   0.000000e+00	   0.000000e+00	   0.000000e+00	   0.000000e+00	   0.000000e+00	   0.000000e+00	   0.000000e+00	   0.000000e+00	   0.000000e+00	   0.000000e+00	   0.000000e+00	   0.000000e+00	   0.000000e+00	   0.000000e+00	   0.000000e+00	   0.000000e+00	   0.000000e+00	   1.000000e+00	   0.000000e+00	   0.000000e+00	   0.000000e+00	   0.000000e+00	   0.000000e+00	   0.000000e+00	   0.000000e+00	   0.000000e+00	   0.000000e+00	   0.000000e+00	   0.000000e+00	   0.000000e+00	   0.000000e+00	   0.000000e+00	   0.000000e+00	   0.000000e+00	   0.000000e+00	   0.000000e+00	   0.000000e+00	   0.000000e+00	   0.000000e+00	   0.000000e+00	   0.000000e+00	   0.000000e+00	   0.000000e+00	   0.000000e+00	   0.000000e+00	   0.000000e+00	   0.000000e+00	   0.000000e+00	   0.000000e+00	   0.000000e+00	   0.000000e+00	   0.000000e+00	   0.000000e+00	   0.000000e+00	   2.026500e+06
   1.973948e-05	   4.500000e+02	   0.000000e+00	   0.000000e+00	   0.000000e+00	   0.000000e+00	   0.000000e+00	   0.000000e+00	   0.000000e+00	   0.000000e+00	   0.000000e+00	   0.000000e+00	   0.000000e+00	   0.000000e+00	   0.000000e+00	   0.000000e+00	   0.000000e+00	   0.000000e+00	   0.000000e+00	   0.000000e+00	   0.000000e+00	   0.000000e+00	   0.000000e+00	   0.000000e+00	   0.000000e+00	   0.000000e+00	   0.000000e+00	   0.000000e+00	   0.000000e+00	   0.000000e+00	   0.000000e+00	   0.000000e+00	   0.000000e+00	   0.000000e+00	   0.000000e+00	   0.000000e+00	   0.000000e+00	   0.000000e+00	   0.000000e+00	   1.000000e+00	   0.000000e+00	   0.000000e+00	   0.000000e+00	   0.000000e+00	   0.000000e+00	   0.000000e+00	   0.000000e+00	   0.000000e+00	   0.000000e+00	   0.000000e+00	   0.000000e+00	   0.000000e+00	   0.000000e+00	   0.000000e+00	   0.000000e+00	   0.000000e+00	   0.000000e+00	   0.000000e+00	   0.000000e+00	   0.000000e+00	   0.000000e+00	   0.000000e+00	   0.000000e+00	   0.000000e+00	   0.000000e+00	   0.000000e+00	   0.000000e+00	   0.000000e+00	   0.000000e+00	   0.000000e+00	   0.000000e+00	   0.000000e+00	   0.000000e+00	   0.000000e+00	   0.000000e+00	   0.000000e+00	   2.026500e+06
   1.983968e-05	   4.500000e+02	   0.000000e+00	   0.000000e+00	   0.000000e+00	   0.000000e+00	   0.000000e+00	   0.000000e+00	   0.000000e+00	   0.000000e+00	   0.000000e+00	   0.000000e+00	   0.000000e+00	   0.000000e+00	   0.000000e+00	   0.000000e+00	   0.000000e+00	   0.000000e+00	   0.000000e+00	   0.000000e+00	   0.000000e+00	   0.000000e+00	   0.000000e+00	   0.000000e+00	   0.000000e+00	   0.000000e+00	   0.000000e+00	   0.000000e+00	   0.000000e+00	   0.000000e+00	   0.000000e+00	   0.000000e+00	   0.000000e+00	   0.000000e+00	   0.000000e+00	   0.000000e+00	   0.000000e+00	   0.000000e+00	   0.000000e+00	   1.000000e+00	   0.000000e+00	   0.000000e+00	   0.000000e+00	   0.000000e+00	   0.000000e+00	   0.000000e+00	   0.000000e+00	   0.000000e+00	   0.000000e+00	   0.000000e+00	   0.000000e+00	   0.000000e+00	   0.000000e+00	   0.000000e+00	   0.000000e+00	   0.000000e+00	   0.000000e+00	   0.000000e+00	   0.000000e+00	   0.000000e+00	   0.000000e+00	   0.000000e+00	   0.000000e+00	   0.000000e+00	   0.000000e+00	   0.000000e+00	   0.000000e+00	   0.000000e+00	   0.000000e+00	   0.000000e+00	   0.000000e+00	   0.000000e+00	   0.000000e+00	   0.000000e+00	   0.000000e+00	   0.000000e+00	   2.026500e+06
   1.993988e-05	   4.500000e+02	   0.000000e+00	   0.000000e+00	   0.000000e+00	   0.000000e+00	   0.000000e+00	   0.000000e+00	   0.000000e+00	   0.000000e+00	   0.000000e+00	   0.000000e+00	   0.000000e+00	   0.000000e+00	   0.000000e+00	   0.000000e+00	   0.000000e+00	   0.000000e+00	   0.000000e+00	   0.000000e+00	   0.000000e+00	   0.000000e+00	   0.000000e+00	   0.000000e+00	   0.000000e+00	   0.000000e+00	   0.000000e+00	   0.000000e+00	   0.000000e+00	   0.000000e+00	   0.000000e+00	   0.000000e+00	   0.000000e+00	   0.000000e+00	   0.000000e+00	   0.000000e+00	   0.000000e+00	   0.000000e+00	   0.000000e+00	   1.000000e+00	   0.000000e+00	   0.000000e+00	   0.000000e+00	   0.000000e+00	   0.000000e+00	   0.000000e+00	   0.000000e+00	   0.000000e+00	   0.000000e+00	   0.000000e+00	   0.000000e+00	   0.000000e+00	   0.000000e+00	   0.000000e+00	   0.000000e+00	   0.000000e+00	   0.000000e+00	   0.000000e+00	   0.000000e+00	   0.000000e+00	   0.000000e+00	   0.000000e+00	   0.000000e+00	   0.000000e+00	   0.000000e+00	   0.000000e+00	   0.000000e+00	   0.000000e+00	   0.000000e+00	   0.000000e+00	   0.000000e+00	   0.000000e+00	   0.000000e+00	   0.000000e+00	   0.000000e+00	   0.000000e+00	   2.026500e+06
   2.004008e-05	   4.500000e+02	   0.000000e+00	   0.000000e+00	   0.000000e+00	   0.000000e+00	   0.000000e+00	   0.000000e+00	   0.000000e+00	   0.000000e+00	   0.000000e+00	   0.000000e+00	   0.000000e+00	   0.000000e+00	   0.000000e+00	   0.000000e+00	   0.000000e+00	   0.000000e+00	   0.000000e+00	   0.000000e+00	   0.000000e+00	   0.000000e+00	   0.000000e+00	   0.000000e+00	   0.000000e+00	   0.000000e+00	   0.000000e+00	   0.000000e+00	   0.000000e+00	   0.000000e+00	   0.000000e+00	   0.000000e+00	   0.000000e+00	   0.000000e+00	   0.000000e+00	   0.000000e+00	   0.000000e+00	   0.000000e+00	   0.000000e+00	   1.000000e+00	   0.000000e+00	   0.000000e+00	   0.000000e+00	   0.000000e+00	   0.000000e+00	   0.000000e+00	   0.000000e+00	   0.000000e+00	   0.000000e+00	   0.000000e+00	   0.000000e+00	   0.000000e+00	   0.000000e+00	   0.000000e+00	   0.000000e+00	   0.000000e+00	   0.000000e+00	   0.000000e+00	   0.000000e+00	   0.000000e+00	   0.000000e+00	   0.000000e+00	   0.000000e+00	   0.000000e+00	   0.000000e+00	   0.000000e+00	   0.000000e+00	   0.000000e+00	   0.000000e+00	   0.000000e+00	   0.000000e+00	   0.000000e+00	   0.000000e+00	   0.000000e+00	   0.000000e+00	   0.000000e+00	   2.026500e+06
   2.014028e-05	   4.500000e+02	   0.000000e+00	   0.000000e+00	   0.000000e+00	   0.000000e+00	   0.000000e+00	   0.000000e+00	   0.000000e+00	   0.000000e+00	   0.000000e+00	   0.000000e+00	   0.000000e+00	   0.000000e+00	   0.000000e+00	   0.000000e+00	   0.000000e+00	   0.000000e+00	   0.000000e+00	   0.000000e+00	   0.000000e+00	   0.000000e+00	   0.000000e+00	   0.000000e+00	   0.000000e+00	   0.000000e+00	   0.000000e+00	   0.000000e+00	   0.000000e+00	   0.000000e+00	   0.000000e+00	   0.000000e+00	   0.000000e+00	   0.000000e+00	   0.000000e+00	   0.000000e+00	   0.000000e+00	   0.000000e+00	   0.000000e+00	   1.000000e+00	   0.000000e+00	   0.000000e+00	   0.000000e+00	   0.000000e+00	   0.000000e+00	   0.000000e+00	   0.000000e+00	   0.000000e+00	   0.000000e+00	   0.000000e+00	   0.000000e+00	   0.000000e+00	   0.000000e+00	   0.000000e+00	   0.000000e+00	   0.000000e+00	   0.000000e+00	   0.000000e+00	   0.000000e+00	   0.000000e+00	   0.000000e+00	   0.000000e+00	   0.000000e+00	   0.000000e+00	   0.000000e+00	   0.000000e+00	   0.000000e+00	   0.000000e+00	   0.000000e+00	   0.000000e+00	   0.000000e+00	   0.000000e+00	   0.000000e+00	   0.000000e+00	   0.000000e+00	   0.000000e+00	   2.026500e+06
   2.024048e-05	   4.500000e+02	   0.000000e+00	   0.000000e+00	   0.000000e+00	   0.000000e+00	   0.000000e+00	   0.000000e+00	   0.000000e+00	   0.000000e+00	   0.000000e+00	   0.000000e+00	   0.000000e+00	   0.000000e+00	   0.000000e+00	   0.000000e+00	   0.000000e+00	   0.000000e+00	   0.000000e+00	   0.000000e+00	   0.000000e+00	   0.000000e+00	   0.000000e+00	   0.000000e+00	   0.000000e+00	   0.000000e+00	   0.000000e+00	   0.000000e+00	   0.000000e+00	   0.000000e+00	   0.000000e+00	   0.000000e+00	   0.000000e+00	   0.000000e+00	   0.000000e+00	   0.000000e+00	   0.000000e+00	   0.000000e+00	   0.000000e+00	   1.000000e+00	   0.000000e+00	   0.000000e+00	   0.000000e+00	   0.000000e+00	   0.000000e+00	   0.000000e+00	   0.000000e+00	   0.000000e+00	   0.000000e+00	   0.000000e+00	   0.000000e+00	   0.000000e+00	   0.000000e+00	   0.000000e+00	   0.000000e+00	   0.000000e+00	   0.000000e+00	   0.000000e+00	   0.000000e+00	   0.000000e+00	   0.000000e+00	   0.000000e+00	   0.000000e+00	   0.000000e+00	   0.000000e+00	   0.000000e+00	   0.000000e+00	   0.000000e+00	   0.000000e+00	   0.000000e+00	   0.000000e+00	   0.000000e+00	   0.000000e+00	   0.000000e+00	   0.000000e+00	   0.000000e+00	   2.026500e+06
   2.034068e-05	   4.500000e+02	   0.000000e+00	   0.000000e+00	   0.000000e+00	   0.000000e+00	   0.000000e+00	   0.000000e+00	   0.000000e+00	   0.000000e+00	   0.000000e+00	   0.000000e+00	   0.000000e+00	   0.000000e+00	   0.000000e+00	   0.000000e+00	   0.000000e+00	   0.000000e+00	   0.000000e+00	   0.000000e+00	   0.000000e+00	   0.000000e+00	   0.000000e+00	   0.000000e+00	   0.000000e+00	   0.000000e+00	   0.000000e+00	   0.000000e+00	   0.000000e+00	   0.000000e+00	   0.000000e+00	   0.000000e+00	   0.000000e+00	   0.000000e+00	   0.000000e+00	   0.000000e+00	   0.000000e+00	   0.000000e+00	   0.000000e+00	   1.000000e+00	   0.000000e+00	   0.000000e+00	   0.000000e+00	   0.000000e+00	   0.000000e+00	   0.000000e+00	   0.000000e+00	   0.000000e+00	   0.000000e+00	   0.000000e+00	   0.000000e+00	   0.000000e+00	   0.000000e+00	   0.000000e+00	   0.000000e+00	   0.000000e+00	   0.000000e+00	   0.000000e+00	   0.000000e+00	   0.000000e+00	   0.000000e+00	   0.000000e+00	   0.000000e+00	   0.000000e+00	   0.000000e+00	   0.000000e+00	   0.000000e+00	   0.000000e+00	   0.000000e+00	   0.000000e+00	   0.000000e+00	   0.000000e+00	   0.000000e+00	   0.000000e+00	   0.000000e+00	   0.000000e+00	   2.026500e+06
   2.044088e-05	   4.500000e+02	   0.000000e+00	   0.000000e+00	   0.000000e+00	   0.000000e+00	   0.000000e+00	   0.000000e+00	   0.000000e+00	   0.000000e+00	   0.000000e+00	   0.000000e+00	   0.000000e+00	   0.000000e+00	   0.000000e+00	   0.000000e+00	   0.000000e+00	   0.000000e+00	   0.000000e+00	   0.000000e+00	   0.000000e+00	   0.000000e+00	   0.000000e+00	   0.000000e+00	   0.000000e+00	   0.000000e+00	   0.000000e+00	   0.000000e+00	   0.000000e+00	   0.000000e+00	   0.000000e+00	   0.000000e+00	   0.000000e+00	   0.000000e+00	   0.000000e+00	   0.000000e+00	   0.000000e+00	   0.000000e+00	   0.000000e+00	   1.000000e+00	   0.000000e+00	   0.000000e+00	   0.000000e+00	   0.000000e+00	   0.000000e+00	   0.000000e+00	   0.000000e+00	   0.000000e+00	   0.000000e+00	   0.000000e+00	   0.000000e+00	   0.000000e+00	   0.000000e+00	   0.000000e+00	   0.000000e+00	   0.000000e+00	   0.000000e+00	   0.000000e+00	   0.000000e+00	   0.000000e+00	   0.000000e+00	   0.000000e+00	   0.000000e+00	   0.000000e+00	   0.000000e+00	   0.000000e+00	   0.000000e+00	   0.000000e+00	   0.000000e+00	   0.000000e+00	   0.000000e+00	   0.000000e+00	   0.000000e+00	   0.000000e+00	   0.000000e+00	   0.000000e+00	   2.026500e+06
   2.054108e-05	   4.500000e+02	   0.000000e+00	   0.000000e+00	   0.000000e+00	   0.000000e+00	   0.000000e+00	   0.000000e+00	   0.000000e+00	   0.000000e+00	   0.000000e+00	   0.000000e+00	   0.000000e+00	   0.000000e+00	   0.000000e+00	   0.000000e+00	   0.000000e+00	   0.000000e+00	   0.000000e+00	   0.000000e+00	   0.000000e+00	   0.000000e+00	   0.000000e+00	   0.000000e+00	   0.000000e+00	   0.000000e+00	   0.000000e+00	   0.000000e+00	   0.000000e+00	   0.000000e+00	   0.000000e+00	   0.000000e+00	   0.000000e+00	   0.000000e+00	   0.000000e+00	   0.000000e+00	   0.000000e+00	   0.000000e+00	   0.000000e+00	   1.000000e+00	   0.000000e+00	   0.000000e+00	   0.000000e+00	   0.000000e+00	   0.000000e+00	   0.000000e+00	   0.000000e+00	   0.000000e+00	   0.000000e+00	   0.000000e+00	   0.000000e+00	   0.000000e+00	   0.000000e+00	   0.000000e+00	   0.000000e+00	   0.000000e+00	   0.000000e+00	   0.000000e+00	   0.000000e+00	   0.000000e+00	   0.000000e+00	   0.000000e+00	   0.000000e+00	   0.000000e+00	   0.000000e+00	   0.000000e+00	   0.000000e+00	   0.000000e+00	   0.000000e+00	   0.000000e+00	   0.000000e+00	   0.000000e+00	   0.000000e+00	   0.000000e+00	   0.000000e+00	   0.000000e+00	   2.026500e+06
   2.064128e-05	   4.500000e+02	   0.000000e+00	   0.000000e+00	   0.000000e+00	   0.000000e+00	   0.000000e+00	   0.000000e+00	   0.000000e+00	   0.000000e+00	   0.000000e+00	   0.000000e+00	   0.000000e+00	   0.000000e+00	   0.000000e+00	   0.000000e+00	   0.000000e+00	   0.000000e+00	   0.000000e+00	   0.000000e+00	   0.000000e+00	   0.000000e+00	   0.000000e+00	   0.000000e+00	   0.000000e+00	   0.000000e+00	   0.000000e+00	   0.000000e+00	   0.000000e+00	   0.000000e+00	   0.000000e+00	   0.000000e+00	   0.000000e+00	   0.000000e+00	   0.000000e+00	   0.000000e+00	   0.000000e+00	   0.000000e+00	   0.000000e+00	   1.000000e+00	   0.000000e+00	   0.000000e+00	   0.000000e+00	   0.000000e+00	   0.000000e+00	   0.000000e+00	   0.000000e+00	   0.000000e+00	   0.000000e+00	   0.000000e+00	   0.000000e+00	   0.000000e+00	   0.000000e+00	   0.000000e+00	   0.000000e+00	   0.000000e+00	   0.000000e+00	   0.000000e+00	   0.000000e+00	   0.000000e+00	   0.000000e+00	   0.000000e+00	   0.000000e+00	   0.000000e+00	   0.000000e+00	   0.000000e+00	   0.000000e+00	   0.000000e+00	   0.000000e+00	   0.000000e+00	   0.000000e+00	   0.000000e+00	   0.000000e+00	   0.000000e+00	   0.000000e+00	   0.000000e+00	   2.026500e+06
   2.074148e-05	   4.500000e+02	   0.000000e+00	   0.000000e+00	   0.000000e+00	   0.000000e+00	   0.000000e+00	   0.000000e+00	   0.000000e+00	   0.000000e+00	   0.000000e+00	   0.000000e+00	   0.000000e+00	   0.000000e+00	   0.000000e+00	   0.000000e+00	   0.000000e+00	   0.000000e+00	   0.000000e+00	   0.000000e+00	   0.000000e+00	   0.000000e+00	   0.000000e+00	   0.000000e+00	   0.000000e+00	   0.000000e+00	   0.000000e+00	   0.000000e+00	   0.000000e+00	   0.000000e+00	   0.000000e+00	   0.000000e+00	   0.000000e+00	   0.000000e+00	   0.000000e+00	   0.000000e+00	   0.000000e+00	   0.000000e+00	   0.000000e+00	   1.000000e+00	   0.000000e+00	   0.000000e+00	   0.000000e+00	   0.000000e+00	   0.000000e+00	   0.000000e+00	   0.000000e+00	   0.000000e+00	   0.000000e+00	   0.000000e+00	   0.000000e+00	   0.000000e+00	   0.000000e+00	   0.000000e+00	   0.000000e+00	   0.000000e+00	   0.000000e+00	   0.000000e+00	   0.000000e+00	   0.000000e+00	   0.000000e+00	   0.000000e+00	   0.000000e+00	   0.000000e+00	   0.000000e+00	   0.000000e+00	   0.000000e+00	   0.000000e+00	   0.000000e+00	   0.000000e+00	   0.000000e+00	   0.000000e+00	   0.000000e+00	   0.000000e+00	   0.000000e+00	   0.000000e+00	   2.026500e+06
   2.084168e-05	   4.500000e+02	   0.000000e+00	   0.000000e+00	   0.000000e+00	   0.000000e+00	   0.000000e+00	   0.000000e+00	   0.000000e+00	   0.000000e+00	   0.000000e+00	   0.000000e+00	   0.000000e+00	   0.000000e+00	   0.000000e+00	   0.000000e+00	   0.000000e+00	   0.000000e+00	   0.000000e+00	   0.000000e+00	   0.000000e+00	   0.000000e+00	   0.000000e+00	   0.000000e+00	   0.000000e+00	   0.000000e+00	   0.000000e+00	   0.000000e+00	   0.000000e+00	   0.000000e+00	   0.000000e+00	   0.000000e+00	   0.000000e+00	   0.000000e+00	   0.000000e+00	   0.000000e+00	   0.000000e+00	   0.000000e+00	   0.000000e+00	   1.000000e+00	   0.000000e+00	   0.000000e+00	   0.000000e+00	   0.000000e+00	   0.000000e+00	   0.000000e+00	   0.000000e+00	   0.000000e+00	   0.000000e+00	   0.000000e+00	   0.000000e+00	   0.000000e+00	   0.000000e+00	   0.000000e+00	   0.000000e+00	   0.000000e+00	   0.000000e+00	   0.000000e+00	   0.000000e+00	   0.000000e+00	   0.000000e+00	   0.000000e+00	   0.000000e+00	   0.000000e+00	   0.000000e+00	   0.000000e+00	   0.000000e+00	   0.000000e+00	   0.000000e+00	   0.000000e+00	   0.000000e+00	   0.000000e+00	   0.000000e+00	   0.000000e+00	   0.000000e+00	   0.000000e+00	   2.026500e+06
   2.094188e-05	   4.500000e+02	   0.000000e+00	   0.000000e+00	   0.000000e+00	   0.000000e+00	   0.000000e+00	   0.000000e+00	   0.000000e+00	   0.000000e+00	   0.000000e+00	   0.000000e+00	   0.000000e+00	   0.000000e+00	   0.000000e+00	   0.000000e+00	   0.000000e+00	   0.000000e+00	   0.000000e+00	   0.000000e+00	   0.000000e+00	   0.000000e+00	   0.000000e+00	   0.000000e+00	   0.000000e+00	   0.000000e+00	   0.000000e+00	   0.000000e+00	   0.000000e+00	   0.000000e+00	   0.000000e+00	   0.000000e+00	   0.000000e+00	   0.000000e+00	   0.000000e+00	   0.000000e+00	   0.000000e+00	   0.000000e+00	   0.000000e+00	   1.000000e+00	   0.000000e+00	   0.000000e+00	   0.000000e+00	   0.000000e+00	   0.000000e+00	   0.000000e+00	   0.000000e+00	   0.000000e+00	   0.000000e+00	   0.000000e+00	   0.000000e+00	   0.000000e+00	   0.000000e+00	   0.000000e+00	   0.000000e+00	   0.000000e+00	   0.000000e+00	   0.000000e+00	   0.000000e+00	   0.000000e+00	   0.000000e+00	   0.000000e+00	   0.000000e+00	   0.000000e+00	   0.000000e+00	   0.000000e+00	   0.000000e+00	   0.000000e+00	   0.000000e+00	   0.000000e+00	   0.000000e+00	   0.000000e+00	   0.000000e+00	   0.000000e+00	   0.000000e+00	   0.000000e+00	   2.026500e+06
   2.104208e-05	   4.500000e+02	   0.000000e+00	   0.000000e+00	   0.000000e+00	   0.000000e+00	   0.000000e+00	   0.000000e+00	   0.000000e+00	   0.000000e+00	   0.000000e+00	   0.000000e+00	   0.000000e+00	   0.000000e+00	   0.000000e+00	   0.000000e+00	   0.000000e+00	   0.000000e+00	   0.000000e+00	   0.000000e+00	   0.000000e+00	   0.000000e+00	   0.000000e+00	   0.000000e+00	   0.000000e+00	   0.000000e+00	   0.000000e+00	   0.000000e+00	   0.000000e+00	   0.000000e+00	   0.000000e+00	   0.000000e+00	   0.000000e+00	   0.000000e+00	   0.000000e+00	   0.000000e+00	   0.000000e+00	   0.000000e+00	   0.000000e+00	   1.000000e+00	   0.000000e+00	   0.000000e+00	   0.000000e+00	   0.000000e+00	   0.000000e+00	   0.000000e+00	   0.000000e+00	   0.000000e+00	   0.000000e+00	   0.000000e+00	   0.000000e+00	   0.000000e+00	   0.000000e+00	   0.000000e+00	   0.000000e+00	   0.000000e+00	   0.000000e+00	   0.000000e+00	   0.000000e+00	   0.000000e+00	   0.000000e+00	   0.000000e+00	   0.000000e+00	   0.000000e+00	   0.000000e+00	   0.000000e+00	   0.000000e+00	   0.000000e+00	   0.000000e+00	   0.000000e+00	   0.000000e+00	   0.000000e+00	   0.000000e+00	   0.000000e+00	   0.000000e+00	   0.000000e+00	   2.026500e+06
   2.114228e-05	   4.500000e+02	   0.000000e+00	   0.000000e+00	   0.000000e+00	   0.000000e+00	   0.000000e+00	   0.000000e+00	   0.000000e+00	   0.000000e+00	   0.000000e+00	   0.000000e+00	   0.000000e+00	   0.000000e+00	   0.000000e+00	   0.000000e+00	   0.000000e+00	   0.000000e+00	   0.000000e+00	   0.000000e+00	   0.000000e+00	   0.000000e+00	   0.000000e+00	   0.000000e+00	   0.000000e+00	   0.000000e+00	   0.000000e+00	   0.000000e+00	   0.000000e+00	   0.000000e+00	   0.000000e+00	   0.000000e+00	   0.000000e+00	   0.000000e+00	   0.000000e+00	   0.000000e+00	   0.000000e+00	   0.000000e+00	   0.000000e+00	   1.000000e+00	   0.000000e+00	   0.000000e+00	   0.000000e+00	   0.000000e+00	   0.000000e+00	   0.000000e+00	   0.000000e+00	   0.000000e+00	   0.000000e+00	   0.000000e+00	   0.000000e+00	   0.000000e+00	   0.000000e+00	   0.000000e+00	   0.000000e+00	   0.000000e+00	   0.000000e+00	   0.000000e+00	   0.000000e+00	   0.000000e+00	   0.000000e+00	   0.000000e+00	   0.000000e+00	   0.000000e+00	   0.000000e+00	   0.000000e+00	   0.000000e+00	   0.000000e+00	   0.000000e+00	   0.000000e+00	   0.000000e+00	   0.000000e+00	   0.000000e+00	   0.000000e+00	   0.000000e+00	   0.000000e+00	   2.026500e+06
   2.124248e-05	   4.500000e+02	   0.000000e+00	   0.000000e+00	   0.000000e+00	   0.000000e+00	   0.000000e+00	   0.000000e+00	   0.000000e+00	   0.000000e+00	   0.000000e+00	   0.000000e+00	   0.000000e+00	   0.000000e+00	   0.000000e+00	   0.000000e+00	   0.000000e+00	   0.000000e+00	   0.000000e+00	   0.000000e+00	   0.000000e+00	   0.000000e+00	   0.000000e+00	   0.000000e+00	   0.000000e+00	   0.000000e+00	   0.000000e+00	   0.000000e+00	   0.000000e+00	   0.000000e+00	   0.000000e+00	   0.000000e+00	   0.000000e+00	   0.000000e+00	   0.000000e+00	   0.000000e+00	   0.000000e+00	   0.000000e+00	   0.000000e+00	   1.000000e+00	   0.000000e+00	   0.000000e+00	   0.000000e+00	   0.000000e+00	   0.000000e+00	   0.000000e+00	   0.000000e+00	   0.000000e+00	   0.000000e+00	   0.000000e+00	   0.000000e+00	   0.000000e+00	   0.000000e+00	   0.000000e+00	   0.000000e+00	   0.000000e+00	   0.000000e+00	   0.000000e+00	   0.000000e+00	   0.000000e+00	   0.000000e+00	   0.000000e+00	   0.000000e+00	   0.000000e+00	   0.000000e+00	   0.000000e+00	   0.000000e+00	   0.000000e+00	   0.000000e+00	   0.000000e+00	   0.000000e+00	   0.000000e+00	   0.000000e+00	   0.000000e+00	   0.000000e+00	   0.000000e+00	   2.026500e+06
   2.134269e-05	   4.500000e+02	   0.000000e+00	   0.000000e+00	   0.000000e+00	   0.000000e+00	   0.000000e+00	   0.000000e+00	   0.000000e+00	   0.000000e+00	   0.000000e+00	   0.000000e+00	   0.000000e+00	   0.000000e+00	   0.000000e+00	   0.000000e+00	   0.000000e+00	   0.000000e+00	   0.000000e+00	   0.000000e+00	   0.000000e+00	   0.000000e+00	   0.000000e+00	   0.000000e+00	   0.000000e+00	   0.000000e+00	   0.000000e+00	   0.000000e+00	   0.000000e+00	   0.000000e+00	   0.000000e+00	   0.000000e+00	   0.000000e+00	   0.000000e+00	   0.000000e+00	   0.000000e+00	   0.000000e+00	   0.000000e+00	   0.000000e+00	   1.000000e+00	   0.000000e+00	   0.000000e+00	   0.000000e+00	   0.000000e+00	   0.000000e+00	   0.000000e+00	   0.000000e+00	   0.000000e+00	   0.000000e+00	   0.000000e+00	   0.000000e+00	   0.000000e+00	   0.000000e+00	   0.000000e+00	   0.000000e+00	   0.000000e+00	   0.000000e+00	   0.000000e+00	   0.000000e+00	   0.000000e+00	   0.000000e+00	   0.000000e+00	   0.000000e+00	   0.000000e+00	   0.000000e+00	   0.000000e+00	   0.000000e+00	   0.000000e+00	   0.000000e+00	   0.000000e+00	   0.000000e+00	   0.000000e+00	   0.000000e+00	   0.000000e+00	   0.000000e+00	   0.000000e+00	   2.026500e+06
   2.144289e-05	   4.500000e+02	   0.000000e+00	   0.000000e+00	   0.000000e+00	   0.000000e+00	   0.000000e+00	   0.000000e+00	   0.000000e+00	   0.000000e+00	   0.000000e+00	   0.000000e+00	   0.000000e+00	   0.000000e+00	   0.000000e+00	   0.000000e+00	   0.000000e+00	   0.000000e+00	   0.000000e+00	   0.000000e+00	   0.000000e+00	   0.000000e+00	   0.000000e+00	   0.000000e+00	   0.000000e+00	   0.000000e+00	   0.000000e+00	   0.000000e+00	   0.000000e+00	   0.000000e+00	   0.000000e+00	   0.000000e+00	   0.000000e+00	   0.000000e+00	   0.000000e+00	   0.000000e+00	   0.000000e+00	   0.000000e+00	   0.000000e+00	   1.000000e+00	   0.000000e+00	   0.000000e+00	   0.000000e+00	   0.000000e+00	   0.000000e+00	   0.000000e+00	   0.000000e+00	   0.000000e+00	   0.000000e+00	   0.000000e+00	   0.000000e+00	   0.000000e+00	   0.000000e+00	   0.000000e+00	   0.000000e+00	   0.000000e+00	   0.000000e+00	   0.000000e+00	   0.000000e+00	   0.000000e+00	   0.000000e+00	   0.000000e+00	   0.000000e+00	   0.000000e+00	   0.000000e+00	   0.000000e+00	   0.000000e+00	   0.000000e+00	   0.000000e+00	   0.000000e+00	   0.000000e+00	   0.000000e+00	   0.000000e+00	   0.000000e+00	   0.000000e+00	   0.000000e+00	   2.026500e+06
   2.154309e-05	   4.500000e+02	   0.000000e+00	   0.000000e+00	   0.000000e+00	   0.000000e+00	   0.000000e+00	   0.000000e+00	   0.000000e+00	   0.000000e+00	   0.000000e+00	   0.000000e+00	   0.000000e+00	   0.000000e+00	   0.000000e+00	   0.000000e+00	   0.000000e+00	   0.000000e+00	   0.000000e+00	   0.000000e+00	   0.000000e+00	   0.000000e+00	   0.000000e+00	   0.000000e+00	   0.000000e+00	   0.000000e+00	   0.000000e+00	   0.000000e+00	   0.000000e+00	   0.000000e+00	   0.000000e+00	   0.000000e+00	   0.000000e+00	   0.000000e+00	   0.000000e+00	   0.000000e+00	   0.000000e+00	   0.000000e+00	   0.000000e+00	   1.000000e+00	   0.000000e+00	   0.000000e+00	   0.000000e+00	   0.000000e+00	   0.000000e+00	   0.000000e+00	   0.000000e+00	   0.000000e+00	   0.000000e+00	   0.000000e+00	   0.000000e+00	   0.000000e+00	   0.000000e+00	   0.000000e+00	   0.000000e+00	   0.000000e+00	   0.000000e+00	   0.000000e+00	   0.000000e+00	   0.000000e+00	   0.000000e+00	   0.000000e+00	   0.000000e+00	   0.000000e+00	   0.000000e+00	   0.000000e+00	   0.000000e+00	   0.000000e+00	   0.000000e+00	   0.000000e+00	   0.000000e+00	   0.000000e+00	   0.000000e+00	   0.000000e+00	   0.000000e+00	   0.000000e+00	   2.026500e+06
   2.164329e-05	   4.500000e+02	   0.000000e+00	   0.000000e+00	   0.000000e+00	   0.000000e+00	   0.000000e+00	   0.000000e+00	   0.000000e+00	   0.000000e+00	   0.000000e+00	   0.000000e+00	   0.000000e+00	   0.000000e+00	   0.000000e+00	   0.000000e+00	   0.000000e+00	   0.000000e+00	   0.000000e+00	   0.000000e+00	   0.000000e+00	   0.000000e+00	   0.000000e+00	   0.000000e+00	   0.000000e+00	   0.000000e+00	   0.000000e+00	   0.000000e+00	   0.000000e+00	   0.000000e+00	   0.000000e+00	   0.000000e+00	   0.000000e+00	   0.000000e+00	   0.000000e+00	   0.000000e+00	   0.000000e+00	   0.000000e+00	   0.000000e+00	   1.000000e+00	   0.000000e+00	   0.000000e+00	   0.000000e+00	   0.000000e+00	   0.000000e+00	   0.000000e+00	   0.000000e+00	   0.000000e+00	   0.000000e+00	   0.000000e+00	   0.000000e+00	   0.000000e+00	   0.000000e+00	   0.000000e+00	   0.000000e+00	   0.000000e+00	   0.000000e+00	   0.000000e+00	   0.000000e+00	   0.000000e+00	   0.000000e+00	   0.000000e+00	   0.000000e+00	   0.000000e+00	   0.000000e+00	   0.000000e+00	   0.000000e+00	   0.000000e+00	   0.000000e+00	   0.000000e+00	   0.000000e+00	   0.000000e+00	   0.000000e+00	   0.000000e+00	   0.000000e+00	   0.000000e+00	   2.026500e+06
   2.174349e-05	   4.500000e+02	   0.000000e+00	   0.000000e+00	   0.000000e+00	   0.000000e+00	   0.000000e+00	   0.000000e+00	   0.000000e+00	   0.000000e+00	   0.000000e+00	   0.000000e+00	   0.000000e+00	   0.000000e+00	   0.000000e+00	   0.000000e+00	   0.000000e+00	   0.000000e+00	   0.000000e+00	   0.000000e+00	   0.000000e+00	   0.000000e+00	   0.000000e+00	   0.000000e+00	   0.000000e+00	   0.000000e+00	   0.000000e+00	   0.000000e+00	   0.000000e+00	   0.000000e+00	   0.000000e+00	   0.000000e+00	   0.000000e+00	   0.000000e+00	   0.000000e+00	   0.000000e+00	   0.000000e+00	   0.000000e+00	   0.000000e+00	   1.000000e+00	   0.000000e+00	   0.000000e+00	   0.000000e+00	   0.000000e+00	   0.000000e+00	   0.000000e+00	   0.000000e+00	   0.000000e+00	   0.000000e+00	   0.000000e+00	   0.000000e+00	   0.000000e+00	   0.000000e+00	   0.000000e+00	   0.000000e+00	   0.000000e+00	   0.000000e+00	   0.000000e+00	   0.000000e+00	   0.000000e+00	   0.000000e+00	   0.000000e+00	   0.000000e+00	   0.000000e+00	   0.000000e+00	   0.000000e+00	   0.000000e+00	   0.000000e+00	   0.000000e+00	   0.000000e+00	   0.000000e+00	   0.000000e+00	   0.000000e+00	   0.000000e+00	   0.000000e+00	   0.000000e+00	   2.026500e+06
   2.184369e-05	   4.500000e+02	   0.000000e+00	   0.000000e+00	   0.000000e+00	   0.000000e+00	   0.000000e+00	   0.000000e+00	   0.000000e+00	   0.000000e+00	   0.000000e+00	   0.000000e+00	   0.000000e+00	   0.000000e+00	   0.000000e+00	   0.000000e+00	   0.000000e+00	   0.000000e+00	   0.000000e+00	   0.000000e+00	   0.000000e+00	   0.000000e+00	   0.000000e+00	   0.000000e+00	   0.000000e+00	   0.000000e+00	   0.000000e+00	   0.000000e+00	   0.000000e+00	   0.000000e+00	   0.000000e+00	   0.000000e+00	   0.000000e+00	   0.000000e+00	   0.000000e+00	   0.000000e+00	   0.000000e+00	   0.000000e+00	   0.000000e+00	   1.000000e+00	   0.000000e+00	   0.000000e+00	   0.000000e+00	   0.000000e+00	   0.000000e+00	   0.000000e+00	   0.000000e+00	   0.000000e+00	   0.000000e+00	   0.000000e+00	   0.000000e+00	   0.000000e+00	   0.000000e+00	   0.000000e+00	   0.000000e+00	   0.000000e+00	   0.000000e+00	   0.000000e+00	   0.000000e+00	   0.000000e+00	   0.000000e+00	   0.000000e+00	   0.000000e+00	   0.000000e+00	   0.000000e+00	   0.000000e+00	   0.000000e+00	   0.000000e+00	   0.000000e+00	   0.000000e+00	   0.000000e+00	   0.000000e+00	   0.000000e+00	   0.000000e+00	   0.000000e+00	   0.000000e+00	   2.026500e+06
   2.194389e-05	   4.500000e+02	   0.000000e+00	   0.000000e+00	   0.000000e+00	   0.000000e+00	   0.000000e+00	   0.000000e+00	   0.000000e+00	   0.000000e+00	   0.000000e+00	   0.000000e+00	   0.000000e+00	   0.000000e+00	   0.000000e+00	   0.000000e+00	   0.000000e+00	   0.000000e+00	   0.000000e+00	   0.000000e+00	   0.000000e+00	   0.000000e+00	   0.000000e+00	   0.000000e+00	   0.000000e+00	   0.000000e+00	   0.000000e+00	   0.000000e+00	   0.000000e+00	   0.000000e+00	   0.000000e+00	   0.000000e+00	   0.000000e+00	   0.000000e+00	   0.000000e+00	   0.000000e+00	   0.000000e+00	   0.000000e+00	   0.000000e+00	   1.000000e+00	   0.000000e+00	   0.000000e+00	   0.000000e+00	   0.000000e+00	   0.000000e+00	   0.000000e+00	   0.000000e+00	   0.000000e+00	   0.000000e+00	   0.000000e+00	   0.000000e+00	   0.000000e+00	   0.000000e+00	   0.000000e+00	   0.000000e+00	   0.000000e+00	   0.000000e+00	   0.000000e+00	   0.000000e+00	   0.000000e+00	   0.000000e+00	   0.000000e+00	   0.000000e+00	   0.000000e+00	   0.000000e+00	   0.000000e+00	   0.000000e+00	   0.000000e+00	   0.000000e+00	   0.000000e+00	   0.000000e+00	   0.000000e+00	   0.000000e+00	   0.000000e+00	   0.000000e+00	   0.000000e+00	   2.026500e+06
   2.204409e-05	   4.500000e+02	   0.000000e+00	   0.000000e+00	   0.000000e+00	   0.000000e+00	   0.000000e+00	   0.000000e+00	   0.000000e+00	   0.000000e+00	   0.000000e+00	   0.000000e+00	   0.000000e+00	   0.000000e+00	   0.000000e+00	   0.000000e+00	   0.000000e+00	   0.000000e+00	   0.000000e+00	   0.000000e+00	   0.000000e+00	   0.000000e+00	   0.000000e+00	   0.000000e+00	   0.000000e+00	   0.000000e+00	   0.000000e+00	   0.000000e+00	   0.000000e+00	   0.000000e+00	   0.000000e+00	   0.000000e+00	   0.000000e+00	   0.000000e+00	   0.000000e+00	   0.000000e+00	   0.000000e+00	   0.000000e+00	   0.000000e+00	   1.000000e+00	   0.000000e+00	   0.000000e+00	   0.000000e+00	   0.000000e+00	   0.000000e+00	   0.000000e+00	   0.000000e+00	   0.000000e+00	   0.000000e+00	   0.000000e+00	   0.000000e+00	   0.000000e+00	   0.000000e+00	   0.000000e+00	   0.000000e+00	   0.000000e+00	   0.000000e+00	   0.000000e+00	   0.000000e+00	   0.000000e+00	   0.000000e+00	   0.000000e+00	   0.000000e+00	   0.000000e+00	   0.000000e+00	   0.000000e+00	   0.000000e+00	   0.000000e+00	   0.000000e+00	   0.000000e+00	   0.000000e+00	   0.000000e+00	   0.000000e+00	   0.000000e+00	   0.000000e+00	   0.000000e+00	   2.026500e+06
   2.214429e-05	   4.500000e+02	   0.000000e+00	   0.000000e+00	   0.000000e+00	   0.000000e+00	   0.000000e+00	   0.000000e+00	   0.000000e+00	   0.000000e+00	   0.000000e+00	   0.000000e+00	   0.000000e+00	   0.000000e+00	   0.000000e+00	   0.000000e+00	   0.000000e+00	   0.000000e+00	   0.000000e+00	   0.000000e+00	   0.000000e+00	   0.000000e+00	   0.000000e+00	   0.000000e+00	   0.000000e+00	   0.000000e+00	   0.000000e+00	   0.000000e+00	   0.000000e+00	   0.000000e+00	   0.000000e+00	   0.000000e+00	   0.000000e+00	   0.000000e+00	   0.000000e+00	   0.000000e+00	   0.000000e+00	   0.000000e+00	   0.000000e+00	   1.000000e+00	   0.000000e+00	   0.000000e+00	   0.000000e+00	   0.000000e+00	   0.000000e+00	   0.000000e+00	   0.000000e+00	   0.000000e+00	   0.000000e+00	   0.000000e+00	   0.000000e+00	   0.000000e+00	   0.000000e+00	   0.000000e+00	   0.000000e+00	   0.000000e+00	   0.000000e+00	   0.000000e+00	   0.000000e+00	   0.000000e+00	   0.000000e+00	   0.000000e+00	   0.000000e+00	   0.000000e+00	   0.000000e+00	   0.000000e+00	   0.000000e+00	   0.000000e+00	   0.000000e+00	   0.000000e+00	   0.000000e+00	   0.000000e+00	   0.000000e+00	   0.000000e+00	   0.000000e+00	   0.000000e+00	   2.026500e+06
   2.224449e-05	   4.500000e+02	   0.000000e+00	   0.000000e+00	   0.000000e+00	   0.000000e+00	   0.000000e+00	   0.000000e+00	   0.000000e+00	   0.000000e+00	   0.000000e+00	   0.000000e+00	   0.000000e+00	   0.000000e+00	   0.000000e+00	   0.000000e+00	   0.000000e+00	   0.000000e+00	   0.000000e+00	   0.000000e+00	   0.000000e+00	   0.000000e+00	   0.000000e+00	   0.000000e+00	   0.000000e+00	   0.000000e+00	   0.000000e+00	   0.000000e+00	   0.000000e+00	   0.000000e+00	   0.000000e+00	   0.000000e+00	   0.000000e+00	   0.000000e+00	   0.000000e+00	   0.000000e+00	   0.000000e+00	   0.000000e+00	   0.000000e+00	   1.000000e+00	   0.000000e+00	   0.000000e+00	   0.000000e+00	   0.000000e+00	   0.000000e+00	   0.000000e+00	   0.000000e+00	   0.000000e+00	   0.000000e+00	   0.000000e+00	   0.000000e+00	   0.000000e+00	   0.000000e+00	   0.000000e+00	   0.000000e+00	   0.000000e+00	   0.000000e+00	   0.000000e+00	   0.000000e+00	   0.000000e+00	   0.000000e+00	   0.000000e+00	   0.000000e+00	   0.000000e+00	   0.000000e+00	   0.000000e+00	   0.000000e+00	   0.000000e+00	   0.000000e+00	   0.000000e+00	   0.000000e+00	   0.000000e+00	   0.000000e+00	   0.000000e+00	   0.000000e+00	   0.000000e+00	   2.026500e+06
   2.234469e-05	   4.500000e+02	   0.000000e+00	   0.000000e+00	   0.000000e+00	   0.000000e+00	   0.000000e+00	   0.000000e+00	   0.000000e+00	   0.000000e+00	   0.000000e+00	   0.000000e+00	   0.000000e+00	   0.000000e+00	   0.000000e+00	   0.000000e+00	   0.000000e+00	   0.000000e+00	   0.000000e+00	   0.000000e+00	   0.000000e+00	   0.000000e+00	   0.000000e+00	   0.000000e+00	   0.000000e+00	   0.000000e+00	   0.000000e+00	   0.000000e+00	   0.000000e+00	   0.000000e+00	   0.000000e+00	   0.000000e+00	   0.000000e+00	   0.000000e+00	   0.000000e+00	   0.000000e+00	   0.000000e+00	   0.000000e+00	   0.000000e+00	   1.000000e+00	   0.000000e+00	   0.000000e+00	   0.000000e+00	   0.000000e+00	   0.000000e+00	   0.000000e+00	   0.000000e+00	   0.000000e+00	   0.000000e+00	   0.000000e+00	   0.000000e+00	   0.000000e+00	   0.000000e+00	   0.000000e+00	   0.000000e+00	   0.000000e+00	   0.000000e+00	   0.000000e+00	   0.000000e+00	   0.000000e+00	   0.000000e+00	   0.000000e+00	   0.000000e+00	   0.000000e+00	   0.000000e+00	   0.000000e+00	   0.000000e+00	   0.000000e+00	   0.000000e+00	   0.000000e+00	   0.000000e+00	   0.000000e+00	   0.000000e+00	   0.000000e+00	   0.000000e+00	   0.000000e+00	   2.026500e+06
   2.244489e-05	   4.500000e+02	   0.000000e+00	   0.000000e+00	   0.000000e+00	   0.000000e+00	   0.000000e+00	   0.000000e+00	   0.000000e+00	   0.000000e+00	   0.000000e+00	   0.000000e+00	   0.000000e+00	   0.000000e+00	   0.000000e+00	   0.000000e+00	   0.000000e+00	   0.000000e+00	   0.000000e+00	   0.000000e+00	   0.000000e+00	   0.000000e+00	   0.000000e+00	   0.000000e+00	   0.000000e+00	   0.000000e+00	   0.000000e+00	   0.000000e+00	   0.000000e+00	   0.000000e+00	   0.000000e+00	   0.000000e+00	   0.000000e+00	   0.000000e+00	   0.000000e+00	   0.000000e+00	   0.000000e+00	   0.000000e+00	   0.000000e+00	   1.000000e+00	   0.000000e+00	   0.000000e+00	   0.000000e+00	   0.000000e+00	   0.000000e+00	   0.000000e+00	   0.000000e+00	   0.000000e+00	   0.000000e+00	   0.000000e+00	   0.000000e+00	   0.000000e+00	   0.000000e+00	   0.000000e+00	   0.000000e+00	   0.000000e+00	   0.000000e+00	   0.000000e+00	   0.000000e+00	   0.000000e+00	   0.000000e+00	   0.000000e+00	   0.000000e+00	   0.000000e+00	   0.000000e+00	   0.000000e+00	   0.000000e+00	   0.000000e+00	   0.000000e+00	   0.000000e+00	   0.000000e+00	   0.000000e+00	   0.000000e+00	   0.000000e+00	   0.000000e+00	   0.000000e+00	   2.026500e+06
   2.254509e-05	   4.500000e+02	   0.000000e+00	   0.000000e+00	   0.000000e+00	   0.000000e+00	   0.000000e+00	   0.000000e+00	   0.000000e+00	   0.000000e+00	   0.000000e+00	   0.000000e+00	   0.000000e+00	   0.000000e+00	   0.000000e+00	   0.000000e+00	   0.000000e+00	   0.000000e+00	   0.000000e+00	   0.000000e+00	   0.000000e+00	   0.000000e+00	   0.000000e+00	   0.000000e+00	   0.000000e+00	   0.000000e+00	   0.000000e+00	   0.000000e+00	   0.000000e+00	   0.000000e+00	   0.000000e+00	   0.000000e+00	   0.000000e+00	   0.000000e+00	   0.000000e+00	   0.000000e+00	   0.000000e+00	   0.000000e+00	   0.000000e+00	   1.000000e+00	   0.000000e+00	   0.000000e+00	   0.000000e+00	   0.000000e+00	   0.000000e+00	   0.000000e+00	   0.000000e+00	   0.000000e+00	   0.000000e+00	   0.000000e+00	   0.000000e+00	   0.000000e+00	   0.000000e+00	   0.000000e+00	   0.000000e+00	   0.000000e+00	   0.000000e+00	   0.000000e+00	   0.000000e+00	   0.000000e+00	   0.000000e+00	   0.000000e+00	   0.000000e+00	   0.000000e+00	   0.000000e+00	   0.000000e+00	   0.000000e+00	   0.000000e+00	   0.000000e+00	   0.000000e+00	   0.000000e+00	   0.000000e+00	   0.000000e+00	   0.000000e+00	   0.000000e+00	   0.000000e+00	   2.026500e+06
   2.264529e-05	   4.500000e+02	   0.000000e+00	   0.000000e+00	   0.000000e+00	   0.000000e+00	   0.000000e+00	   0.000000e+00	   0.000000e+00	   0.000000e+00	   0.000000e+00	   0.000000e+00	   0.000000e+00	   0.000000e+00	   0.000000e+00	   0.000000e+00	   0.000000e+00	   0.000000e+00	   0.000000e+00	   0.000000e+00	   0.000000e+00	   0.000000e+00	   0.000000e+00	   0.000000e+00	   0.000000e+00	   0.000000e+00	   0.000000e+00	   0.000000e+00	   0.000000e+00	   0.000000e+00	   0.000000e+00	   0.000000e+00	   0.000000e+00	   0.000000e+00	   0.000000e+00	   0.000000e+00	   0.000000e+00	   0.000000e+00	   0.000000e+00	   1.000000e+00	   0.000000e+00	   0.000000e+00	   0.000000e+00	   0.000000e+00	   0.000000e+00	   0.000000e+00	   0.000000e+00	   0.000000e+00	   0.000000e+00	   0.000000e+00	   0.000000e+00	   0.000000e+00	   0.000000e+00	   0.000000e+00	   0.000000e+00	   0.000000e+00	   0.000000e+00	   0.000000e+00	   0.000000e+00	   0.000000e+00	   0.000000e+00	   0.000000e+00	   0.000000e+00	   0.000000e+00	   0.000000e+00	   0.000000e+00	   0.000000e+00	   0.000000e+00	   0.000000e+00	   0.000000e+00	   0.000000e+00	   0.000000e+00	   0.000000e+00	   0.000000e+00	   0.000000e+00	   0.000000e+00	   2.026500e+06
   2.274549e-05	   4.500000e+02	   0.000000e+00	   0.000000e+00	   0.000000e+00	   0.000000e+00	   0.000000e+00	   0.000000e+00	   0.000000e+00	   0.000000e+00	   0.000000e+00	   0.000000e+00	   0.000000e+00	   0.000000e+00	   0.000000e+00	   0.000000e+00	   0.000000e+00	   0.000000e+00	   0.000000e+00	   0.000000e+00	   0.000000e+00	   0.000000e+00	   0.000000e+00	   0.000000e+00	   0.000000e+00	   0.000000e+00	   0.000000e+00	   0.000000e+00	   0.000000e+00	   0.000000e+00	   0.000000e+00	   0.000000e+00	   0.000000e+00	   0.000000e+00	   0.000000e+00	   0.000000e+00	   0.000000e+00	   0.000000e+00	   0.000000e+00	   1.000000e+00	   0.000000e+00	   0.000000e+00	   0.000000e+00	   0.000000e+00	   0.000000e+00	   0.000000e+00	   0.000000e+00	   0.000000e+00	   0.000000e+00	   0.000000e+00	   0.000000e+00	   0.000000e+00	   0.000000e+00	   0.000000e+00	   0.000000e+00	   0.000000e+00	   0.000000e+00	   0.000000e+00	   0.000000e+00	   0.000000e+00	   0.000000e+00	   0.000000e+00	   0.000000e+00	   0.000000e+00	   0.000000e+00	   0.000000e+00	   0.000000e+00	   0.000000e+00	   0.000000e+00	   0.000000e+00	   0.000000e+00	   0.000000e+00	   0.000000e+00	   0.000000e+00	   0.000000e+00	   0.000000e+00	   2.026500e+06
   2.284569e-05	   4.500000e+02	   0.000000e+00	   0.000000e+00	   0.000000e+00	   0.000000e+00	   0.000000e+00	   0.000000e+00	   0.000000e+00	   0.000000e+00	   0.000000e+00	   0.000000e+00	   0.000000e+00	   0.000000e+00	   0.000000e+00	   0.000000e+00	   0.000000e+00	   0.000000e+00	   0.000000e+00	   0.000000e+00	   0.000000e+00	   0.000000e+00	   0.000000e+00	   0.000000e+00	   0.000000e+00	   0.000000e+00	   0.000000e+00	   0.000000e+00	   0.000000e+00	   0.000000e+00	   0.000000e+00	   0.000000e+00	   0.000000e+00	   0.000000e+00	   0.000000e+00	   0.000000e+00	   0.000000e+00	   0.000000e+00	   0.000000e+00	   1.000000e+00	   0.000000e+00	   0.000000e+00	   0.000000e+00	   0.000000e+00	   0.000000e+00	   0.000000e+00	   0.000000e+00	   0.000000e+00	   0.000000e+00	   0.000000e+00	   0.000000e+00	   0.000000e+00	   0.000000e+00	   0.000000e+00	   0.000000e+00	   0.000000e+00	   0.000000e+00	   0.000000e+00	   0.000000e+00	   0.000000e+00	   0.000000e+00	   0.000000e+00	   0.000000e+00	   0.000000e+00	   0.000000e+00	   0.000000e+00	   0.000000e+00	   0.000000e+00	   0.000000e+00	   0.000000e+00	   0.000000e+00	   0.000000e+00	   0.000000e+00	   0.000000e+00	   0.000000e+00	   0.000000e+00	   2.026500e+06
   2.294589e-05	   4.500000e+02	   0.000000e+00	   0.000000e+00	   0.000000e+00	   0.000000e+00	   0.000000e+00	   0.000000e+00	   0.000000e+00	   0.000000e+00	   0.000000e+00	   0.000000e+00	   0.000000e+00	   0.000000e+00	   0.000000e+00	   0.000000e+00	   0.000000e+00	   0.000000e+00	   0.000000e+00	   0.000000e+00	   0.000000e+00	   0.000000e+00	   0.000000e+00	   0.000000e+00	   0.000000e+00	   0.000000e+00	   0.000000e+00	   0.000000e+00	   0.000000e+00	   0.000000e+00	   0.000000e+00	   0.000000e+00	   0.000000e+00	   0.000000e+00	   0.000000e+00	   0.000000e+00	   0.000000e+00	   0.000000e+00	   0.000000e+00	   1.000000e+00	   0.000000e+00	   0.000000e+00	   0.000000e+00	   0.000000e+00	   0.000000e+00	   0.000000e+00	   0.000000e+00	   0.000000e+00	   0.000000e+00	   0.000000e+00	   0.000000e+00	   0.000000e+00	   0.000000e+00	   0.000000e+00	   0.000000e+00	   0.000000e+00	   0.000000e+00	   0.000000e+00	   0.000000e+00	   0.000000e+00	   0.000000e+00	   0.000000e+00	   0.000000e+00	   0.000000e+00	   0.000000e+00	   0.000000e+00	   0.000000e+00	   0.000000e+00	   0.000000e+00	   0.000000e+00	   0.000000e+00	   0.000000e+00	   0.000000e+00	   0.000000e+00	   0.000000e+00	   0.000000e+00	   2.026500e+06
   2.304609e-05	   4.500000e+02	   0.000000e+00	   0.000000e+00	   0.000000e+00	   0.000000e+00	   0.000000e+00	   0.000000e+00	   0.000000e+00	   0.000000e+00	   0.000000e+00	   0.000000e+00	   0.000000e+00	   0.000000e+00	   0.000000e+00	   0.000000e+00	   0.000000e+00	   0.000000e+00	   0.000000e+00	   0.000000e+00	   0.000000e+00	   0.000000e+00	   0.000000e+00	   0.000000e+00	   0.000000e+00	   0.000000e+00	   0.000000e+00	   0.000000e+00	   0.000000e+00	   0.000000e+00	   0.000000e+00	   0.000000e+00	   0.000000e+00	   0.000000e+00	   0.000000e+00	   0.000000e+00	   0.000000e+00	   0.000000e+00	   0.000000e+00	   1.000000e+00	   0.000000e+00	   0.000000e+00	   0.000000e+00	   0.000000e+00	   0.000000e+00	   0.000000e+00	   0.000000e+00	   0.000000e+00	   0.000000e+00	   0.000000e+00	   0.000000e+00	   0.000000e+00	   0.000000e+00	   0.000000e+00	   0.000000e+00	   0.000000e+00	   0.000000e+00	   0.000000e+00	   0.000000e+00	   0.000000e+00	   0.000000e+00	   0.000000e+00	   0.000000e+00	   0.000000e+00	   0.000000e+00	   0.000000e+00	   0.000000e+00	   0.000000e+00	   0.000000e+00	   0.000000e+00	   0.000000e+00	   0.000000e+00	   0.000000e+00	   0.000000e+00	   0.000000e+00	   0.000000e+00	   2.026500e+06
   2.314629e-05	   4.500000e+02	   0.000000e+00	   0.000000e+00	   0.000000e+00	   0.000000e+00	   0.000000e+00	   0.000000e+00	   0.000000e+00	   0.000000e+00	   0.000000e+00	   0.000000e+00	   0.000000e+00	   0.000000e+00	   0.000000e+00	   0.000000e+00	   0.000000e+00	   0.000000e+00	   0.000000e+00	   0.000000e+00	   0.000000e+00	   0.000000e+00	   0.000000e+00	   0.000000e+00	   0.000000e+00	   0.000000e+00	   0.000000e+00	   0.000000e+00	   0.000000e+00	   0.000000e+00	   0.000000e+00	   0.000000e+00	   0.000000e+00	   0.000000e+00	   0.000000e+00	   0.000000e+00	   0.000000e+00	   0.000000e+00	   0.000000e+00	   1.000000e+00	   0.000000e+00	   0.000000e+00	   0.000000e+00	   0.000000e+00	   0.000000e+00	   0.000000e+00	   0.000000e+00	   0.000000e+00	   0.000000e+00	   0.000000e+00	   0.000000e+00	   0.000000e+00	   0.000000e+00	   0.000000e+00	   0.000000e+00	   0.000000e+00	   0.000000e+00	   0.000000e+00	   0.000000e+00	   0.000000e+00	   0.000000e+00	   0.000000e+00	   0.000000e+00	   0.000000e+00	   0.000000e+00	   0.000000e+00	   0.000000e+00	   0.000000e+00	   0.000000e+00	   0.000000e+00	   0.000000e+00	   0.000000e+00	   0.000000e+00	   0.000000e+00	   0.000000e+00	   0.000000e+00	   2.026500e+06
   2.324649e-05	   4.500000e+02	   0.000000e+00	   0.000000e+00	   0.000000e+00	   0.000000e+00	   0.000000e+00	   0.000000e+00	   0.000000e+00	   0.000000e+00	   0.000000e+00	   0.000000e+00	   0.000000e+00	   0.000000e+00	   0.000000e+00	   0.000000e+00	   0.000000e+00	   0.000000e+00	   0.000000e+00	   0.000000e+00	   0.000000e+00	   0.000000e+00	   0.000000e+00	   0.000000e+00	   0.000000e+00	   0.000000e+00	   0.000000e+00	   0.000000e+00	   0.000000e+00	   0.000000e+00	   0.000000e+00	   0.000000e+00	   0.000000e+00	   0.000000e+00	   0.000000e+00	   0.000000e+00	   0.000000e+00	   0.000000e+00	   0.000000e+00	   1.000000e+00	   0.000000e+00	   0.000000e+00	   0.000000e+00	   0.000000e+00	   0.000000e+00	   0.000000e+00	   0.000000e+00	   0.000000e+00	   0.000000e+00	   0.000000e+00	   0.000000e+00	   0.000000e+00	   0.000000e+00	   0.000000e+00	   0.000000e+00	   0.000000e+00	   0.000000e+00	   0.000000e+00	   0.000000e+00	   0.000000e+00	   0.000000e+00	   0.000000e+00	   0.000000e+00	   0.000000e+00	   0.000000e+00	   0.000000e+00	   0.000000e+00	   0.000000e+00	   0.000000e+00	   0.000000e+00	   0.000000e+00	   0.000000e+00	   0.000000e+00	   0.000000e+00	   0.000000e+00	   0.000000e+00	   2.026500e+06
   2.334669e-05	   4.500000e+02	   0.000000e+00	   0.000000e+00	   0.000000e+00	   0.000000e+00	   0.000000e+00	   0.000000e+00	   0.000000e+00	   0.000000e+00	   0.000000e+00	   0.000000e+00	   0.000000e+00	   0.000000e+00	   0.000000e+00	   0.000000e+00	   0.000000e+00	   0.000000e+00	   0.000000e+00	   0.000000e+00	   0.000000e+00	   0.000000e+00	   0.000000e+00	   0.000000e+00	   0.000000e+00	   0.000000e+00	   0.000000e+00	   0.000000e+00	   0.000000e+00	   0.000000e+00	   0.000000e+00	   0.000000e+00	   0.000000e+00	   0.000000e+00	   0.000000e+00	   0.000000e+00	   0.000000e+00	   0.000000e+00	   0.000000e+00	   1.000000e+00	   0.000000e+00	   0.000000e+00	   0.000000e+00	   0.000000e+00	   0.000000e+00	   0.000000e+00	   0.000000e+00	   0.000000e+00	   0.000000e+00	   0.000000e+00	   0.000000e+00	   0.000000e+00	   0.000000e+00	   0.000000e+00	   0.000000e+00	   0.000000e+00	   0.000000e+00	   0.000000e+00	   0.000000e+00	   0.000000e+00	   0.000000e+00	   0.000000e+00	   0.000000e+00	   0.000000e+00	   0.000000e+00	   0.000000e+00	   0.000000e+00	   0.000000e+00	   0.000000e+00	   0.000000e+00	   0.000000e+00	   0.000000e+00	   0.000000e+00	   0.000000e+00	   0.000000e+00	   0.000000e+00	   2.026500e+06
   2.344689e-05	   4.500000e+02	   0.000000e+00	   0.000000e+00	   0.000000e+00	   0.000000e+00	   0.000000e+00	   0.000000e+00	   0.000000e+00	   0.000000e+00	   0.000000e+00	   0.000000e+00	   0.000000e+00	   0.000000e+00	   0.000000e+00	   0.000000e+00	   0.000000e+00	   0.000000e+00	   0.000000e+00	   0.000000e+00	   0.000000e+00	   0.000000e+00	   0.000000e+00	   0.000000e+00	   0.000000e+00	   0.000000e+00	   0.000000e+00	   0.000000e+00	   0.000000e+00	   0.000000e+00	   0.000000e+00	   0.000000e+00	   0.000000e+00	   0.000000e+00	   0.000000e+00	   0.000000e+00	   0.000000e+00	   0.000000e+00	   0.000000e+00	   1.000000e+00	   0.000000e+00	   0.000000e+00	   0.000000e+00	   0.000000e+00	   0.000000e+00	   0.000000e+00	   0.000000e+00	   0.000000e+00	   0.000000e+00	   0.000000e+00	   0.000000e+00	   0.000000e+00	   0.000000e+00	   0.000000e+00	   0.000000e+00	   0.000000e+00	   0.000000e+00	   0.000000e+00	   0.000000e+00	   0.000000e+00	   0.000000e+00	   0.000000e+00	   0.000000e+00	   0.000000e+00	   0.000000e+00	   0.000000e+00	   0.000000e+00	   0.000000e+00	   0.000000e+00	   0.000000e+00	   0.000000e+00	   0.000000e+00	   0.000000e+00	   0.000000e+00	   0.000000e+00	   0.000000e+00	   2.026500e+06
   2.354709e-05	   4.500000e+02	   0.000000e+00	   0.000000e+00	   0.000000e+00	   0.000000e+00	   0.000000e+00	   0.000000e+00	   0.000000e+00	   0.000000e+00	   0.000000e+00	   0.000000e+00	   0.000000e+00	   0.000000e+00	   0.000000e+00	   0.000000e+00	   0.000000e+00	   0.000000e+00	   0.000000e+00	   0.000000e+00	   0.000000e+00	   0.000000e+00	   0.000000e+00	   0.000000e+00	   0.000000e+00	   0.000000e+00	   0.000000e+00	   0.000000e+00	   0.000000e+00	   0.000000e+00	   0.000000e+00	   0.000000e+00	   0.000000e+00	   0.000000e+00	   0.000000e+00	   0.000000e+00	   0.000000e+00	   0.000000e+00	   0.000000e+00	   1.000000e+00	   0.000000e+00	   0.000000e+00	   0.000000e+00	   0.000000e+00	   0.000000e+00	   0.000000e+00	   0.000000e+00	   0.000000e+00	   0.000000e+00	   0.000000e+00	   0.000000e+00	   0.000000e+00	   0.000000e+00	   0.000000e+00	   0.000000e+00	   0.000000e+00	   0.000000e+00	   0.000000e+00	   0.000000e+00	   0.000000e+00	   0.000000e+00	   0.000000e+00	   0.000000e+00	   0.000000e+00	   0.000000e+00	   0.000000e+00	   0.000000e+00	   0.000000e+00	   0.000000e+00	   0.000000e+00	   0.000000e+00	   0.000000e+00	   0.000000e+00	   0.000000e+00	   0.000000e+00	   0.000000e+00	   2.026500e+06
   2.364729e-05	   4.500000e+02	   0.000000e+00	   0.000000e+00	   0.000000e+00	   0.000000e+00	   0.000000e+00	   0.000000e+00	   0.000000e+00	   0.000000e+00	   0.000000e+00	   0.000000e+00	   0.000000e+00	   0.000000e+00	   0.000000e+00	   0.000000e+00	   0.000000e+00	   0.000000e+00	   0.000000e+00	   0.000000e+00	   0.000000e+00	   0.000000e+00	   0.000000e+00	   0.000000e+00	   0.000000e+00	   0.000000e+00	   0.000000e+00	   0.000000e+00	   0.000000e+00	   0.000000e+00	   0.000000e+00	   0.000000e+00	   0.000000e+00	   0.000000e+00	   0.000000e+00	   0.000000e+00	   0.000000e+00	   0.000000e+00	   0.000000e+00	   1.000000e+00	   0.000000e+00	   0.000000e+00	   0.000000e+00	   0.000000e+00	   0.000000e+00	   0.000000e+00	   0.000000e+00	   0.000000e+00	   0.000000e+00	   0.000000e+00	   0.000000e+00	   0.000000e+00	   0.000000e+00	   0.000000e+00	   0.000000e+00	   0.000000e+00	   0.000000e+00	   0.000000e+00	   0.000000e+00	   0.000000e+00	   0.000000e+00	   0.000000e+00	   0.000000e+00	   0.000000e+00	   0.000000e+00	   0.000000e+00	   0.000000e+00	   0.000000e+00	   0.000000e+00	   0.000000e+00	   0.000000e+00	   0.000000e+00	   0.000000e+00	   0.000000e+00	   0.000000e+00	   0.000000e+00	   2.026500e+06
   2.374749e-05	   4.500000e+02	   0.000000e+00	   0.000000e+00	   0.000000e+00	   0.000000e+00	   0.000000e+00	   0.000000e+00	   0.000000e+00	   0.000000e+00	   0.000000e+00	   0.000000e+00	   0.000000e+00	   0.000000e+00	   0.000000e+00	   0.000000e+00	   0.000000e+00	   0.000000e+00	   0.000000e+00	   0.000000e+00	   0.000000e+00	   0.000000e+00	   0.000000e+00	   0.000000e+00	   0.000000e+00	   0.000000e+00	   0.000000e+00	   0.000000e+00	   0.000000e+00	   0.000000e+00	   0.000000e+00	   0.000000e+00	   0.000000e+00	   0.000000e+00	   0.000000e+00	   0.000000e+00	   0.000000e+00	   0.000000e+00	   0.000000e+00	   1.000000e+00	   0.000000e+00	   0.000000e+00	   0.000000e+00	   0.000000e+00	   0.000000e+00	   0.000000e+00	   0.000000e+00	   0.000000e+00	   0.000000e+00	   0.000000e+00	   0.000000e+00	   0.000000e+00	   0.000000e+00	   0.000000e+00	   0.000000e+00	   0.000000e+00	   0.000000e+00	   0.000000e+00	   0.000000e+00	   0.000000e+00	   0.000000e+00	   0.000000e+00	   0.000000e+00	   0.000000e+00	   0.000000e+00	   0.000000e+00	   0.000000e+00	   0.000000e+00	   0.000000e+00	   0.000000e+00	   0.000000e+00	   0.000000e+00	   0.000000e+00	   0.000000e+00	   0.000000e+00	   0.000000e+00	   2.026500e+06
   2.384770e-05	   4.500000e+02	   0.000000e+00	   0.000000e+00	   0.000000e+00	   0.000000e+00	   0.000000e+00	   0.000000e+00	   0.000000e+00	   0.000000e+00	   0.000000e+00	   0.000000e+00	   0.000000e+00	   0.000000e+00	   0.000000e+00	   0.000000e+00	   0.000000e+00	   0.000000e+00	   0.000000e+00	   0.000000e+00	   0.000000e+00	   0.000000e+00	   0.000000e+00	   0.000000e+00	   0.000000e+00	   0.000000e+00	   0.000000e+00	   0.000000e+00	   0.000000e+00	   0.000000e+00	   0.000000e+00	   0.000000e+00	   0.000000e+00	   0.000000e+00	   0.000000e+00	   0.000000e+00	   0.000000e+00	   0.000000e+00	   0.000000e+00	   1.000000e+00	   0.000000e+00	   0.000000e+00	   0.000000e+00	   0.000000e+00	   0.000000e+00	   0.000000e+00	   0.000000e+00	   0.000000e+00	   0.000000e+00	   0.000000e+00	   0.000000e+00	   0.000000e+00	   0.000000e+00	   0.000000e+00	   0.000000e+00	   0.000000e+00	   0.000000e+00	   0.000000e+00	   0.000000e+00	   0.000000e+00	   0.000000e+00	   0.000000e+00	   0.000000e+00	   0.000000e+00	   0.000000e+00	   0.000000e+00	   0.000000e+00	   0.000000e+00	   0.000000e+00	   0.000000e+00	   0.000000e+00	   0.000000e+00	   0.000000e+00	   0.000000e+00	   0.000000e+00	   0.000000e+00	   2.026500e+06
   2.394790e-05	   4.500000e+02	   0.000000e+00	   0.000000e+00	   0.000000e+00	   0.000000e+00	   0.000000e+00	   0.000000e+00	   0.000000e+00	   0.000000e+00	   0.000000e+00	   0.000000e+00	   0.000000e+00	   0.000000e+00	   0.000000e+00	   0.000000e+00	   0.000000e+00	   0.000000e+00	   0.000000e+00	   0.000000e+00	   0.000000e+00	   0.000000e+00	   0.000000e+00	   0.000000e+00	   0.000000e+00	   0.000000e+00	   0.000000e+00	   0.000000e+00	   0.000000e+00	   0.000000e+00	   0.000000e+00	   0.000000e+00	   0.000000e+00	   0.000000e+00	   0.000000e+00	   0.000000e+00	   0.000000e+00	   0.000000e+00	   0.000000e+00	   1.000000e+00	   0.000000e+00	   0.000000e+00	   0.000000e+00	   0.000000e+00	   0.000000e+00	   0.000000e+00	   0.000000e+00	   0.000000e+00	   0.000000e+00	   0.000000e+00	   0.000000e+00	   0.000000e+00	   0.000000e+00	   0.000000e+00	   0.000000e+00	   0.000000e+00	   0.000000e+00	   0.000000e+00	   0.000000e+00	   0.000000e+00	   0.000000e+00	   0.000000e+00	   0.000000e+00	   0.000000e+00	   0.000000e+00	   0.000000e+00	   0.000000e+00	   0.000000e+00	   0.000000e+00	   0.000000e+00	   0.000000e+00	   0.000000e+00	   0.000000e+00	   0.000000e+00	   0.000000e+00	   0.000000e+00	   2.026500e+06
   2.404810e-05	   4.500000e+02	   0.000000e+00	   0.000000e+00	   0.000000e+00	   0.000000e+00	   0.000000e+00	   0.000000e+00	   0.000000e+00	   0.000000e+00	   0.000000e+00	   0.000000e+00	   0.000000e+00	   0.000000e+00	   0.000000e+00	   0.000000e+00	   0.000000e+00	   0.000000e+00	   0.000000e+00	   0.000000e+00	   0.000000e+00	   0.000000e+00	   0.000000e+00	   0.000000e+00	   0.000000e+00	   0.000000e+00	   0.000000e+00	   0.000000e+00	   0.000000e+00	   0.000000e+00	   0.000000e+00	   0.000000e+00	   0.000000e+00	   0.000000e+00	   0.000000e+00	   0.000000e+00	   0.000000e+00	   0.000000e+00	   0.000000e+00	   1.000000e+00	   0.000000e+00	   0.000000e+00	   0.000000e+00	   0.000000e+00	   0.000000e+00	   0.000000e+00	   0.000000e+00	   0.000000e+00	   0.000000e+00	   0.000000e+00	   0.000000e+00	   0.000000e+00	   0.000000e+00	   0.000000e+00	   0.000000e+00	   0.000000e+00	   0.000000e+00	   0.000000e+00	   0.000000e+00	   0.000000e+00	   0.000000e+00	   0.000000e+00	   0.000000e+00	   0.000000e+00	   0.000000e+00	   0.000000e+00	   0.000000e+00	   0.000000e+00	   0.000000e+00	   0.000000e+00	   0.000000e+00	   0.000000e+00	   0.000000e+00	   0.000000e+00	   0.000000e+00	   0.000000e+00	   2.026500e+06
   2.414830e-05	   4.500000e+02	   0.000000e+00	   0.000000e+00	   0.000000e+00	   0.000000e+00	   0.000000e+00	   0.000000e+00	   0.000000e+00	   0.000000e+00	   0.000000e+00	   0.000000e+00	   0.000000e+00	   0.000000e+00	   0.000000e+00	   0.000000e+00	   0.000000e+00	   0.000000e+00	   0.000000e+00	   0.000000e+00	   0.000000e+00	   0.000000e+00	   0.000000e+00	   0.000000e+00	   0.000000e+00	   0.000000e+00	   0.000000e+00	   0.000000e+00	   0.000000e+00	   0.000000e+00	   0.000000e+00	   0.000000e+00	   0.000000e+00	   0.000000e+00	   0.000000e+00	   0.000000e+00	   0.000000e+00	   0.000000e+00	   0.000000e+00	   1.000000e+00	   0.000000e+00	   0.000000e+00	   0.000000e+00	   0.000000e+00	   0.000000e+00	   0.000000e+00	   0.000000e+00	   0.000000e+00	   0.000000e+00	   0.000000e+00	   0.000000e+00	   0.000000e+00	   0.000000e+00	   0.000000e+00	   0.000000e+00	   0.000000e+00	   0.000000e+00	   0.000000e+00	   0.000000e+00	   0.000000e+00	   0.000000e+00	   0.000000e+00	   0.000000e+00	   0.000000e+00	   0.000000e+00	   0.000000e+00	   0.000000e+00	   0.000000e+00	   0.000000e+00	   0.000000e+00	   0.000000e+00	   0.000000e+00	   0.000000e+00	   0.000000e+00	   0.000000e+00	   0.000000e+00	   2.026500e+06
   2.424850e-05	   4.500000e+02	   0.000000e+00	   0.000000e+00	   0.000000e+00	   0.000000e+00	   0.000000e+00	   0.000000e+00	   0.000000e+00	   0.000000e+00	   0.000000e+00	   0.000000e+00	   0.000000e+00	   0.000000e+00	   0.000000e+00	   0.000000e+00	   0.000000e+00	   0.000000e+00	   0.000000e+00	   0.000000e+00	   0.000000e+00	   0.000000e+00	   0.000000e+00	   0.000000e+00	   0.000000e+00	   0.000000e+00	   0.000000e+00	   0.000000e+00	   0.000000e+00	   0.000000e+00	   0.000000e+00	   0.000000e+00	   0.000000e+00	   0.000000e+00	   0.000000e+00	   0.000000e+00	   0.000000e+00	   0.000000e+00	   0.000000e+00	   1.000000e+00	   0.000000e+00	   0.000000e+00	   0.000000e+00	   0.000000e+00	   0.000000e+00	   0.000000e+00	   0.000000e+00	   0.000000e+00	   0.000000e+00	   0.000000e+00	   0.000000e+00	   0.000000e+00	   0.000000e+00	   0.000000e+00	   0.000000e+00	   0.000000e+00	   0.000000e+00	   0.000000e+00	   0.000000e+00	   0.000000e+00	   0.000000e+00	   0.000000e+00	   0.000000e+00	   0.000000e+00	   0.000000e+00	   0.000000e+00	   0.000000e+00	   0.000000e+00	   0.000000e+00	   0.000000e+00	   0.000000e+00	   0.000000e+00	   0.000000e+00	   0.000000e+00	   0.000000e+00	   0.000000e+00	   2.026500e+06
   2.434870e-05	   4.500000e+02	   0.000000e+00	   0.000000e+00	   0.000000e+00	   0.000000e+00	   0.000000e+00	   0.000000e+00	   0.000000e+00	   0.000000e+00	   0.000000e+00	   0.000000e+00	   0.000000e+00	   0.000000e+00	   0.000000e+00	   0.000000e+00	   0.000000e+00	   0.000000e+00	   0.000000e+00	   0.000000e+00	   0.000000e+00	   0.000000e+00	   0.000000e+00	   0.000000e+00	   0.000000e+00	   0.000000e+00	   0.000000e+00	   0.000000e+00	   0.000000e+00	   0.000000e+00	   0.000000e+00	   0.000000e+00	   0.000000e+00	   0.000000e+00	   0.000000e+00	   0.000000e+00	   0.000000e+00	   0.000000e+00	   0.000000e+00	   1.000000e+00	   0.000000e+00	   0.000000e+00	   0.000000e+00	   0.000000e+00	   0.000000e+00	   0.000000e+00	   0.000000e+00	   0.000000e+00	   0.000000e+00	   0.000000e+00	   0.000000e+00	   0.000000e+00	   0.000000e+00	   0.000000e+00	   0.000000e+00	   0.000000e+00	   0.000000e+00	   0.000000e+00	   0.000000e+00	   0.000000e+00	   0.000000e+00	   0.000000e+00	   0.000000e+00	   0.000000e+00	   0.000000e+00	   0.000000e+00	   0.000000e+00	   0.000000e+00	   0.000000e+00	   0.000000e+00	   0.000000e+00	   0.000000e+00	   0.000000e+00	   0.000000e+00	   0.000000e+00	   0.000000e+00	   2.026500e+06
   2.444890e-05	   4.500000e+02	   0.000000e+00	   0.000000e+00	   0.000000e+00	   0.000000e+00	   0.000000e+00	   0.000000e+00	   0.000000e+00	   0.000000e+00	   0.000000e+00	   0.000000e+00	   0.000000e+00	   0.000000e+00	   0.000000e+00	   0.000000e+00	   0.000000e+00	   0.000000e+00	   0.000000e+00	   0.000000e+00	   0.000000e+00	   0.000000e+00	   0.000000e+00	   0.000000e+00	   0.000000e+00	   0.000000e+00	   0.000000e+00	   0.000000e+00	   0.000000e+00	   0.000000e+00	   0.000000e+00	   0.000000e+00	   0.000000e+00	   0.000000e+00	   0.000000e+00	   0.000000e+00	   0.000000e+00	   0.000000e+00	   0.000000e+00	   1.000000e+00	   0.000000e+00	   0.000000e+00	   0.000000e+00	   0.000000e+00	   0.000000e+00	   0.000000e+00	   0.000000e+00	   0.000000e+00	   0.000000e+00	   0.000000e+00	   0.000000e+00	   0.000000e+00	   0.000000e+00	   0.000000e+00	   0.000000e+00	   0.000000e+00	   0.000000e+00	   0.000000e+00	   0.000000e+00	   0.000000e+00	   0.000000e+00	   0.000000e+00	   0.000000e+00	   0.000000e+00	   0.000000e+00	   0.000000e+00	   0.000000e+00	   0.000000e+00	   0.000000e+00	   0.000000e+00	   0.000000e+00	   0.000000e+00	   0.000000e+00	   0.000000e+00	   0.000000e+00	   0.000000e+00	   2.026500e+06
   2.454910e-05	   4.500000e+02	   0.000000e+00	   0.000000e+00	   0.000000e+00	   0.000000e+00	   0.000000e+00	   0.000000e+00	   0.000000e+00	   0.000000e+00	   0.000000e+00	   0.000000e+00	   0.000000e+00	   0.000000e+00	   0.000000e+00	   0.000000e+00	   0.000000e+00	   0.000000e+00	   0.000000e+00	   0.000000e+00	   0.000000e+00	   0.000000e+00	   0.000000e+00	   0.000000e+00	   0.000000e+00	   0.000000e+00	   0.000000e+00	   0.000000e+00	   0.000000e+00	   0.000000e+00	   0.000000e+00	   0.000000e+00	   0.000000e+00	   0.000000e+00	   0.000000e+00	   0.000000e+00	   0.000000e+00	   0.000000e+00	   0.000000e+00	   1.000000e+00	   0.000000e+00	   0.000000e+00	   0.000000e+00	   0.000000e+00	   0.000000e+00	   0.000000e+00	   0.000000e+00	   0.000000e+00	   0.000000e+00	   0.000000e+00	   0.000000e+00	   0.000000e+00	   0.000000e+00	   0.000000e+00	   0.000000e+00	   0.000000e+00	   0.000000e+00	   0.000000e+00	   0.000000e+00	   0.000000e+00	   0.000000e+00	   0.000000e+00	   0.000000e+00	   0.000000e+00	   0.000000e+00	   0.000000e+00	   0.000000e+00	   0.000000e+00	   0.000000e+00	   0.000000e+00	   0.000000e+00	   0.000000e+00	   0.000000e+00	   0.000000e+00	   0.000000e+00	   0.000000e+00	   2.026500e+06
   2.464930e-05	   4.500000e+02	   0.000000e+00	   0.000000e+00	   0.000000e+00	   0.000000e+00	   0.000000e+00	   0.000000e+00	   0.000000e+00	   0.000000e+00	   0.000000e+00	   0.000000e+00	   0.000000e+00	   0.000000e+00	   0.000000e+00	   0.000000e+00	   0.000000e+00	   0.000000e+00	   0.000000e+00	   0.000000e+00	   0.000000e+00	   0.000000e+00	   0.000000e+00	   0.000000e+00	   0.000000e+00	   0.000000e+00	   0.000000e+00	   0.000000e+00	   0.000000e+00	   0.000000e+00	   0.000000e+00	   0.000000e+00	   0.000000e+00	   0.000000e+00	   0.000000e+00	   0.000000e+00	   0.000000e+00	   0.000000e+00	   0.000000e+00	   1.000000e+00	   0.000000e+00	   0.000000e+00	   0.000000e+00	   0.000000e+00	   0.000000e+00	   0.000000e+00	   0.000000e+00	   0.000000e+00	   0.000000e+00	   0.000000e+00	   0.000000e+00	   0.000000e+00	   0.000000e+00	   0.000000e+00	   0.000000e+00	   0.000000e+00	   0.000000e+00	   0.000000e+00	   0.000000e+00	   0.000000e+00	   0.000000e+00	   0.000000e+00	   0.000000e+00	   0.000000e+00	   0.000000e+00	   0.000000e+00	   0.000000e+00	   0.000000e+00	   0.000000e+00	   0.000000e+00	   0.000000e+00	   0.000000e+00	   0.000000e+00	   0.000000e+00	   0.000000e+00	   0.000000e+00	   2.026500e+06
   2.474950e-05	   4.500000e+02	   0.000000e+00	   0.000000e+00	   0.000000e+00	   0.000000e+00	   0.000000e+00	   0.000000e+00	   0.000000e+00	   0.000000e+00	   0.000000e+00	   0.000000e+00	   0.000000e+00	   0.000000e+00	   0.000000e+00	   0.000000e+00	   0.000000e+00	   0.000000e+00	   0.000000e+00	   0.000000e+00	   0.000000e+00	   0.000000e+00	   0.000000e+00	   0.000000e+00	   0.000000e+00	   0.000000e+00	   0.000000e+00	   0.000000e+00	   0.000000e+00	   0.000000e+00	   0.000000e+00	   0.000000e+00	   0.000000e+00	   0.000000e+00	   0.000000e+00	   0.000000e+00	   0.000000e+00	   0.000000e+00	   0.000000e+00	   1.000000e+00	   0.000000e+00	   0.000000e+00	   0.000000e+00	   0.000000e+00	   0.000000e+00	   0.000000e+00	   0.000000e+00	   0.000000e+00	   0.000000e+00	   0.000000e+00	   0.000000e+00	   0.000000e+00	   0.000000e+00	   0.000000e+00	   0.000000e+00	   0.000000e+00	   0.000000e+00	   0.000000e+00	   0.000000e+00	   0.000000e+00	   0.000000e+00	   0.000000e+00	   0.000000e+00	   0.000000e+00	   0.000000e+00	   0.000000e+00	   0.000000e+00	   0.000000e+00	   0.000000e+00	   0.000000e+00	   0.000000e+00	   0.000000e+00	   0.000000e+00	   0.000000e+00	   0.000000e+00	   0.000000e+00	   2.026500e+06
   2.484970e-05	   4.500000e+02	   0.000000e+00	   0.000000e+00	   0.000000e+00	   0.000000e+00	   0.000000e+00	   0.000000e+00	   0.000000e+00	   0.000000e+00	   0.000000e+00	   0.000000e+00	   0.000000e+00	   0.000000e+00	   0.000000e+00	   0.000000e+00	   0.000000e+00	   0.000000e+00	   0.000000e+00	   0.000000e+00	   0.000000e+00	   0.000000e+00	   0.000000e+00	   0.000000e+00	   0.000000e+00	   0.000000e+00	   0.000000e+00	   0.000000e+00	   0.000000e+00	   0.000000e+00	   0.000000e+00	   0.000000e+00	   0.000000e+00	   0.000000e+00	   0.000000e+00	   0.000000e+00	   0.000000e+00	   0.000000e+00	   0.000000e+00	   1.000000e+00	   0.000000e+00	   0.000000e+00	   0.000000e+00	   0.000000e+00	   0.000000e+00	   0.000000e+00	   0.000000e+00	   0.000000e+00	   0.000000e+00	   0.000000e+00	   0.000000e+00	   0.000000e+00	   0.000000e+00	   0.000000e+00	   0.000000e+00	   0.000000e+00	   0.000000e+00	   0.000000e+00	   0.000000e+00	   0.000000e+00	   0.000000e+00	   0.000000e+00	   0.000000e+00	   0.000000e+00	   0.000000e+00	   0.000000e+00	   0.000000e+00	   0.000000e+00	   0.000000e+00	   0.000000e+00	   0.000000e+00	   0.000000e+00	   0.000000e+00	   0.000000e+00	   0.000000e+00	   0.000000e+00	   2.026500e+06
   2.494990e-05	   4.500000e+02	   0.000000e+00	   0.000000e+00	   0.000000e+00	   0.000000e+00	   0.000000e+00	   0.000000e+00	   0.000000e+00	   0.000000e+00	   0.000000e+00	   0.000000e+00	   0.000000e+00	   0.000000e+00	   0.000000e+00	   0.000000e+00	   0.000000e+00	   0.000000e+00	   0.000000e+00	   0.000000e+00	   0.000000e+00	   0.000000e+00	   0.000000e+00	   0.000000e+00	   0.000000e+00	   0.000000e+00	   0.000000e+00	   0.000000e+00	   0.000000e+00	   0.000000e+00	   0.000000e+00	   0.000000e+00	   0.000000e+00	   0.000000e+00	   0.000000e+00	   0.000000e+00	   0.000000e+00	   0.000000e+00	   0.000000e+00	   1.000000e+00	   0.000000e+00	   0.000000e+00	   0.000000e+00	   0.000000e+00	   0.000000e+00	   0.000000e+00	   0.000000e+00	   0.000000e+00	   0.000000e+00	   0.000000e+00	   0.000000e+00	   0.000000e+00	   0.000000e+00	   0.000000e+00	   0.000000e+00	   0.000000e+00	   0.000000e+00	   0.000000e+00	   0.000000e+00	   0.000000e+00	   0.000000e+00	   0.000000e+00	   0.000000e+00	   0.000000e+00	   0.000000e+00	   0.000000e+00	   0.000000e+00	   0.000000e+00	   0.000000e+00	   0.000000e+00	   0.000000e+00	   0.000000e+00	   0.000000e+00	   0.000000e+00	   0.000000e+00	   0.000000e+00	   2.026500e+06
   2.505010e-05	   4.500000e+02	   0.000000e+00	   0.000000e+00	   0.000000e+00	   0.000000e+00	   0.000000e+00	   0.000000e+00	   0.000000e+00	   0.000000e+00	   0.000000e+00	   0.000000e+00	   0.000000e+00	   0.000000e+00	   0.000000e+00	   0.000000e+00	   0.000000e+00	   0.000000e+00	   0.000000e+00	   0.000000e+00	   0.000000e+00	   0.000000e+00	   0.000000e+00	   0.000000e+00	   0.000000e+00	   0.000000e+00	   0.000000e+00	   0.000000e+00	   0.000000e+00	   0.000000e+00	   0.000000e+00	   0.000000e+00	   0.000000e+00	   0.000000e+00	   0.000000e+00	   0.000000e+00	   0.000000e+00	   0.000000e+00	   0.000000e+00	   1.000000e+00	   0.000000e+00	   0.000000e+00	   0.000000e+00	   0.000000e+00	   0.000000e+00	   0.000000e+00	   0.000000e+00	   0.000000e+00	   0.000000e+00	   0.000000e+00	   0.000000e+00	   0.000000e+00	   0.000000e+00	   0.000000e+00	   0.000000e+00	   0.000000e+00	   0.000000e+00	   0.000000e+00	   0.000000e+00	   0.000000e+00	   0.000000e+00	   0.000000e+00	   0.000000e+00	   0.000000e+00	   0.000000e+00	   0.000000e+00	   0.000000e+00	   0.000000e+00	   0.000000e+00	   0.000000e+00	   0.000000e+00	   0.000000e+00	   0.000000e+00	   0.000000e+00	   0.000000e+00	   0.000000e+00	   2.026500e+06
   2.515030e-05	   4.500000e+02	   0.000000e+00	   0.000000e+00	   0.000000e+00	   0.000000e+00	   0.000000e+00	   0.000000e+00	   0.000000e+00	   0.000000e+00	   0.000000e+00	   0.000000e+00	   0.000000e+00	   0.000000e+00	   0.000000e+00	   0.000000e+00	   0.000000e+00	   0.000000e+00	   0.000000e+00	   0.000000e+00	   0.000000e+00	   0.000000e+00	   0.000000e+00	   0.000000e+00	   0.000000e+00	   0.000000e+00	   0.000000e+00	   0.000000e+00	   0.000000e+00	   0.000000e+00	   0.000000e+00	   0.000000e+00	   0.000000e+00	   0.000000e+00	   0.000000e+00	   0.000000e+00	   0.000000e+00	   0.000000e+00	   0.000000e+00	   1.000000e+00	   0.000000e+00	   0.000000e+00	   0.000000e+00	   0.000000e+00	   0.000000e+00	   0.000000e+00	   0.000000e+00	   0.000000e+00	   0.000000e+00	   0.000000e+00	   0.000000e+00	   0.000000e+00	   0.000000e+00	   0.000000e+00	   0.000000e+00	   0.000000e+00	   0.000000e+00	   0.000000e+00	   0.000000e+00	   0.000000e+00	   0.000000e+00	   0.000000e+00	   0.000000e+00	   0.000000e+00	   0.000000e+00	   0.000000e+00	   0.000000e+00	   0.000000e+00	   0.000000e+00	   0.000000e+00	   0.000000e+00	   0.000000e+00	   0.000000e+00	   0.000000e+00	   0.000000e+00	   0.000000e+00	   2.026500e+06
   2.525050e-05	   4.500000e+02	   0.000000e+00	   0.000000e+00	   0.000000e+00	   0.000000e+00	   0.000000e+00	   0.000000e+00	   0.000000e+00	   0.000000e+00	   0.000000e+00	   0.000000e+00	   0.000000e+00	   0.000000e+00	   0.000000e+00	   0.000000e+00	   0.000000e+00	   0.000000e+00	   0.000000e+00	   0.000000e+00	   0.000000e+00	   0.000000e+00	   0.000000e+00	   0.000000e+00	   0.000000e+00	   0.000000e+00	   0.000000e+00	   0.000000e+00	   0.000000e+00	   0.000000e+00	   0.000000e+00	   0.000000e+00	   0.000000e+00	   0.000000e+00	   0.000000e+00	   0.000000e+00	   0.000000e+00	   0.000000e+00	   0.000000e+00	   1.000000e+00	   0.000000e+00	   0.000000e+00	   0.000000e+00	   0.000000e+00	   0.000000e+00	   0.000000e+00	   0.000000e+00	   0.000000e+00	   0.000000e+00	   0.000000e+00	   0.000000e+00	   0.000000e+00	   0.000000e+00	   0.000000e+00	   0.000000e+00	   0.000000e+00	   0.000000e+00	   0.000000e+00	   0.000000e+00	   0.000000e+00	   0.000000e+00	   0.000000e+00	   0.000000e+00	   0.000000e+00	   0.000000e+00	   0.000000e+00	   0.000000e+00	   0.000000e+00	   0.000000e+00	   0.000000e+00	   0.000000e+00	   0.000000e+00	   0.000000e+00	   0.000000e+00	   0.000000e+00	   0.000000e+00	   2.026500e+06
   2.535070e-05	   4.500000e+02	   0.000000e+00	   0.000000e+00	   0.000000e+00	   0.000000e+00	   0.000000e+00	   0.000000e+00	   0.000000e+00	   0.000000e+00	   0.000000e+00	   0.000000e+00	   0.000000e+00	   0.000000e+00	   0.000000e+00	   0.000000e+00	   0.000000e+00	   0.000000e+00	   0.000000e+00	   0.000000e+00	   0.000000e+00	   0.000000e+00	   0.000000e+00	   0.000000e+00	   0.000000e+00	   0.000000e+00	   0.000000e+00	   0.000000e+00	   0.000000e+00	   0.000000e+00	   0.000000e+00	   0.000000e+00	   0.000000e+00	   0.000000e+00	   0.000000e+00	   0.000000e+00	   0.000000e+00	   0.000000e+00	   0.000000e+00	   1.000000e+00	   0.000000e+00	   0.000000e+00	   0.000000e+00	   0.000000e+00	   0.000000e+00	   0.000000e+00	   0.000000e+00	   0.000000e+00	   0.000000e+00	   0.000000e+00	   0.000000e+00	   0.000000e+00	   0.000000e+00	   0.000000e+00	   0.000000e+00	   0.000000e+00	   0.000000e+00	   0.000000e+00	   0.000000e+00	   0.000000e+00	   0.000000e+00	   0.000000e+00	   0.000000e+00	   0.000000e+00	   0.000000e+00	   0.000000e+00	   0.000000e+00	   0.000000e+00	   0.000000e+00	   0.000000e+00	   0.000000e+00	   0.000000e+00	   0.000000e+00	   0.000000e+00	   0.000000e+00	   0.000000e+00	   2.026500e+06
   2.545090e-05	   4.500000e+02	   0.000000e+00	   0.000000e+00	   0.000000e+00	   0.000000e+00	   0.000000e+00	   0.000000e+00	   0.000000e+00	   0.000000e+00	   0.000000e+00	   0.000000e+00	   0.000000e+00	   0.000000e+00	   0.000000e+00	   0.000000e+00	   0.000000e+00	   0.000000e+00	   0.000000e+00	   0.000000e+00	   0.000000e+00	   0.000000e+00	   0.000000e+00	   0.000000e+00	   0.000000e+00	   0.000000e+00	   0.000000e+00	   0.000000e+00	   0.000000e+00	   0.000000e+00	   0.000000e+00	   0.000000e+00	   0.000000e+00	   0.000000e+00	   0.000000e+00	   0.000000e+00	   0.000000e+00	   0.000000e+00	   0.000000e+00	   1.000000e+00	   0.000000e+00	   0.000000e+00	   0.000000e+00	   0.000000e+00	   0.000000e+00	   0.000000e+00	   0.000000e+00	   0.000000e+00	   0.000000e+00	   0.000000e+00	   0.000000e+00	   0.000000e+00	   0.000000e+00	   0.000000e+00	   0.000000e+00	   0.000000e+00	   0.000000e+00	   0.000000e+00	   0.000000e+00	   0.000000e+00	   0.000000e+00	   0.000000e+00	   0.000000e+00	   0.000000e+00	   0.000000e+00	   0.000000e+00	   0.000000e+00	   0.000000e+00	   0.000000e+00	   0.000000e+00	   0.000000e+00	   0.000000e+00	   0.000000e+00	   0.000000e+00	   0.000000e+00	   0.000000e+00	   2.026500e+06
   2.555110e-05	   4.500000e+02	   0.000000e+00	   0.000000e+00	   0.000000e+00	   0.000000e+00	   0.000000e+00	   0.000000e+00	   0.000000e+00	   0.000000e+00	   0.000000e+00	   0.000000e+00	   0.000000e+00	   0.000000e+00	   0.000000e+00	   0.000000e+00	   0.000000e+00	   0.000000e+00	   0.000000e+00	   0.000000e+00	   0.000000e+00	   0.000000e+00	   0.000000e+00	   0.000000e+00	   0.000000e+00	   0.000000e+00	   0.000000e+00	   0.000000e+00	   0.000000e+00	   0.000000e+00	   0.000000e+00	   0.000000e+00	   0.000000e+00	   0.000000e+00	   0.000000e+00	   0.000000e+00	   0.000000e+00	   0.000000e+00	   0.000000e+00	   1.000000e+00	   0.000000e+00	   0.000000e+00	   0.000000e+00	   0.000000e+00	   0.000000e+00	   0.000000e+00	   0.000000e+00	   0.000000e+00	   0.000000e+00	   0.000000e+00	   0.000000e+00	   0.000000e+00	   0.000000e+00	   0.000000e+00	   0.000000e+00	   0.000000e+00	   0.000000e+00	   0.000000e+00	   0.000000e+00	   0.000000e+00	   0.000000e+00	   0.000000e+00	   0.000000e+00	   0.000000e+00	   0.000000e+00	   0.000000e+00	   0.000000e+00	   0.000000e+00	   0.000000e+00	   0.000000e+00	   0.000000e+00	   0.000000e+00	   0.000000e+00	   0.000000e+00	   0.000000e+00	   0.000000e+00	   2.026500e+06
   2.565130e-05	   4.500000e+02	   0.000000e+00	   0.000000e+00	   0.000000e+00	   0.000000e+00	   0.000000e+00	   0.000000e+00	   0.000000e+00	   0.000000e+00	   0.000000e+00	   0.000000e+00	   0.000000e+00	   0.000000e+00	   0.000000e+00	   0.000000e+00	   0.000000e+00	   0.000000e+00	   0.000000e+00	   0.000000e+00	   0.000000e+00	   0.000000e+00	   0.000000e+00	   0.000000e+00	   0.000000e+00	   0.000000e+00	   0.000000e+00	   0.000000e+00	   0.000000e+00	   0.000000e+00	   0.000000e+00	   0.000000e+00	   0.000000e+00	   0.000000e+00	   0.000000e+00	   0.000000e+00	   0.000000e+00	   0.000000e+00	   0.000000e+00	   1.000000e+00	   0.000000e+00	   0.000000e+00	   0.000000e+00	   0.000000e+00	   0.000000e+00	   0.000000e+00	   0.000000e+00	   0.000000e+00	   0.000000e+00	   0.000000e+00	   0.000000e+00	   0.000000e+00	   0.000000e+00	   0.000000e+00	   0.000000e+00	   0.000000e+00	   0.000000e+00	   0.000000e+00	   0.000000e+00	   0.000000e+00	   0.000000e+00	   0.000000e+00	   0.000000e+00	   0.000000e+00	   0.000000e+00	   0.000000e+00	   0.000000e+00	   0.000000e+00	   0.000000e+00	   0.000000e+00	   0.000000e+00	   0.000000e+00	   0.000000e+00	   0.000000e+00	   0.000000e+00	   0.000000e+00	   2.026500e+06
   2.575150e-05	   4.500000e+02	   0.000000e+00	   0.000000e+00	   0.000000e+00	   0.000000e+00	   0.000000e+00	   0.000000e+00	   0.000000e+00	   0.000000e+00	   0.000000e+00	   0.000000e+00	   0.000000e+00	   0.000000e+00	   0.000000e+00	   0.000000e+00	   0.000000e+00	   0.000000e+00	   0.000000e+00	   0.000000e+00	   0.000000e+00	   0.000000e+00	   0.000000e+00	   0.000000e+00	   0.000000e+00	   0.000000e+00	   0.000000e+00	   0.000000e+00	   0.000000e+00	   0.000000e+00	   0.000000e+00	   0.000000e+00	   0.000000e+00	   0.000000e+00	   0.000000e+00	   0.000000e+00	   0.000000e+00	   0.000000e+00	   0.000000e+00	   1.000000e+00	   0.000000e+00	   0.000000e+00	   0.000000e+00	   0.000000e+00	   0.000000e+00	   0.000000e+00	   0.000000e+00	   0.000000e+00	   0.000000e+00	   0.000000e+00	   0.000000e+00	   0.000000e+00	   0.000000e+00	   0.000000e+00	   0.000000e+00	   0.000000e+00	   0.000000e+00	   0.000000e+00	   0.000000e+00	   0.000000e+00	   0.000000e+00	   0.000000e+00	   0.000000e+00	   0.000000e+00	   0.000000e+00	   0.000000e+00	   0.000000e+00	   0.000000e+00	   0.000000e+00	   0.000000e+00	   0.000000e+00	   0.000000e+00	   0.000000e+00	   0.000000e+00	   0.000000e+00	   0.000000e+00	   2.026500e+06
   2.585170e-05	   4.500000e+02	   0.000000e+00	   0.000000e+00	   0.000000e+00	   0.000000e+00	   0.000000e+00	   0.000000e+00	   0.000000e+00	   0.000000e+00	   0.000000e+00	   0.000000e+00	   0.000000e+00	   0.000000e+00	   0.000000e+00	   0.000000e+00	   0.000000e+00	   0.000000e+00	   0.000000e+00	   0.000000e+00	   0.000000e+00	   0.000000e+00	   0.000000e+00	   0.000000e+00	   0.000000e+00	   0.000000e+00	   0.000000e+00	   0.000000e+00	   0.000000e+00	   0.000000e+00	   0.000000e+00	   0.000000e+00	   0.000000e+00	   0.000000e+00	   0.000000e+00	   0.000000e+00	   0.000000e+00	   0.000000e+00	   0.000000e+00	   1.000000e+00	   0.000000e+00	   0.000000e+00	   0.000000e+00	   0.000000e+00	   0.000000e+00	   0.000000e+00	   0.000000e+00	   0.000000e+00	   0.000000e+00	   0.000000e+00	   0.000000e+00	   0.000000e+00	   0.000000e+00	   0.000000e+00	   0.000000e+00	   0.000000e+00	   0.000000e+00	   0.000000e+00	   0.000000e+00	   0.000000e+00	   0.000000e+00	   0.000000e+00	   0.000000e+00	   0.000000e+00	   0.000000e+00	   0.000000e+00	   0.000000e+00	   0.000000e+00	   0.000000e+00	   0.000000e+00	   0.000000e+00	   0.000000e+00	   0.000000e+00	   0.000000e+00	   0.000000e+00	   0.000000e+00	   2.026500e+06
   2.595190e-05	   4.500000e+02	   0.000000e+00	   0.000000e+00	   0.000000e+00	   0.000000e+00	   0.000000e+00	   0.000000e+00	   0.000000e+00	   0.000000e+00	   0.000000e+00	   0.000000e+00	   0.000000e+00	   0.000000e+00	   0.000000e+00	   0.000000e+00	   0.000000e+00	   0.000000e+00	   0.000000e+00	   0.000000e+00	   0.000000e+00	   0.000000e+00	   0.000000e+00	   0.000000e+00	   0.000000e+00	   0.000000e+00	   0.000000e+00	   0.000000e+00	   0.000000e+00	   0.000000e+00	   0.000000e+00	   0.000000e+00	   0.000000e+00	   0.000000e+00	   0.000000e+00	   0.000000e+00	   0.000000e+00	   0.000000e+00	   0.000000e+00	   1.000000e+00	   0.000000e+00	   0.000000e+00	   0.000000e+00	   0.000000e+00	   0.000000e+00	   0.000000e+00	   0.000000e+00	   0.000000e+00	   0.000000e+00	   0.000000e+00	   0.000000e+00	   0.000000e+00	   0.000000e+00	   0.000000e+00	   0.000000e+00	   0.000000e+00	   0.000000e+00	   0.000000e+00	   0.000000e+00	   0.000000e+00	   0.000000e+00	   0.000000e+00	   0.000000e+00	   0.000000e+00	   0.000000e+00	   0.000000e+00	   0.000000e+00	   0.000000e+00	   0.000000e+00	   0.000000e+00	   0.000000e+00	   0.000000e+00	   0.000000e+00	   0.000000e+00	   0.000000e+00	   0.000000e+00	   2.026500e+06
   2.605210e-05	   4.500000e+02	   0.000000e+00	   0.000000e+00	   0.000000e+00	   0.000000e+00	   0.000000e+00	   0.000000e+00	   0.000000e+00	   0.000000e+00	   0.000000e+00	   0.000000e+00	   0.000000e+00	   0.000000e+00	   0.000000e+00	   0.000000e+00	   0.000000e+00	   0.000000e+00	   0.000000e+00	   0.000000e+00	   0.000000e+00	   0.000000e+00	   0.000000e+00	   0.000000e+00	   0.000000e+00	   0.000000e+00	   0.000000e+00	   0.000000e+00	   0.000000e+00	   0.000000e+00	   0.000000e+00	   0.000000e+00	   0.000000e+00	   0.000000e+00	   0.000000e+00	   0.000000e+00	   0.000000e+00	   0.000000e+00	   0.000000e+00	   1.000000e+00	   0.000000e+00	   0.000000e+00	   0.000000e+00	   0.000000e+00	   0.000000e+00	   0.000000e+00	   0.000000e+00	   0.000000e+00	   0.000000e+00	   0.000000e+00	   0.000000e+00	   0.000000e+00	   0.000000e+00	   0.000000e+00	   0.000000e+00	   0.000000e+00	   0.000000e+00	   0.000000e+00	   0.000000e+00	   0.000000e+00	   0.000000e+00	   0.000000e+00	   0.000000e+00	   0.000000e+00	   0.000000e+00	   0.000000e+00	   0.000000e+00	   0.000000e+00	   0.000000e+00	   0.000000e+00	   0.000000e+00	   0.000000e+00	   0.000000e+00	   0.000000e+00	   0.000000e+00	   0.000000e+00	   2.026500e+06
   2.615230e-05	   4.500000e+02	   0.000000e+00	   0.000000e+00	   0.000000e+00	   0.000000e+00	   0.000000e+00	   0.000000e+00	   0.000000e+00	   0.000000e+00	   0.000000e+00	   0.000000e+00	   0.000000e+00	   0.000000e+00	   0.000000e+00	   0.000000e+00	   0.000000e+00	   0.000000e+00	   0.000000e+00	   0.000000e+00	   0.000000e+00	   0.000000e+00	   0.000000e+00	   0.000000e+00	   0.000000e+00	   0.000000e+00	   0.000000e+00	   0.000000e+00	   0.000000e+00	   0.000000e+00	   0.000000e+00	   0.000000e+00	   0.000000e+00	   0.000000e+00	   0.000000e+00	   0.000000e+00	   0.000000e+00	   0.000000e+00	   0.000000e+00	   1.000000e+00	   0.000000e+00	   0.000000e+00	   0.000000e+00	   0.000000e+00	   0.000000e+00	   0.000000e+00	   0.000000e+00	   0.000000e+00	   0.000000e+00	   0.000000e+00	   0.000000e+00	   0.000000e+00	   0.000000e+00	   0.000000e+00	   0.000000e+00	   0.000000e+00	   0.000000e+00	   0.000000e+00	   0.000000e+00	   0.000000e+00	   0.000000e+00	   0.000000e+00	   0.000000e+00	   0.000000e+00	   0.000000e+00	   0.000000e+00	   0.000000e+00	   0.000000e+00	   0.000000e+00	   0.000000e+00	   0.000000e+00	   0.000000e+00	   0.000000e+00	   0.000000e+00	   0.000000e+00	   0.000000e+00	   2.026500e+06
   2.625251e-05	   4.500000e+02	   0.000000e+00	   0.000000e+00	   0.000000e+00	   0.000000e+00	   0.000000e+00	   0.000000e+00	   0.000000e+00	   0.000000e+00	   0.000000e+00	   0.000000e+00	   0.000000e+00	   0.000000e+00	   0.000000e+00	   0.000000e+00	   0.000000e+00	   0.000000e+00	   0.000000e+00	   0.000000e+00	   0.000000e+00	   0.000000e+00	   0.000000e+00	   0.000000e+00	   0.000000e+00	   0.000000e+00	   0.000000e+00	   0.000000e+00	   0.000000e+00	   0.000000e+00	   0.000000e+00	   0.000000e+00	   0.000000e+00	   0.000000e+00	   0.000000e+00	   0.000000e+00	   0.000000e+00	   0.000000e+00	   0.000000e+00	   1.000000e+00	   0.000000e+00	   0.000000e+00	   0.000000e+00	   0.000000e+00	   0.000000e+00	   0.000000e+00	   0.000000e+00	   0.000000e+00	   0.000000e+00	   0.000000e+00	   0.000000e+00	   0.000000e+00	   0.000000e+00	   0.000000e+00	   0.000000e+00	   0.000000e+00	   0.000000e+00	   0.000000e+00	   0.000000e+00	   0.000000e+00	   0.000000e+00	   0.000000e+00	   0.000000e+00	   0.000000e+00	   0.000000e+00	   0.000000e+00	   0.000000e+00	   0.000000e+00	   0.000000e+00	   0.000000e+00	   0.000000e+00	   0.000000e+00	   0.000000e+00	   0.000000e+00	   0.000000e+00	   0.000000e+00	   2.026500e+06
   2.635271e-05	   4.500000e+02	   0.000000e+00	   0.000000e+00	   0.000000e+00	   0.000000e+00	   0.000000e+00	   0.000000e+00	   0.000000e+00	   0.000000e+00	   0.000000e+00	   0.000000e+00	   0.000000e+00	   0.000000e+00	   0.000000e+00	   0.000000e+00	   0.000000e+00	   0.000000e+00	   0.000000e+00	   0.000000e+00	   0.000000e+00	   0.000000e+00	   0.000000e+00	   0.000000e+00	   0.000000e+00	   0.000000e+00	   0.000000e+00	   0.000000e+00	   0.000000e+00	   0.000000e+00	   0.000000e+00	   0.000000e+00	   0.000000e+00	   0.000000e+00	   0.000000e+00	   0.000000e+00	   0.000000e+00	   0.000000e+00	   0.000000e+00	   1.000000e+00	   0.000000e+00	   0.000000e+00	   0.000000e+00	   0.000000e+00	   0.000000e+00	   0.000000e+00	   0.000000e+00	   0.000000e+00	   0.000000e+00	   0.000000e+00	   0.000000e+00	   0.000000e+00	   0.000000e+00	   0.000000e+00	   0.000000e+00	   0.000000e+00	   0.000000e+00	   0.000000e+00	   0.000000e+00	   0.000000e+00	   0.000000e+00	   0.000000e+00	   0.000000e+00	   0.000000e+00	   0.000000e+00	   0.000000e+00	   0.000000e+00	   0.000000e+00	   0.000000e+00	   0.000000e+00	   0.000000e+00	   0.000000e+00	   0.000000e+00	   0.000000e+00	   0.000000e+00	   0.000000e+00	   2.026500e+06
   2.645291e-05	   4.500000e+02	   0.000000e+00	   0.000000e+00	   0.000000e+00	   0.000000e+00	   0.000000e+00	   0.000000e+00	   0.000000e+00	   0.000000e+00	   0.000000e+00	   0.000000e+00	   0.000000e+00	   0.000000e+00	   0.000000e+00	   0.000000e+00	   0.000000e+00	   0.000000e+00	   0.000000e+00	   0.000000e+00	   0.000000e+00	   0.000000e+00	   0.000000e+00	   0.000000e+00	   0.000000e+00	   0.000000e+00	   0.000000e+00	   0.000000e+00	   0.000000e+00	   0.000000e+00	   0.000000e+00	   0.000000e+00	   0.000000e+00	   0.000000e+00	   0.000000e+00	   0.000000e+00	   0.000000e+00	   0.000000e+00	   0.000000e+00	   1.000000e+00	   0.000000e+00	   0.000000e+00	   0.000000e+00	   0.000000e+00	   0.000000e+00	   0.000000e+00	   0.000000e+00	   0.000000e+00	   0.000000e+00	   0.000000e+00	   0.000000e+00	   0.000000e+00	   0.000000e+00	   0.000000e+00	   0.000000e+00	   0.000000e+00	   0.000000e+00	   0.000000e+00	   0.000000e+00	   0.000000e+00	   0.000000e+00	   0.000000e+00	   0.000000e+00	   0.000000e+00	   0.000000e+00	   0.000000e+00	   0.000000e+00	   0.000000e+00	   0.000000e+00	   0.000000e+00	   0.000000e+00	   0.000000e+00	   0.000000e+00	   0.000000e+00	   0.000000e+00	   0.000000e+00	   2.026500e+06
   2.655311e-05	   4.500000e+02	   0.000000e+00	   0.000000e+00	   0.000000e+00	   0.000000e+00	   0.000000e+00	   0.000000e+00	   0.000000e+00	   0.000000e+00	   0.000000e+00	   0.000000e+00	   0.000000e+00	   0.000000e+00	   0.000000e+00	   0.000000e+00	   0.000000e+00	   0.000000e+00	   0.000000e+00	   0.000000e+00	   0.000000e+00	   0.000000e+00	   0.000000e+00	   0.000000e+00	   0.000000e+00	   0.000000e+00	   0.000000e+00	   0.000000e+00	   0.000000e+00	   0.000000e+00	   0.000000e+00	   0.000000e+00	   0.000000e+00	   0.000000e+00	   0.000000e+00	   0.000000e+00	   0.000000e+00	   0.000000e+00	   0.000000e+00	   1.000000e+00	   0.000000e+00	   0.000000e+00	   0.000000e+00	   0.000000e+00	   0.000000e+00	   0.000000e+00	   0.000000e+00	   0.000000e+00	   0.000000e+00	   0.000000e+00	   0.000000e+00	   0.000000e+00	   0.000000e+00	   0.000000e+00	   0.000000e+00	   0.000000e+00	   0.000000e+00	   0.000000e+00	   0.000000e+00	   0.000000e+00	   0.000000e+00	   0.000000e+00	   0.000000e+00	   0.000000e+00	   0.000000e+00	   0.000000e+00	   0.000000e+00	   0.000000e+00	   0.000000e+00	   0.000000e+00	   0.000000e+00	   0.000000e+00	   0.000000e+00	   0.000000e+00	   0.000000e+00	   0.000000e+00	   2.026500e+06
   2.665331e-05	   4.500000e+02	   0.000000e+00	   0.000000e+00	   0.000000e+00	   0.000000e+00	   0.000000e+00	   0.000000e+00	   0.000000e+00	   0.000000e+00	   0.000000e+00	   0.000000e+00	   0.000000e+00	   0.000000e+00	   0.000000e+00	   0.000000e+00	   0.000000e+00	   0.000000e+00	   0.000000e+00	   0.000000e+00	   0.000000e+00	   0.000000e+00	   0.000000e+00	   0.000000e+00	   0.000000e+00	   0.000000e+00	   0.000000e+00	   0.000000e+00	   0.000000e+00	   0.000000e+00	   0.000000e+00	   0.000000e+00	   0.000000e+00	   0.000000e+00	   0.000000e+00	   0.000000e+00	   0.000000e+00	   0.000000e+00	   0.000000e+00	   1.000000e+00	   0.000000e+00	   0.000000e+00	   0.000000e+00	   0.000000e+00	   0.000000e+00	   0.000000e+00	   0.000000e+00	   0.000000e+00	   0.000000e+00	   0.000000e+00	   0.000000e+00	   0.000000e+00	   0.000000e+00	   0.000000e+00	   0.000000e+00	   0.000000e+00	   0.000000e+00	   0.000000e+00	   0.000000e+00	   0.000000e+00	   0.000000e+00	   0.000000e+00	   0.000000e+00	   0.000000e+00	   0.000000e+00	   0.000000e+00	   0.000000e+00	   0.000000e+00	   0.000000e+00	   0.000000e+00	   0.000000e+00	   0.000000e+00	   0.000000e+00	   0.000000e+00	   0.000000e+00	   0.000000e+00	   2.026500e+06
   2.675351e-05	   4.500000e+02	   0.000000e+00	   0.000000e+00	   0.000000e+00	   0.000000e+00	   0.000000e+00	   0.000000e+00	   0.000000e+00	   0.000000e+00	   0.000000e+00	   0.000000e+00	   0.000000e+00	   0.000000e+00	   0.000000e+00	   0.000000e+00	   0.000000e+00	   0.000000e+00	   0.000000e+00	   0.000000e+00	   0.000000e+00	   0.000000e+00	   0.000000e+00	   0.000000e+00	   0.000000e+00	   0.000000e+00	   0.000000e+00	   0.000000e+00	   0.000000e+00	   0.000000e+00	   0.000000e+00	   0.000000e+00	   0.000000e+00	   0.000000e+00	   0.000000e+00	   0.000000e+00	   0.000000e+00	   0.000000e+00	   0.000000e+00	   1.000000e+00	   0.000000e+00	   0.000000e+00	   0.000000e+00	   0.000000e+00	   0.000000e+00	   0.000000e+00	   0.000000e+00	   0.000000e+00	   0.000000e+00	   0.000000e+00	   0.000000e+00	   0.000000e+00	   0.000000e+00	   0.000000e+00	   0.000000e+00	   0.000000e+00	   0.000000e+00	   0.000000e+00	   0.000000e+00	   0.000000e+00	   0.000000e+00	   0.000000e+00	   0.000000e+00	   0.000000e+00	   0.000000e+00	   0.000000e+00	   0.000000e+00	   0.000000e+00	   0.000000e+00	   0.000000e+00	   0.000000e+00	   0.000000e+00	   0.000000e+00	   0.000000e+00	   0.000000e+00	   0.000000e+00	   2.026500e+06
   2.685371e-05	   4.500000e+02	   0.000000e+00	   0.000000e+00	   0.000000e+00	   0.000000e+00	   0.000000e+00	   0.000000e+00	   0.000000e+00	   0.000000e+00	   0.000000e+00	   0.000000e+00	   0.000000e+00	   0.000000e+00	   0.000000e+00	   0.000000e+00	   0.000000e+00	   0.000000e+00	   0.000000e+00	   0.000000e+00	   0.000000e+00	   0.000000e+00	   0.000000e+00	   0.000000e+00	   0.000000e+00	   0.000000e+00	   0.000000e+00	   0.000000e+00	   0.000000e+00	   0.000000e+00	   0.000000e+00	   0.000000e+00	   0.000000e+00	   0.000000e+00	   0.000000e+00	   0.000000e+00	   0.000000e+00	   0.000000e+00	   0.000000e+00	   1.000000e+00	   0.000000e+00	   0.000000e+00	   0.000000e+00	   0.000000e+00	   0.000000e+00	   0.000000e+00	   0.000000e+00	   0.000000e+00	   0.000000e+00	   0.000000e+00	   0.000000e+00	   0.000000e+00	   0.000000e+00	   0.000000e+00	   0.000000e+00	   0.000000e+00	   0.000000e+00	   0.000000e+00	   0.000000e+00	   0.000000e+00	   0.000000e+00	   0.000000e+00	   0.000000e+00	   0.000000e+00	   0.000000e+00	   0.000000e+00	   0.000000e+00	   0.000000e+00	   0.000000e+00	   0.000000e+00	   0.000000e+00	   0.000000e+00	   0.000000e+00	   0.000000e+00	   0.000000e+00	   0.000000e+00	   2.026500e+06
   2.695391e-05	   4.500000e+02	   0.000000e+00	   0.000000e+00	   0.000000e+00	   0.000000e+00	   0.000000e+00	   0.000000e+00	   0.000000e+00	   0.000000e+00	   0.000000e+00	   0.000000e+00	   0.000000e+00	   0.000000e+00	   0.000000e+00	   0.000000e+00	   0.000000e+00	   0.000000e+00	   0.000000e+00	   0.000000e+00	   0.000000e+00	   0.000000e+00	   0.000000e+00	   0.000000e+00	   0.000000e+00	   0.000000e+00	   0.000000e+00	   0.000000e+00	   0.000000e+00	   0.000000e+00	   0.000000e+00	   0.000000e+00	   0.000000e+00	   0.000000e+00	   0.000000e+00	   0.000000e+00	   0.000000e+00	   0.000000e+00	   0.000000e+00	   1.000000e+00	   0.000000e+00	   0.000000e+00	   0.000000e+00	   0.000000e+00	   0.000000e+00	   0.000000e+00	   0.000000e+00	   0.000000e+00	   0.000000e+00	   0.000000e+00	   0.000000e+00	   0.000000e+00	   0.000000e+00	   0.000000e+00	   0.000000e+00	   0.000000e+00	   0.000000e+00	   0.000000e+00	   0.000000e+00	   0.000000e+00	   0.000000e+00	   0.000000e+00	   0.000000e+00	   0.000000e+00	   0.000000e+00	   0.000000e+00	   0.000000e+00	   0.000000e+00	   0.000000e+00	   0.000000e+00	   0.000000e+00	   0.000000e+00	   0.000000e+00	   0.000000e+00	   0.000000e+00	   0.000000e+00	   2.026500e+06
   2.705411e-05	   4.500000e+02	   0.000000e+00	   0.000000e+00	   0.000000e+00	   0.000000e+00	   0.000000e+00	   0.000000e+00	   0.000000e+00	   0.000000e+00	   0.000000e+00	   0.000000e+00	   0.000000e+00	   0.000000e+00	   0.000000e+00	   0.000000e+00	   0.000000e+00	   0.000000e+00	   0.000000e+00	   0.000000e+00	   0.000000e+00	   0.000000e+00	   0.000000e+00	   0.000000e+00	   0.000000e+00	   0.000000e+00	   0.000000e+00	   0.000000e+00	   0.000000e+00	   0.000000e+00	   0.000000e+00	   0.000000e+00	   0.000000e+00	   0.000000e+00	   0.000000e+00	   0.000000e+00	   0.000000e+00	   0.000000e+00	   0.000000e+00	   1.000000e+00	   0.000000e+00	   0.000000e+00	   0.000000e+00	   0.000000e+00	   0.000000e+00	   0.000000e+00	   0.000000e+00	   0.000000e+00	   0.000000e+00	   0.000000e+00	   0.000000e+00	   0.000000e+00	   0.000000e+00	   0.000000e+00	   0.000000e+00	   0.000000e+00	   0.000000e+00	   0.000000e+00	   0.000000e+00	   0.000000e+00	   0.000000e+00	   0.000000e+00	   0.000000e+00	   0.000000e+00	   0.000000e+00	   0.000000e+00	   0.000000e+00	   0.000000e+00	   0.000000e+00	   0.000000e+00	   0.000000e+00	   0.000000e+00	   0.000000e+00	   0.000000e+00	   0.000000e+00	   0.000000e+00	   2.026500e+06
   2.715431e-05	   4.500000e+02	   0.000000e+00	   0.000000e+00	   0.000000e+00	   0.000000e+00	   0.000000e+00	   0.000000e+00	   0.000000e+00	   0.000000e+00	   0.000000e+00	   0.000000e+00	   0.000000e+00	   0.000000e+00	   0.000000e+00	   0.000000e+00	   0.000000e+00	   0.000000e+00	   0.000000e+00	   0.000000e+00	   0.000000e+00	   0.000000e+00	   0.000000e+00	   0.000000e+00	   0.000000e+00	   0.000000e+00	   0.000000e+00	   0.000000e+00	   0.000000e+00	   0.000000e+00	   0.000000e+00	   0.000000e+00	   0.000000e+00	   0.000000e+00	   0.000000e+00	   0.000000e+00	   0.000000e+00	   0.000000e+00	   0.000000e+00	   1.000000e+00	   0.000000e+00	   0.000000e+00	   0.000000e+00	   0.000000e+00	   0.000000e+00	   0.000000e+00	   0.000000e+00	   0.000000e+00	   0.000000e+00	   0.000000e+00	   0.000000e+00	   0.000000e+00	   0.000000e+00	   0.000000e+00	   0.000000e+00	   0.000000e+00	   0.000000e+00	   0.000000e+00	   0.000000e+00	   0.000000e+00	   0.000000e+00	   0.000000e+00	   0.000000e+00	   0.000000e+00	   0.000000e+00	   0.000000e+00	   0.000000e+00	   0.000000e+00	   0.000000e+00	   0.000000e+00	   0.000000e+00	   0.000000e+00	   0.000000e+00	   0.000000e+00	   0.000000e+00	   0.000000e+00	   2.026500e+06
   2.725451e-05	   4.500000e+02	   0.000000e+00	   0.000000e+00	   0.000000e+00	   0.000000e+00	   0.000000e+00	   0.000000e+00	   0.000000e+00	   0.000000e+00	   0.000000e+00	   0.000000e+00	   0.000000e+00	   0.000000e+00	   0.000000e+00	   0.000000e+00	   0.000000e+00	   0.000000e+00	   0.000000e+00	   0.000000e+00	   0.000000e+00	   0.000000e+00	   0.000000e+00	   0.000000e+00	   0.000000e+00	   0.000000e+00	   0.000000e+00	   0.000000e+00	   0.000000e+00	   0.000000e+00	   0.000000e+00	   0.000000e+00	   0.000000e+00	   0.000000e+00	   0.000000e+00	   0.000000e+00	   0.000000e+00	   0.000000e+00	   0.000000e+00	   1.000000e+00	   0.000000e+00	   0.000000e+00	   0.000000e+00	   0.000000e+00	   0.000000e+00	   0.000000e+00	   0.000000e+00	   0.000000e+00	   0.000000e+00	   0.000000e+00	   0.000000e+00	   0.000000e+00	   0.000000e+00	   0.000000e+00	   0.000000e+00	   0.000000e+00	   0.000000e+00	   0.000000e+00	   0.000000e+00	   0.000000e+00	   0.000000e+00	   0.000000e+00	   0.000000e+00	   0.000000e+00	   0.000000e+00	   0.000000e+00	   0.000000e+00	   0.000000e+00	   0.000000e+00	   0.000000e+00	   0.000000e+00	   0.000000e+00	   0.000000e+00	   0.000000e+00	   0.000000e+00	   0.000000e+00	   2.026500e+06
   2.735471e-05	   4.500000e+02	   0.000000e+00	   0.000000e+00	   0.000000e+00	   0.000000e+00	   0.000000e+00	   0.000000e+00	   0.000000e+00	   0.000000e+00	   0.000000e+00	   0.000000e+00	   0.000000e+00	   0.000000e+00	   0.000000e+00	   0.000000e+00	   0.000000e+00	   0.000000e+00	   0.000000e+00	   0.000000e+00	   0.000000e+00	   0.000000e+00	   0.000000e+00	   0.000000e+00	   0.000000e+00	   0.000000e+00	   0.000000e+00	   0.000000e+00	   0.000000e+00	   0.000000e+00	   0.000000e+00	   0.000000e+00	   0.000000e+00	   0.000000e+00	   0.000000e+00	   0.000000e+00	   0.000000e+00	   0.000000e+00	   0.000000e+00	   1.000000e+00	   0.000000e+00	   0.000000e+00	   0.000000e+00	   0.000000e+00	   0.000000e+00	   0.000000e+00	   0.000000e+00	   0.000000e+00	   0.000000e+00	   0.000000e+00	   0.000000e+00	   0.000000e+00	   0.000000e+00	   0.000000e+00	   0.000000e+00	   0.000000e+00	   0.000000e+00	   0.000000e+00	   0.000000e+00	   0.000000e+00	   0.000000e+00	   0.000000e+00	   0.000000e+00	   0.000000e+00	   0.000000e+00	   0.000000e+00	   0.000000e+00	   0.000000e+00	   0.000000e+00	   0.000000e+00	   0.000000e+00	   0.000000e+00	   0.000000e+00	   0.000000e+00	   0.000000e+00	   0.000000e+00	   2.026500e+06
   2.745491e-05	   4.500000e+02	   0.000000e+00	   0.000000e+00	   0.000000e+00	   0.000000e+00	   0.000000e+00	   0.000000e+00	   0.000000e+00	   0.000000e+00	   0.000000e+00	   0.000000e+00	   0.000000e+00	   0.000000e+00	   0.000000e+00	   0.000000e+00	   0.000000e+00	   0.000000e+00	   0.000000e+00	   0.000000e+00	   0.000000e+00	   0.000000e+00	   0.000000e+00	   0.000000e+00	   0.000000e+00	   0.000000e+00	   0.000000e+00	   0.000000e+00	   0.000000e+00	   0.000000e+00	   0.000000e+00	   0.000000e+00	   0.000000e+00	   0.000000e+00	   0.000000e+00	   0.000000e+00	   0.000000e+00	   0.000000e+00	   0.000000e+00	   1.000000e+00	   0.000000e+00	   0.000000e+00	   0.000000e+00	   0.000000e+00	   0.000000e+00	   0.000000e+00	   0.000000e+00	   0.000000e+00	   0.000000e+00	   0.000000e+00	   0.000000e+00	   0.000000e+00	   0.000000e+00	   0.000000e+00	   0.000000e+00	   0.000000e+00	   0.000000e+00	   0.000000e+00	   0.000000e+00	   0.000000e+00	   0.000000e+00	   0.000000e+00	   0.000000e+00	   0.000000e+00	   0.000000e+00	   0.000000e+00	   0.000000e+00	   0.000000e+00	   0.000000e+00	   0.000000e+00	   0.000000e+00	   0.000000e+00	   0.000000e+00	   0.000000e+00	   0.000000e+00	   0.000000e+00	   2.026500e+06
   2.755511e-05	   4.500000e+02	   0.000000e+00	   0.000000e+00	   0.000000e+00	   0.000000e+00	   0.000000e+00	   0.000000e+00	   0.000000e+00	   0.000000e+00	   0.000000e+00	   0.000000e+00	   0.000000e+00	   0.000000e+00	   0.000000e+00	   0.000000e+00	   0.000000e+00	   0.000000e+00	   0.000000e+00	   0.000000e+00	   0.000000e+00	   0.000000e+00	   0.000000e+00	   0.000000e+00	   0.000000e+00	   0.000000e+00	   0.000000e+00	   0.000000e+00	   0.000000e+00	   0.000000e+00	   0.000000e+00	   0.000000e+00	   0.000000e+00	   0.000000e+00	   0.000000e+00	   0.000000e+00	   0.000000e+00	   0.000000e+00	   0.000000e+00	   1.000000e+00	   0.000000e+00	   0.000000e+00	   0.000000e+00	   0.000000e+00	   0.000000e+00	   0.000000e+00	   0.000000e+00	   0.000000e+00	   0.000000e+00	   0.000000e+00	   0.000000e+00	   0.000000e+00	   0.000000e+00	   0.000000e+00	   0.000000e+00	   0.000000e+00	   0.000000e+00	   0.000000e+00	   0.000000e+00	   0.000000e+00	   0.000000e+00	   0.000000e+00	   0.000000e+00	   0.000000e+00	   0.000000e+00	   0.000000e+00	   0.000000e+00	   0.000000e+00	   0.000000e+00	   0.000000e+00	   0.000000e+00	   0.000000e+00	   0.000000e+00	   0.000000e+00	   0.000000e+00	   0.000000e+00	   2.026500e+06
   2.765531e-05	   4.500000e+02	   0.000000e+00	   0.000000e+00	   0.000000e+00	   0.000000e+00	   0.000000e+00	   0.000000e+00	   0.000000e+00	   0.000000e+00	   0.000000e+00	   0.000000e+00	   0.000000e+00	   0.000000e+00	   0.000000e+00	   0.000000e+00	   0.000000e+00	   0.000000e+00	   0.000000e+00	   0.000000e+00	   0.000000e+00	   0.000000e+00	   0.000000e+00	   0.000000e+00	   0.000000e+00	   0.000000e+00	   0.000000e+00	   0.000000e+00	   0.000000e+00	   0.000000e+00	   0.000000e+00	   0.000000e+00	   0.000000e+00	   0.000000e+00	   0.000000e+00	   0.000000e+00	   0.000000e+00	   0.000000e+00	   0.000000e+00	   1.000000e+00	   0.000000e+00	   0.000000e+00	   0.000000e+00	   0.000000e+00	   0.000000e+00	   0.000000e+00	   0.000000e+00	   0.000000e+00	   0.000000e+00	   0.000000e+00	   0.000000e+00	   0.000000e+00	   0.000000e+00	   0.000000e+00	   0.000000e+00	   0.000000e+00	   0.000000e+00	   0.000000e+00	   0.000000e+00	   0.000000e+00	   0.000000e+00	   0.000000e+00	   0.000000e+00	   0.000000e+00	   0.000000e+00	   0.000000e+00	   0.000000e+00	   0.000000e+00	   0.000000e+00	   0.000000e+00	   0.000000e+00	   0.000000e+00	   0.000000e+00	   0.000000e+00	   0.000000e+00	   0.000000e+00	   2.026500e+06
   2.775551e-05	   4.500000e+02	   0.000000e+00	   0.000000e+00	   0.000000e+00	   0.000000e+00	   0.000000e+00	   0.000000e+00	   0.000000e+00	   0.000000e+00	   0.000000e+00	   0.000000e+00	   0.000000e+00	   0.000000e+00	   0.000000e+00	   0.000000e+00	   0.000000e+00	   0.000000e+00	   0.000000e+00	   0.000000e+00	   0.000000e+00	   0.000000e+00	   0.000000e+00	   0.000000e+00	   0.000000e+00	   0.000000e+00	   0.000000e+00	   0.000000e+00	   0.000000e+00	   0.000000e+00	   0.000000e+00	   0.000000e+00	   0.000000e+00	   0.000000e+00	   0.000000e+00	   0.000000e+00	   0.000000e+00	   0.000000e+00	   0.000000e+00	   1.000000e+00	   0.000000e+00	   0.000000e+00	   0.000000e+00	   0.000000e+00	   0.000000e+00	   0.000000e+00	   0.000000e+00	   0.000000e+00	   0.000000e+00	   0.000000e+00	   0.000000e+00	   0.000000e+00	   0.000000e+00	   0.000000e+00	   0.000000e+00	   0.000000e+00	   0.000000e+00	   0.000000e+00	   0.000000e+00	   0.000000e+00	   0.000000e+00	   0.000000e+00	   0.000000e+00	   0.000000e+00	   0.000000e+00	   0.000000e+00	   0.000000e+00	   0.000000e+00	   0.000000e+00	   0.000000e+00	   0.000000e+00	   0.000000e+00	   0.000000e+00	   0.000000e+00	   0.000000e+00	   0.000000e+00	   2.026500e+06
   2.785571e-05	   4.500000e+02	   0.000000e+00	   0.000000e+00	   0.000000e+00	   0.000000e+00	   0.000000e+00	   0.000000e+00	   0.000000e+00	   0.000000e+00	   0.000000e+00	   0.000000e+00	   0.000000e+00	   0.000000e+00	   0.000000e+00	   0.000000e+00	   0.000000e+00	   0.000000e+00	   0.000000e+00	   0.000000e+00	   0.000000e+00	   0.000000e+00	   0.000000e+00	   0.000000e+00	   0.000000e+00	   0.000000e+00	   0.000000e+00	   0.000000e+00	   0.000000e+00	   0.000000e+00	   0.000000e+00	   0.000000e+00	   0.000000e+00	   0.000000e+00	   0.000000e+00	   0.000000e+00	   0.000000e+00	   0.000000e+00	   0.000000e+00	   1.000000e+00	   0.000000e+00	   0.000000e+00	   0.000000e+00	   0.000000e+00	   0.000000e+00	   0.000000e+00	   0.000000e+00	   0.000000e+00	   0.000000e+00	   0.000000e+00	   0.000000e+00	   0.000000e+00	   0.000000e+00	   0.000000e+00	   0.000000e+00	   0.000000e+00	   0.000000e+00	   0.000000e+00	   0.000000e+00	   0.000000e+00	   0.000000e+00	   0.000000e+00	   0.000000e+00	   0.000000e+00	   0.000000e+00	   0.000000e+00	   0.000000e+00	   0.000000e+00	   0.000000e+00	   0.000000e+00	   0.000000e+00	   0.000000e+00	   0.000000e+00	   0.000000e+00	   0.000000e+00	   0.000000e+00	   2.026500e+06
   2.795591e-05	   4.500000e+02	   0.000000e+00	   0.000000e+00	   0.000000e+00	   0.000000e+00	   0.000000e+00	   0.000000e+00	   0.000000e+00	   0.000000e+00	   0.000000e+00	   0.000000e+00	   0.000000e+00	   0.000000e+00	   0.000000e+00	   0.000000e+00	   0.000000e+00	   0.000000e+00	   0.000000e+00	   0.000000e+00	   0.000000e+00	   0.000000e+00	   0.000000e+00	   0.000000e+00	   0.000000e+00	   0.000000e+00	   0.000000e+00	   0.000000e+00	   0.000000e+00	   0.000000e+00	   0.000000e+00	   0.000000e+00	   0.000000e+00	   0.000000e+00	   0.000000e+00	   0.000000e+00	   0.000000e+00	   0.000000e+00	   0.000000e+00	   1.000000e+00	   0.000000e+00	   0.000000e+00	   0.000000e+00	   0.000000e+00	   0.000000e+00	   0.000000e+00	   0.000000e+00	   0.000000e+00	   0.000000e+00	   0.000000e+00	   0.000000e+00	   0.000000e+00	   0.000000e+00	   0.000000e+00	   0.000000e+00	   0.000000e+00	   0.000000e+00	   0.000000e+00	   0.000000e+00	   0.000000e+00	   0.000000e+00	   0.000000e+00	   0.000000e+00	   0.000000e+00	   0.000000e+00	   0.000000e+00	   0.000000e+00	   0.000000e+00	   0.000000e+00	   0.000000e+00	   0.000000e+00	   0.000000e+00	   0.000000e+00	   0.000000e+00	   0.000000e+00	   0.000000e+00	   2.026500e+06
   2.805611e-05	   4.500000e+02	   0.000000e+00	   0.000000e+00	   0.000000e+00	   0.000000e+00	   0.000000e+00	   0.000000e+00	   0.000000e+00	   0.000000e+00	   0.000000e+00	   0.000000e+00	   0.000000e+00	   0.000000e+00	   0.000000e+00	   0.000000e+00	   0.000000e+00	   0.000000e+00	   0.000000e+00	   0.000000e+00	   0.000000e+00	   0.000000e+00	   0.000000e+00	   0.000000e+00	   0.000000e+00	   0.000000e+00	   0.000000e+00	   0.000000e+00	   0.000000e+00	   0.000000e+00	   0.000000e+00	   0.000000e+00	   0.000000e+00	   0.000000e+00	   0.000000e+00	   0.000000e+00	   0.000000e+00	   0.000000e+00	   0.000000e+00	   1.000000e+00	   0.000000e+00	   0.000000e+00	   0.000000e+00	   0.000000e+00	   0.000000e+00	   0.000000e+00	   0.000000e+00	   0.000000e+00	   0.000000e+00	   0.000000e+00	   0.000000e+00	   0.000000e+00	   0.000000e+00	   0.000000e+00	   0.000000e+00	   0.000000e+00	   0.000000e+00	   0.000000e+00	   0.000000e+00	   0.000000e+00	   0.000000e+00	   0.000000e+00	   0.000000e+00	   0.000000e+00	   0.000000e+00	   0.000000e+00	   0.000000e+00	   0.000000e+00	   0.000000e+00	   0.000000e+00	   0.000000e+00	   0.000000e+00	   0.000000e+00	   0.000000e+00	   0.000000e+00	   0.000000e+00	   2.026500e+06
   2.815631e-05	   4.500000e+02	   0.000000e+00	   0.000000e+00	   0.000000e+00	   0.000000e+00	   0.000000e+00	   0.000000e+00	   0.000000e+00	   0.000000e+00	   0.000000e+00	   0.000000e+00	   0.000000e+00	   0.000000e+00	   0.000000e+00	   0.000000e+00	   0.000000e+00	   0.000000e+00	   0.000000e+00	   0.000000e+00	   0.000000e+00	   0.000000e+00	   0.000000e+00	   0.000000e+00	   0.000000e+00	   0.000000e+00	   0.000000e+00	   0.000000e+00	   0.000000e+00	   0.000000e+00	   0.000000e+00	   0.000000e+00	   0.000000e+00	   0.000000e+00	   0.000000e+00	   0.000000e+00	   0.000000e+00	   0.000000e+00	   0.000000e+00	   1.000000e+00	   0.000000e+00	   0.000000e+00	   0.000000e+00	   0.000000e+00	   0.000000e+00	   0.000000e+00	   0.000000e+00	   0.000000e+00	   0.000000e+00	   0.000000e+00	   0.000000e+00	   0.000000e+00	   0.000000e+00	   0.000000e+00	   0.000000e+00	   0.000000e+00	   0.000000e+00	   0.000000e+00	   0.000000e+00	   0.000000e+00	   0.000000e+00	   0.000000e+00	   0.000000e+00	   0.000000e+00	   0.000000e+00	   0.000000e+00	   0.000000e+00	   0.000000e+00	   0.000000e+00	   0.000000e+00	   0.000000e+00	   0.000000e+00	   0.000000e+00	   0.000000e+00	   0.000000e+00	   0.000000e+00	   2.026500e+06
   2.825651e-05	   4.500000e+02	   0.000000e+00	   0.000000e+00	   0.000000e+00	   0.000000e+00	   0.000000e+00	   0.000000e+00	   0.000000e+00	   0.000000e+00	   0.000000e+00	   0.000000e+00	   0.000000e+00	   0.000000e+00	   0.000000e+00	   0.000000e+00	   0.000000e+00	   0.000000e+00	   0.000000e+00	   0.000000e+00	   0.000000e+00	   0.000000e+00	   0.000000e+00	   0.000000e+00	   0.000000e+00	   0.000000e+00	   0.000000e+00	   0.000000e+00	   0.000000e+00	   0.000000e+00	   0.000000e+00	   0.000000e+00	   0.000000e+00	   0.000000e+00	   0.000000e+00	   0.000000e+00	   0.000000e+00	   0.000000e+00	   0.000000e+00	   1.000000e+00	   0.000000e+00	   0.000000e+00	   0.000000e+00	   0.000000e+00	   0.000000e+00	   0.000000e+00	   0.000000e+00	   0.000000e+00	   0.000000e+00	   0.000000e+00	   0.000000e+00	   0.000000e+00	   0.000000e+00	   0.000000e+00	   0.000000e+00	   0.000000e+00	   0.000000e+00	   0.000000e+00	   0.000000e+00	   0.000000e+00	   0.000000e+00	   0.000000e+00	   0.000000e+00	   0.000000e+00	   0.000000e+00	   0.000000e+00	   0.000000e+00	   0.000000e+00	   0.000000e+00	   0.000000e+00	   0.000000e+00	   0.000000e+00	   0.000000e+00	   0.000000e+00	   0.000000e+00	   0.000000e+00	   2.026500e+06
   2.835671e-05	   4.500000e+02	   0.000000e+00	   0.000000e+00	   0.000000e+00	   0.000000e+00	   0.000000e+00	   0.000000e+00	   0.000000e+00	   0.000000e+00	   0.000000e+00	   0.000000e+00	   0.000000e+00	   0.000000e+00	   0.000000e+00	   0.000000e+00	   0.000000e+00	   0.000000e+00	   0.000000e+00	   0.000000e+00	   0.000000e+00	   0.000000e+00	   0.000000e+00	   0.000000e+00	   0.000000e+00	   0.000000e+00	   0.000000e+00	   0.000000e+00	   0.000000e+00	   0.000000e+00	   0.000000e+00	   0.000000e+00	   0.000000e+00	   0.000000e+00	   0.000000e+00	   0.000000e+00	   0.000000e+00	   0.000000e+00	   0.000000e+00	   1.000000e+00	   0.000000e+00	   0.000000e+00	   0.000000e+00	   0.000000e+00	   0.000000e+00	   0.000000e+00	   0.000000e+00	   0.000000e+00	   0.000000e+00	   0.000000e+00	   0.000000e+00	   0.000000e+00	   0.000000e+00	   0.000000e+00	   0.000000e+00	   0.000000e+00	   0.000000e+00	   0.000000e+00	   0.000000e+00	   0.000000e+00	   0.000000e+00	   0.000000e+00	   0.000000e+00	   0.000000e+00	   0.000000e+00	   0.000000e+00	   0.000000e+00	   0.000000e+00	   0.000000e+00	   0.000000e+00	   0.000000e+00	   0.000000e+00	   0.000000e+00	   0.000000e+00	   0.000000e+00	   0.000000e+00	   2.026500e+06
   2.845691e-05	   4.500000e+02	   0.000000e+00	   0.000000e+00	   0.000000e+00	   0.000000e+00	   0.000000e+00	   0.000000e+00	   0.000000e+00	   0.000000e+00	   0.000000e+00	   0.000000e+00	   0.000000e+00	   0.000000e+00	   0.000000e+00	   0.000000e+00	   0.000000e+00	   0.000000e+00	   0.000000e+00	   0.000000e+00	   0.000000e+00	   0.000000e+00	   0.000000e+00	   0.000000e+00	   0.000000e+00	   0.000000e+00	   0.000000e+00	   0.000000e+00	   0.000000e+00	   0.000000e+00	   0.000000e+00	   0.000000e+00	   0.000000e+00	   0.000000e+00	   0.000000e+00	   0.000000e+00	   0.000000e+00	   0.000000e+00	   0.000000e+00	   1.000000e+00	   0.000000e+00	   0.000000e+00	   0.000000e+00	   0.000000e+00	   0.000000e+00	   0.000000e+00	   0.000000e+00	   0.000000e+00	   0.000000e+00	   0.000000e+00	   0.000000e+00	   0.000000e+00	   0.000000e+00	   0.000000e+00	   0.000000e+00	   0.000000e+00	   0.000000e+00	   0.000000e+00	   0.000000e+00	   0.000000e+00	   0.000000e+00	   0.000000e+00	   0.000000e+00	   0.000000e+00	   0.000000e+00	   0.000000e+00	   0.000000e+00	   0.000000e+00	   0.000000e+00	   0.000000e+00	   0.000000e+00	   0.000000e+00	   0.000000e+00	   0.000000e+00	   0.000000e+00	   0.000000e+00	   2.026500e+06
   2.855711e-05	   4.500000e+02	   0.000000e+00	   0.000000e+00	   0.000000e+00	   0.000000e+00	   0.000000e+00	   0.000000e+00	   0.000000e+00	   0.000000e+00	   0.000000e+00	   0.000000e+00	   0.000000e+00	   0.000000e+00	   0.000000e+00	   0.000000e+00	   0.000000e+00	   0.000000e+00	   0.000000e+00	   0.000000e+00	   0.000000e+00	   0.000000e+00	   0.000000e+00	   0.000000e+00	   0.000000e+00	   0.000000e+00	   0.000000e+00	   0.000000e+00	   0.000000e+00	   0.000000e+00	   0.000000e+00	   0.000000e+00	   0.000000e+00	   0.000000e+00	   0.000000e+00	   0.000000e+00	   0.000000e+00	   0.000000e+00	   0.000000e+00	   1.000000e+00	   0.000000e+00	   0.000000e+00	   0.000000e+00	   0.000000e+00	   0.000000e+00	   0.000000e+00	   0.000000e+00	   0.000000e+00	   0.000000e+00	   0.000000e+00	   0.000000e+00	   0.000000e+00	   0.000000e+00	   0.000000e+00	   0.000000e+00	   0.000000e+00	   0.000000e+00	   0.000000e+00	   0.000000e+00	   0.000000e+00	   0.000000e+00	   0.000000e+00	   0.000000e+00	   0.000000e+00	   0.000000e+00	   0.000000e+00	   0.000000e+00	   0.000000e+00	   0.000000e+00	   0.000000e+00	   0.000000e+00	   0.000000e+00	   0.000000e+00	   0.000000e+00	   0.000000e+00	   0.000000e+00	   2.026500e+06
   2.865731e-05	   4.500000e+02	   0.000000e+00	   0.000000e+00	   0.000000e+00	   0.000000e+00	   0.000000e+00	   0.000000e+00	   0.000000e+00	   0.000000e+00	   0.000000e+00	   0.000000e+00	   0.000000e+00	   0.000000e+00	   0.000000e+00	   0.000000e+00	   0.000000e+00	   0.000000e+00	   0.000000e+00	   0.000000e+00	   0.000000e+00	   0.000000e+00	   0.000000e+00	   0.000000e+00	   0.000000e+00	   0.000000e+00	   0.000000e+00	   0.000000e+00	   0.000000e+00	   0.000000e+00	   0.000000e+00	   0.000000e+00	   0.000000e+00	   0.000000e+00	   0.000000e+00	   0.000000e+00	   0.000000e+00	   0.000000e+00	   0.000000e+00	   1.000000e+00	   0.000000e+00	   0.000000e+00	   0.000000e+00	   0.000000e+00	   0.000000e+00	   0.000000e+00	   0.000000e+00	   0.000000e+00	   0.000000e+00	   0.000000e+00	   0.000000e+00	   0.000000e+00	   0.000000e+00	   0.000000e+00	   0.000000e+00	   0.000000e+00	   0.000000e+00	   0.000000e+00	   0.000000e+00	   0.000000e+00	   0.000000e+00	   0.000000e+00	   0.000000e+00	   0.000000e+00	   0.000000e+00	   0.000000e+00	   0.000000e+00	   0.000000e+00	   0.000000e+00	   0.000000e+00	   0.000000e+00	   0.000000e+00	   0.000000e+00	   0.000000e+00	   0.000000e+00	   0.000000e+00	   2.026500e+06
   2.875752e-05	   4.500000e+02	   0.000000e+00	   0.000000e+00	   0.000000e+00	   0.000000e+00	   0.000000e+00	   0.000000e+00	   0.000000e+00	   0.000000e+00	   0.000000e+00	   0.000000e+00	   0.000000e+00	   0.000000e+00	   0.000000e+00	   0.000000e+00	   0.000000e+00	   0.000000e+00	   0.000000e+00	   0.000000e+00	   0.000000e+00	   0.000000e+00	   0.000000e+00	   0.000000e+00	   0.000000e+00	   0.000000e+00	   0.000000e+00	   0.000000e+00	   0.000000e+00	   0.000000e+00	   0.000000e+00	   0.000000e+00	   0.000000e+00	   0.000000e+00	   0.000000e+00	   0.000000e+00	   0.000000e+00	   0.000000e+00	   0.000000e+00	   1.000000e+00	   0.000000e+00	   0.000000e+00	   0.000000e+00	   0.000000e+00	   0.000000e+00	   0.000000e+00	   0.000000e+00	   0.000000e+00	   0.000000e+00	   0.000000e+00	   0.000000e+00	   0.000000e+00	   0.000000e+00	   0.000000e+00	   0.000000e+00	   0.000000e+00	   0.000000e+00	   0.000000e+00	   0.000000e+00	   0.000000e+00	   0.000000e+00	   0.000000e+00	   0.000000e+00	   0.000000e+00	   0.000000e+00	   0.000000e+00	   0.000000e+00	   0.000000e+00	   0.000000e+00	   0.000000e+00	   0.000000e+00	   0.000000e+00	   0.000000e+00	   0.000000e+00	   0.000000e+00	   0.000000e+00	   2.026500e+06
   2.885772e-05	   4.500000e+02	   0.000000e+00	   0.000000e+00	   0.000000e+00	   0.000000e+00	   0.000000e+00	   0.000000e+00	   0.000000e+00	   0.000000e+00	   0.000000e+00	   0.000000e+00	   0.000000e+00	   0.000000e+00	   0.000000e+00	   0.000000e+00	   0.000000e+00	   0.000000e+00	   0.000000e+00	   0.000000e+00	   0.000000e+00	   0.000000e+00	   0.000000e+00	   0.000000e+00	   0.000000e+00	   0.000000e+00	   0.000000e+00	   0.000000e+00	   0.000000e+00	   0.000000e+00	   0.000000e+00	   0.000000e+00	   0.000000e+00	   0.000000e+00	   0.000000e+00	   0.000000e+00	   0.000000e+00	   0.000000e+00	   0.000000e+00	   1.000000e+00	   0.000000e+00	   0.000000e+00	   0.000000e+00	   0.000000e+00	   0.000000e+00	   0.000000e+00	   0.000000e+00	   0.000000e+00	   0.000000e+00	   0.000000e+00	   0.000000e+00	   0.000000e+00	   0.000000e+00	   0.000000e+00	   0.000000e+00	   0.000000e+00	   0.000000e+00	   0.000000e+00	   0.000000e+00	   0.000000e+00	   0.000000e+00	   0.000000e+00	   0.000000e+00	   0.000000e+00	   0.000000e+00	   0.000000e+00	   0.000000e+00	   0.000000e+00	   0.000000e+00	   0.000000e+00	   0.000000e+00	   0.000000e+00	   0.000000e+00	   0.000000e+00	   0.000000e+00	   0.000000e+00	   2.026500e+06
   2.895792e-05	   4.500000e+02	   0.000000e+00	   0.000000e+00	   0.000000e+00	   0.000000e+00	   0.000000e+00	   0.000000e+00	   0.000000e+00	   0.000000e+00	   0.000000e+00	   0.000000e+00	   0.000000e+00	   0.000000e+00	   0.000000e+00	   0.000000e+00	   0.000000e+00	   0.000000e+00	   0.000000e+00	   0.000000e+00	   0.000000e+00	   0.000000e+00	   0.000000e+00	   0.000000e+00	   0.000000e+00	   0.000000e+00	   0.000000e+00	   0.000000e+00	   0.000000e+00	   0.000000e+00	   0.000000e+00	   0.000000e+00	   0.000000e+00	   0.000000e+00	   0.000000e+00	   0.000000e+00	   0.000000e+00	   0.000000e+00	   0.000000e+00	   1.000000e+00	   0.000000e+00	   0.000000e+00	   0.000000e+00	   0.000000e+00	   0.000000e+00	   0.000000e+00	   0.000000e+00	   0.000000e+00	   0.000000e+00	   0.000000e+00	   0.000000e+00	   0.000000e+00	   0.000000e+00	   0.000000e+00	   0.000000e+00	   0.000000e+00	   0.000000e+00	   0.000000e+00	   0.000000e+00	   0.000000e+00	   0.000000e+00	   0.000000e+00	   0.000000e+00	   0.000000e+00	   0.000000e+00	   0.000000e+00	   0.000000e+00	   0.000000e+00	   0.000000e+00	   0.000000e+00	   0.000000e+00	   0.000000e+00	   0.000000e+00	   0.000000e+00	   0.000000e+00	   0.000000e+00	   2.026500e+06
   2.905812e-05	   4.500000e+02	   0.000000e+00	   0.000000e+00	   0.000000e+00	   0.000000e+00	   0.000000e+00	   0.000000e+00	   0.000000e+00	   0.000000e+00	   0.000000e+00	   0.000000e+00	   0.000000e+00	   0.000000e+00	   0.000000e+00	   0.000000e+00	   0.000000e+00	   0.000000e+00	   0.000000e+00	   0.000000e+00	   0.000000e+00	   0.000000e+00	   0.000000e+00	   0.000000e+00	   0.000000e+00	   0.000000e+00	   0.000000e+00	   0.000000e+00	   0.000000e+00	   0.000000e+00	   0.000000e+00	   0.000000e+00	   0.000000e+00	   0.000000e+00	   0.000000e+00	   0.000000e+00	   0.000000e+00	   0.000000e+00	   0.000000e+00	   1.000000e+00	   0.000000e+00	   0.000000e+00	   0.000000e+00	   0.000000e+00	   0.000000e+00	   0.000000e+00	   0.000000e+00	   0.000000e+00	   0.000000e+00	   0.000000e+00	   0.000000e+00	   0.000000e+00	   0.000000e+00	   0.000000e+00	   0.000000e+00	   0.000000e+00	   0.000000e+00	   0.000000e+00	   0.000000e+00	   0.000000e+00	   0.000000e+00	   0.000000e+00	   0.000000e+00	   0.000000e+00	   0.000000e+00	   0.000000e+00	   0.000000e+00	   0.000000e+00	   0.000000e+00	   0.000000e+00	   0.000000e+00	   0.000000e+00	   0.000000e+00	   0.000000e+00	   0.000000e+00	   0.000000e+00	   2.026500e+06
   2.915832e-05	   4.500000e+02	   0.000000e+00	   0.000000e+00	   0.000000e+00	   0.000000e+00	   0.000000e+00	   0.000000e+00	   0.000000e+00	   0.000000e+00	   0.000000e+00	   0.000000e+00	   0.000000e+00	   0.000000e+00	   0.000000e+00	   0.000000e+00	   0.000000e+00	   0.000000e+00	   0.000000e+00	   0.000000e+00	   0.000000e+00	   0.000000e+00	   0.000000e+00	   0.000000e+00	   0.000000e+00	   0.000000e+00	   0.000000e+00	   0.000000e+00	   0.000000e+00	   0.000000e+00	   0.000000e+00	   0.000000e+00	   0.000000e+00	   0.000000e+00	   0.000000e+00	   0.000000e+00	   0.000000e+00	   0.000000e+00	   0.000000e+00	   1.000000e+00	   0.000000e+00	   0.000000e+00	   0.000000e+00	   0.000000e+00	   0.000000e+00	   0.000000e+00	   0.000000e+00	   0.000000e+00	   0.000000e+00	   0.000000e+00	   0.000000e+00	   0.000000e+00	   0.000000e+00	   0.000000e+00	   0.000000e+00	   0.000000e+00	   0.000000e+00	   0.000000e+00	   0.000000e+00	   0.000000e+00	   0.000000e+00	   0.000000e+00	   0.000000e+00	   0.000000e+00	   0.000000e+00	   0.000000e+00	   0.000000e+00	   0.000000e+00	   0.000000e+00	   0.000000e+00	   0.000000e+00	   0.000000e+00	   0.000000e+00	   0.000000e+00	   0.000000e+00	   0.000000e+00	   2.026500e+06
   2.925852e-05	   4.500000e+02	   0.000000e+00	   0.000000e+00	   0.000000e+00	   0.000000e+00	   0.000000e+00	   0.000000e+00	   0.000000e+00	   0.000000e+00	   0.000000e+00	   0.000000e+00	   0.000000e+00	   0.000000e+00	   0.000000e+00	   0.000000e+00	   0.000000e+00	   0.000000e+00	   0.000000e+00	   0.000000e+00	   0.000000e+00	   0.000000e+00	   0.000000e+00	   0.000000e+00	   0.000000e+00	   0.000000e+00	   0.000000e+00	   0.000000e+00	   0.000000e+00	   0.000000e+00	   0.000000e+00	   0.000000e+00	   0.000000e+00	   0.000000e+00	   0.000000e+00	   0.000000e+00	   0.000000e+00	   0.000000e+00	   0.000000e+00	   1.000000e+00	   0.000000e+00	   0.000000e+00	   0.000000e+00	   0.000000e+00	   0.000000e+00	   0.000000e+00	   0.000000e+00	   0.000000e+00	   0.000000e+00	   0.000000e+00	   0.000000e+00	   0.000000e+00	   0.000000e+00	   0.000000e+00	   0.000000e+00	   0.000000e+00	   0.000000e+00	   0.000000e+00	   0.000000e+00	   0.000000e+00	   0.000000e+00	   0.000000e+00	   0.000000e+00	   0.000000e+00	   0.000000e+00	   0.000000e+00	   0.000000e+00	   0.000000e+00	   0.000000e+00	   0.000000e+00	   0.000000e+00	   0.000000e+00	   0.000000e+00	   0.000000e+00	   0.000000e+00	   0.000000e+00	   2.026500e+06
   2.935872e-05	   4.500000e+02	   0.000000e+00	   0.000000e+00	   0.000000e+00	   0.000000e+00	   0.000000e+00	   0.000000e+00	   0.000000e+00	   0.000000e+00	   0.000000e+00	   0.000000e+00	   0.000000e+00	   0.000000e+00	   0.000000e+00	   0.000000e+00	   0.000000e+00	   0.000000e+00	   0.000000e+00	   0.000000e+00	   0.000000e+00	   0.000000e+00	   0.000000e+00	   0.000000e+00	   0.000000e+00	   0.000000e+00	   0.000000e+00	   0.000000e+00	   0.000000e+00	   0.000000e+00	   0.000000e+00	   0.000000e+00	   0.000000e+00	   0.000000e+00	   0.000000e+00	   0.000000e+00	   0.000000e+00	   0.000000e+00	   0.000000e+00	   1.000000e+00	   0.000000e+00	   0.000000e+00	   0.000000e+00	   0.000000e+00	   0.000000e+00	   0.000000e+00	   0.000000e+00	   0.000000e+00	   0.000000e+00	   0.000000e+00	   0.000000e+00	   0.000000e+00	   0.000000e+00	   0.000000e+00	   0.000000e+00	   0.000000e+00	   0.000000e+00	   0.000000e+00	   0.000000e+00	   0.000000e+00	   0.000000e+00	   0.000000e+00	   0.000000e+00	   0.000000e+00	   0.000000e+00	   0.000000e+00	   0.000000e+00	   0.000000e+00	   0.000000e+00	   0.000000e+00	   0.000000e+00	   0.000000e+00	   0.000000e+00	   0.000000e+00	   0.000000e+00	   0.000000e+00	   2.026500e+06
   2.945892e-05	   4.500000e+02	   0.000000e+00	   0.000000e+00	   0.000000e+00	   0.000000e+00	   0.000000e+00	   0.000000e+00	   0.000000e+00	   0.000000e+00	   0.000000e+00	   0.000000e+00	   0.000000e+00	   0.000000e+00	   0.000000e+00	   0.000000e+00	   0.000000e+00	   0.000000e+00	   0.000000e+00	   0.000000e+00	   0.000000e+00	   0.000000e+00	   0.000000e+00	   0.000000e+00	   0.000000e+00	   0.000000e+00	   0.000000e+00	   0.000000e+00	   0.000000e+00	   0.000000e+00	   0.000000e+00	   0.000000e+00	   0.000000e+00	   0.000000e+00	   0.000000e+00	   0.000000e+00	   0.000000e+00	   0.000000e+00	   0.000000e+00	   1.000000e+00	   0.000000e+00	   0.000000e+00	   0.000000e+00	   0.000000e+00	   0.000000e+00	   0.000000e+00	   0.000000e+00	   0.000000e+00	   0.000000e+00	   0.000000e+00	   0.000000e+00	   0.000000e+00	   0.000000e+00	   0.000000e+00	   0.000000e+00	   0.000000e+00	   0.000000e+00	   0.000000e+00	   0.000000e+00	   0.000000e+00	   0.000000e+00	   0.000000e+00	   0.000000e+00	   0.000000e+00	   0.000000e+00	   0.000000e+00	   0.000000e+00	   0.000000e+00	   0.000000e+00	   0.000000e+00	   0.000000e+00	   0.000000e+00	   0.000000e+00	   0.000000e+00	   0.000000e+00	   0.000000e+00	   2.026500e+06
   2.955912e-05	   4.500000e+02	   0.000000e+00	   0.000000e+00	   0.000000e+00	   0.000000e+00	   0.000000e+00	   0.000000e+00	   0.000000e+00	   0.000000e+00	   0.000000e+00	   0.000000e+00	   0.000000e+00	   0.000000e+00	   0.000000e+00	   0.000000e+00	   0.000000e+00	   0.000000e+00	   0.000000e+00	   0.000000e+00	   0.000000e+00	   0.000000e+00	   0.000000e+00	   0.000000e+00	   0.000000e+00	   0.000000e+00	   0.000000e+00	   0.000000e+00	   0.000000e+00	   0.000000e+00	   0.000000e+00	   0.000000e+00	   0.000000e+00	   0.000000e+00	   0.000000e+00	   0.000000e+00	   0.000000e+00	   0.000000e+00	   0.000000e+00	   1.000000e+00	   0.000000e+00	   0.000000e+00	   0.000000e+00	   0.000000e+00	   0.000000e+00	   0.000000e+00	   0.000000e+00	   0.000000e+00	   0.000000e+00	   0.000000e+00	   0.000000e+00	   0.000000e+00	   0.000000e+00	   0.000000e+00	   0.000000e+00	   0.000000e+00	   0.000000e+00	   0.000000e+00	   0.000000e+00	   0.000000e+00	   0.000000e+00	   0.000000e+00	   0.000000e+00	   0.000000e+00	   0.000000e+00	   0.000000e+00	   0.000000e+00	   0.000000e+00	   0.000000e+00	   0.000000e+00	   0.000000e+00	   0.000000e+00	   0.000000e+00	   0.000000e+00	   0.000000e+00	   0.000000e+00	   2.026500e+06
   2.965932e-05	   4.500000e+02	   0.000000e+00	   0.000000e+00	   0.000000e+00	   0.000000e+00	   0.000000e+00	   0.000000e+00	   0.000000e+00	   0.000000e+00	   0.000000e+00	   0.000000e+00	   0.000000e+00	   0.000000e+00	   0.000000e+00	   0.000000e+00	   0.000000e+00	   0.000000e+00	   0.000000e+00	   0.000000e+00	   0.000000e+00	   0.000000e+00	   0.000000e+00	   0.000000e+00	   0.000000e+00	   0.000000e+00	   0.000000e+00	   0.000000e+00	   0.000000e+00	   0.000000e+00	   0.000000e+00	   0.000000e+00	   0.000000e+00	   0.000000e+00	   0.000000e+00	   0.000000e+00	   0.000000e+00	   0.000000e+00	   0.000000e+00	   1.000000e+00	   0.000000e+00	   0.000000e+00	   0.000000e+00	   0.000000e+00	   0.000000e+00	   0.000000e+00	   0.000000e+00	   0.000000e+00	   0.000000e+00	   0.000000e+00	   0.000000e+00	   0.000000e+00	   0.000000e+00	   0.000000e+00	   0.000000e+00	   0.000000e+00	   0.000000e+00	   0.000000e+00	   0.000000e+00	   0.000000e+00	   0.000000e+00	   0.000000e+00	   0.000000e+00	   0.000000e+00	   0.000000e+00	   0.000000e+00	   0.000000e+00	   0.000000e+00	   0.000000e+00	   0.000000e+00	   0.000000e+00	   0.000000e+00	   0.000000e+00	   0.000000e+00	   0.000000e+00	   0.000000e+00	   2.026500e+06
   2.975952e-05	   4.500000e+02	   0.000000e+00	   0.000000e+00	   0.000000e+00	   0.000000e+00	   0.000000e+00	   0.000000e+00	   0.000000e+00	   0.000000e+00	   0.000000e+00	   0.000000e+00	   0.000000e+00	   0.000000e+00	   0.000000e+00	   0.000000e+00	   0.000000e+00	   0.000000e+00	   0.000000e+00	   0.000000e+00	   0.000000e+00	   0.000000e+00	   0.000000e+00	   0.000000e+00	   0.000000e+00	   0.000000e+00	   0.000000e+00	   0.000000e+00	   0.000000e+00	   0.000000e+00	   0.000000e+00	   0.000000e+00	   0.000000e+00	   0.000000e+00	   0.000000e+00	   0.000000e+00	   0.000000e+00	   0.000000e+00	   0.000000e+00	   1.000000e+00	   0.000000e+00	   0.000000e+00	   0.000000e+00	   0.000000e+00	   0.000000e+00	   0.000000e+00	   0.000000e+00	   0.000000e+00	   0.000000e+00	   0.000000e+00	   0.000000e+00	   0.000000e+00	   0.000000e+00	   0.000000e+00	   0.000000e+00	   0.000000e+00	   0.000000e+00	   0.000000e+00	   0.000000e+00	   0.000000e+00	   0.000000e+00	   0.000000e+00	   0.000000e+00	   0.000000e+00	   0.000000e+00	   0.000000e+00	   0.000000e+00	   0.000000e+00	   0.000000e+00	   0.000000e+00	   0.000000e+00	   0.000000e+00	   0.000000e+00	   0.000000e+00	   0.000000e+00	   0.000000e+00	   2.026500e+06
   2.985972e-05	   4.500000e+02	   0.000000e+00	   0.000000e+00	   0.000000e+00	   0.000000e+00	   0.000000e+00	   0.000000e+00	   0.000000e+00	   0.000000e+00	   0.000000e+00	   0.000000e+00	   0.000000e+00	   0.000000e+00	   0.000000e+00	   0.000000e+00	   0.000000e+00	   0.000000e+00	   0.000000e+00	   0.000000e+00	   0.000000e+00	   0.000000e+00	   0.000000e+00	   0.000000e+00	   0.000000e+00	   0.000000e+00	   0.000000e+00	   0.000000e+00	   0.000000e+00	   0.000000e+00	   0.000000e+00	   0.000000e+00	   0.000000e+00	   0.000000e+00	   0.000000e+00	   0.000000e+00	   0.000000e+00	   0.000000e+00	   0.000000e+00	   1.000000e+00	   0.000000e+00	   0.000000e+00	   0.000000e+00	   0.000000e+00	   0.000000e+00	   0.000000e+00	   0.000000e+00	   0.000000e+00	   0.000000e+00	   0.000000e+00	   0.000000e+00	   0.000000e+00	   0.000000e+00	   0.000000e+00	   0.000000e+00	   0.000000e+00	   0.000000e+00	   0.000000e+00	   0.000000e+00	   0.000000e+00	   0.000000e+00	   0.000000e+00	   0.000000e+00	   0.000000e+00	   0.000000e+00	   0.000000e+00	   0.000000e+00	   0.000000e+00	   0.000000e+00	   0.000000e+00	   0.000000e+00	   0.000000e+00	   0.000000e+00	   0.000000e+00	   0.000000e+00	   0.000000e+00	   2.026500e+06
   2.995992e-05	   4.500000e+02	   0.000000e+00	   0.000000e+00	   0.000000e+00	   0.000000e+00	   0.000000e+00	   0.000000e+00	   0.000000e+00	   0.000000e+00	   0.000000e+00	   0.000000e+00	   0.000000e+00	   0.000000e+00	   0.000000e+00	   0.000000e+00	   0.000000e+00	   0.000000e+00	   0.000000e+00	   0.000000e+00	   0.000000e+00	   0.000000e+00	   0.000000e+00	   0.000000e+00	   0.000000e+00	   0.000000e+00	   0.000000e+00	   0.000000e+00	   0.000000e+00	   0.000000e+00	   0.000000e+00	   0.000000e+00	   0.000000e+00	   0.000000e+00	   0.000000e+00	   0.000000e+00	   0.000000e+00	   0.000000e+00	   0.000000e+00	   1.000000e+00	   0.000000e+00	   0.000000e+00	   0.000000e+00	   0.000000e+00	   0.000000e+00	   0.000000e+00	   0.000000e+00	   0.000000e+00	   0.000000e+00	   0.000000e+00	   0.000000e+00	   0.000000e+00	   0.000000e+00	   0.000000e+00	   0.000000e+00	   0.000000e+00	   0.000000e+00	   0.000000e+00	   0.000000e+00	   0.000000e+00	   0.000000e+00	   0.000000e+00	   0.000000e+00	   0.000000e+00	   0.000000e+00	   0.000000e+00	   0.000000e+00	   0.000000e+00	   0.000000e+00	   0.000000e+00	   0.000000e+00	   0.000000e+00	   0.000000e+00	   0.000000e+00	   0.000000e+00	   0.000000e+00	   2.026500e+06
   3.006012e-05	   4.500000e+02	   0.000000e+00	   0.000000e+00	   0.000000e+00	   0.000000e+00	   0.000000e+00	   0.000000e+00	   0.000000e+00	   0.000000e+00	   0.000000e+00	   0.000000e+00	   0.000000e+00	   0.000000e+00	   0.000000e+00	   0.000000e+00	   0.000000e+00	   0.000000e+00	   0.000000e+00	   0.000000e+00	   0.000000e+00	   0.000000e+00	   0.000000e+00	   0.000000e+00	   0.000000e+00	   0.000000e+00	   0.000000e+00	   0.000000e+00	   0.000000e+00	   0.000000e+00	   0.000000e+00	   0.000000e+00	   0.000000e+00	   0.000000e+00	   0.000000e+00	   0.000000e+00	   0.000000e+00	   0.000000e+00	   0.000000e+00	   1.000000e+00	   0.000000e+00	   0.000000e+00	   0.000000e+00	   0.000000e+00	   0.000000e+00	   0.000000e+00	   0.000000e+00	   0.000000e+00	   0.000000e+00	   0.000000e+00	   0.000000e+00	   0.000000e+00	   0.000000e+00	   0.000000e+00	   0.000000e+00	   0.000000e+00	   0.000000e+00	   0.000000e+00	   0.000000e+00	   0.000000e+00	   0.000000e+00	   0.000000e+00	   0.000000e+00	   0.000000e+00	   0.000000e+00	   0.000000e+00	   0.000000e+00	   0.000000e+00	   0.000000e+00	   0.000000e+00	   0.000000e+00	   0.000000e+00	   0.000000e+00	   0.000000e+00	   0.000000e+00	   0.000000e+00	   2.026500e+06
   3.016032e-05	   4.500000e+02	   0.000000e+00	   0.000000e+00	   0.000000e+00	   0.000000e+00	   0.000000e+00	   0.000000e+00	   0.000000e+00	   0.000000e+00	   0.000000e+00	   0.000000e+00	   0.000000e+00	   0.000000e+00	   0.000000e+00	   0.000000e+00	   0.000000e+00	   0.000000e+00	   0.000000e+00	   0.000000e+00	   0.000000e+00	   0.000000e+00	   0.000000e+00	   0.000000e+00	   0.000000e+00	   0.000000e+00	   0.000000e+00	   0.000000e+00	   0.000000e+00	   0.000000e+00	   0.000000e+00	   0.000000e+00	   0.000000e+00	   0.000000e+00	   0.000000e+00	   0.000000e+00	   0.000000e+00	   0.000000e+00	   0.000000e+00	   1.000000e+00	   0.000000e+00	   0.000000e+00	   0.000000e+00	   0.000000e+00	   0.000000e+00	   0.000000e+00	   0.000000e+00	   0.000000e+00	   0.000000e+00	   0.000000e+00	   0.000000e+00	   0.000000e+00	   0.000000e+00	   0.000000e+00	   0.000000e+00	   0.000000e+00	   0.000000e+00	   0.000000e+00	   0.000000e+00	   0.000000e+00	   0.000000e+00	   0.000000e+00	   0.000000e+00	   0.000000e+00	   0.000000e+00	   0.000000e+00	   0.000000e+00	   0.000000e+00	   0.000000e+00	   0.000000e+00	   0.000000e+00	   0.000000e+00	   0.000000e+00	   0.000000e+00	   0.000000e+00	   0.000000e+00	   2.026500e+06
   3.026052e-05	   4.500000e+02	   0.000000e+00	   0.000000e+00	   0.000000e+00	   0.000000e+00	   0.000000e+00	   0.000000e+00	   0.000000e+00	   0.000000e+00	   0.000000e+00	   0.000000e+00	   0.000000e+00	   0.000000e+00	   0.000000e+00	   0.000000e+00	   0.000000e+00	   0.000000e+00	   0.000000e+00	   0.000000e+00	   0.000000e+00	   0.000000e+00	   0.000000e+00	   0.000000e+00	   0.000000e+00	   0.000000e+00	   0.000000e+00	   0.000000e+00	   0.000000e+00	   0.000000e+00	   0.000000e+00	   0.000000e+00	   0.000000e+00	   0.000000e+00	   0.000000e+00	   0.000000e+00	   0.000000e+00	   0.000000e+00	   0.000000e+00	   1.000000e+00	   0.000000e+00	   0.000000e+00	   0.000000e+00	   0.000000e+00	   0.000000e+00	   0.000000e+00	   0.000000e+00	   0.000000e+00	   0.000000e+00	   0.000000e+00	   0.000000e+00	   0.000000e+00	   0.000000e+00	   0.000000e+00	   0.000000e+00	   0.000000e+00	   0.000000e+00	   0.000000e+00	   0.000000e+00	   0.000000e+00	   0.000000e+00	   0.000000e+00	   0.000000e+00	   0.000000e+00	   0.000000e+00	   0.000000e+00	   0.000000e+00	   0.000000e+00	   0.000000e+00	   0.000000e+00	   0.000000e+00	   0.000000e+00	   0.000000e+00	   0.000000e+00	   0.000000e+00	   0.000000e+00	   2.026500e+06
   3.036072e-05	   4.500000e+02	   0.000000e+00	   0.000000e+00	   0.000000e+00	   0.000000e+00	   0.000000e+00	   0.000000e+00	   0.000000e+00	   0.000000e+00	   0.000000e+00	   0.000000e+00	   0.000000e+00	   0.000000e+00	   0.000000e+00	   0.000000e+00	   0.000000e+00	   0.000000e+00	   0.000000e+00	   0.000000e+00	   0.000000e+00	   0.000000e+00	   0.000000e+00	   0.000000e+00	   0.000000e+00	   0.000000e+00	   0.000000e+00	   0.000000e+00	   0.000000e+00	   0.000000e+00	   0.000000e+00	   0.000000e+00	   0.000000e+00	   0.000000e+00	   0.000000e+00	   0.000000e+00	   0.000000e+00	   0.000000e+00	   0.000000e+00	   1.000000e+00	   0.000000e+00	   0.000000e+00	   0.000000e+00	   0.000000e+00	   0.000000e+00	   0.000000e+00	   0.000000e+00	   0.000000e+00	   0.000000e+00	   0.000000e+00	   0.000000e+00	   0.000000e+00	   0.000000e+00	   0.000000e+00	   0.000000e+00	   0.000000e+00	   0.000000e+00	   0.000000e+00	   0.000000e+00	   0.000000e+00	   0.000000e+00	   0.000000e+00	   0.000000e+00	   0.000000e+00	   0.000000e+00	   0.000000e+00	   0.000000e+00	   0.000000e+00	   0.000000e+00	   0.000000e+00	   0.000000e+00	   0.000000e+00	   0.000000e+00	   0.000000e+00	   0.000000e+00	   0.000000e+00	   2.026500e+06
   3.046092e-05	   4.500000e+02	   0.000000e+00	   0.000000e+00	   0.000000e+00	   0.000000e+00	   0.000000e+00	   0.000000e+00	   0.000000e+00	   0.000000e+00	   0.000000e+00	   0.000000e+00	   0.000000e+00	   0.000000e+00	   0.000000e+00	   0.000000e+00	   0.000000e+00	   0.000000e+00	   0.000000e+00	   0.000000e+00	   0.000000e+00	   0.000000e+00	   0.000000e+00	   0.000000e+00	   0.000000e+00	   0.000000e+00	   0.000000e+00	   0.000000e+00	   0.000000e+00	   0.000000e+00	   0.000000e+00	   0.000000e+00	   0.000000e+00	   0.000000e+00	   0.000000e+00	   0.000000e+00	   0.000000e+00	   0.000000e+00	   0.000000e+00	   1.000000e+00	   0.000000e+00	   0.000000e+00	   0.000000e+00	   0.000000e+00	   0.000000e+00	   0.000000e+00	   0.000000e+00	   0.000000e+00	   0.000000e+00	   0.000000e+00	   0.000000e+00	   0.000000e+00	   0.000000e+00	   0.000000e+00	   0.000000e+00	   0.000000e+00	   0.000000e+00	   0.000000e+00	   0.000000e+00	   0.000000e+00	   0.000000e+00	   0.000000e+00	   0.000000e+00	   0.000000e+00	   0.000000e+00	   0.000000e+00	   0.000000e+00	   0.000000e+00	   0.000000e+00	   0.000000e+00	   0.000000e+00	   0.000000e+00	   0.000000e+00	   0.000000e+00	   0.000000e+00	   0.000000e+00	   2.026500e+06
   3.056112e-05	   4.500000e+02	   0.000000e+00	   0.000000e+00	   0.000000e+00	   0.000000e+00	   0.000000e+00	   0.000000e+00	   0.000000e+00	   0.000000e+00	   0.000000e+00	   0.000000e+00	   0.000000e+00	   0.000000e+00	   0.000000e+00	   0.000000e+00	   0.000000e+00	   0.000000e+00	   0.000000e+00	   0.000000e+00	   0.000000e+00	   0.000000e+00	   0.000000e+00	   0.000000e+00	   0.000000e+00	   0.000000e+00	   0.000000e+00	   0.000000e+00	   0.000000e+00	   0.000000e+00	   0.000000e+00	   0.000000e+00	   0.000000e+00	   0.000000e+00	   0.000000e+00	   0.000000e+00	   0.000000e+00	   0.000000e+00	   0.000000e+00	   1.000000e+00	   0.000000e+00	   0.000000e+00	   0.000000e+00	   0.000000e+00	   0.000000e+00	   0.000000e+00	   0.000000e+00	   0.000000e+00	   0.000000e+00	   0.000000e+00	   0.000000e+00	   0.000000e+00	   0.000000e+00	   0.000000e+00	   0.000000e+00	   0.000000e+00	   0.000000e+00	   0.000000e+00	   0.000000e+00	   0.000000e+00	   0.000000e+00	   0.000000e+00	   0.000000e+00	   0.000000e+00	   0.000000e+00	   0.000000e+00	   0.000000e+00	   0.000000e+00	   0.000000e+00	   0.000000e+00	   0.000000e+00	   0.000000e+00	   0.000000e+00	   0.000000e+00	   0.000000e+00	   0.000000e+00	   2.026500e+06
   3.066132e-05	   4.500000e+02	   0.000000e+00	   0.000000e+00	   0.000000e+00	   0.000000e+00	   0.000000e+00	   0.000000e+00	   0.000000e+00	   0.000000e+00	   0.000000e+00	   0.000000e+00	   0.000000e+00	   0.000000e+00	   0.000000e+00	   0.000000e+00	   0.000000e+00	   0.000000e+00	   0.000000e+00	   0.000000e+00	   0.000000e+00	   0.000000e+00	   0.000000e+00	   0.000000e+00	   0.000000e+00	   0.000000e+00	   0.000000e+00	   0.000000e+00	   0.000000e+00	   0.000000e+00	   0.000000e+00	   0.000000e+00	   0.000000e+00	   0.000000e+00	   0.000000e+00	   0.000000e+00	   0.000000e+00	   0.000000e+00	   0.000000e+00	   1.000000e+00	   0.000000e+00	   0.000000e+00	   0.000000e+00	   0.000000e+00	   0.000000e+00	   0.000000e+00	   0.000000e+00	   0.000000e+00	   0.000000e+00	   0.000000e+00	   0.000000e+00	   0.000000e+00	   0.000000e+00	   0.000000e+00	   0.000000e+00	   0.000000e+00	   0.000000e+00	   0.000000e+00	   0.000000e+00	   0.000000e+00	   0.000000e+00	   0.000000e+00	   0.000000e+00	   0.000000e+00	   0.000000e+00	   0.000000e+00	   0.000000e+00	   0.000000e+00	   0.000000e+00	   0.000000e+00	   0.000000e+00	   0.000000e+00	   0.000000e+00	   0.000000e+00	   0.000000e+00	   0.000000e+00	   2.026500e+06
   3.076152e-05	   4.500000e+02	   0.000000e+00	   0.000000e+00	   0.000000e+00	   0.000000e+00	   0.000000e+00	   0.000000e+00	   0.000000e+00	   0.000000e+00	   0.000000e+00	   0.000000e+00	   0.000000e+00	   0.000000e+00	   0.000000e+00	   0.000000e+00	   0.000000e+00	   0.000000e+00	   0.000000e+00	   0.000000e+00	   0.000000e+00	   0.000000e+00	   0.000000e+00	   0.000000e+00	   0.000000e+00	   0.000000e+00	   0.000000e+00	   0.000000e+00	   0.000000e+00	   0.000000e+00	   0.000000e+00	   0.000000e+00	   0.000000e+00	   0.000000e+00	   0.000000e+00	   0.000000e+00	   0.000000e+00	   0.000000e+00	   0.000000e+00	   1.000000e+00	   0.000000e+00	   0.000000e+00	   0.000000e+00	   0.000000e+00	   0.000000e+00	   0.000000e+00	   0.000000e+00	   0.000000e+00	   0.000000e+00	   0.000000e+00	   0.000000e+00	   0.000000e+00	   0.000000e+00	   0.000000e+00	   0.000000e+00	   0.000000e+00	   0.000000e+00	   0.000000e+00	   0.000000e+00	   0.000000e+00	   0.000000e+00	   0.000000e+00	   0.000000e+00	   0.000000e+00	   0.000000e+00	   0.000000e+00	   0.000000e+00	   0.000000e+00	   0.000000e+00	   0.000000e+00	   0.000000e+00	   0.000000e+00	   0.000000e+00	   0.000000e+00	   0.000000e+00	   0.000000e+00	   2.026500e+06
   3.086172e-05	   4.500000e+02	   0.000000e+00	   0.000000e+00	   0.000000e+00	   0.000000e+00	   0.000000e+00	   0.000000e+00	   0.000000e+00	   0.000000e+00	   0.000000e+00	   0.000000e+00	   0.000000e+00	   0.000000e+00	   0.000000e+00	   0.000000e+00	   0.000000e+00	   0.000000e+00	   0.000000e+00	   0.000000e+00	   0.000000e+00	   0.000000e+00	   0.000000e+00	   0.000000e+00	   0.000000e+00	   0.000000e+00	   0.000000e+00	   0.000000e+00	   0.000000e+00	   0.000000e+00	   0.000000e+00	   0.000000e+00	   0.000000e+00	   0.000000e+00	   0.000000e+00	   0.000000e+00	   0.000000e+00	   0.000000e+00	   0.000000e+00	   1.000000e+00	   0.000000e+00	   0.000000e+00	   0.000000e+00	   0.000000e+00	   0.000000e+00	   0.000000e+00	   0.000000e+00	   0.000000e+00	   0.000000e+00	   0.000000e+00	   0.000000e+00	   0.000000e+00	   0.000000e+00	   0.000000e+00	   0.000000e+00	   0.000000e+00	   0.000000e+00	   0.000000e+00	   0.000000e+00	   0.000000e+00	   0.000000e+00	   0.000000e+00	   0.000000e+00	   0.000000e+00	   0.000000e+00	   0.000000e+00	   0.000000e+00	   0.000000e+00	   0.000000e+00	   0.000000e+00	   0.000000e+00	   0.000000e+00	   0.000000e+00	   0.000000e+00	   0.000000e+00	   0.000000e+00	   2.026500e+06
   3.096192e-05	   4.500000e+02	   0.000000e+00	   0.000000e+00	   0.000000e+00	   0.000000e+00	   0.000000e+00	   0.000000e+00	   0.000000e+00	   0.000000e+00	   0.000000e+00	   0.000000e+00	   0.000000e+00	   0.000000e+00	   0.000000e+00	   0.000000e+00	   0.000000e+00	   0.000000e+00	   0.000000e+00	   0.000000e+00	   0.000000e+00	   0.000000e+00	   0.000000e+00	   0.000000e+00	   0.000000e+00	   0.000000e+00	   0.000000e+00	   0.000000e+00	   0.000000e+00	   0.000000e+00	   0.000000e+00	   0.000000e+00	   0.000000e+00	   0.000000e+00	   0.000000e+00	   0.000000e+00	   0.000000e+00	   0.000000e+00	   0.000000e+00	   1.000000e+00	   0.000000e+00	   0.000000e+00	   0.000000e+00	   0.000000e+00	   0.000000e+00	   0.000000e+00	   0.000000e+00	   0.000000e+00	   0.000000e+00	   0.000000e+00	   0.000000e+00	   0.000000e+00	   0.000000e+00	   0.000000e+00	   0.000000e+00	   0.000000e+00	   0.000000e+00	   0.000000e+00	   0.000000e+00	   0.000000e+00	   0.000000e+00	   0.000000e+00	   0.000000e+00	   0.000000e+00	   0.000000e+00	   0.000000e+00	   0.000000e+00	   0.000000e+00	   0.000000e+00	   0.000000e+00	   0.000000e+00	   0.000000e+00	   0.000000e+00	   0.000000e+00	   0.000000e+00	   0.000000e+00	   2.026500e+06
   3.106212e-05	   4.500000e+02	   0.000000e+00	   0.000000e+00	   0.000000e+00	   0.000000e+00	   0.000000e+00	   0.000000e+00	   0.000000e+00	   0.000000e+00	   0.000000e+00	   0.000000e+00	   0.000000e+00	   0.000000e+00	   0.000000e+00	   0.000000e+00	   0.000000e+00	   0.000000e+00	   0.000000e+00	   0.000000e+00	   0.000000e+00	   0.000000e+00	   0.000000e+00	   0.000000e+00	   0.000000e+00	   0.000000e+00	   0.000000e+00	   0.000000e+00	   0.000000e+00	   0.000000e+00	   0.000000e+00	   0.000000e+00	   0.000000e+00	   0.000000e+00	   0.000000e+00	   0.000000e+00	   0.000000e+00	   0.000000e+00	   0.000000e+00	   1.000000e+00	   0.000000e+00	   0.000000e+00	   0.000000e+00	   0.000000e+00	   0.000000e+00	   0.000000e+00	   0.000000e+00	   0.000000e+00	   0.000000e+00	   0.000000e+00	   0.000000e+00	   0.000000e+00	   0.000000e+00	   0.000000e+00	   0.000000e+00	   0.000000e+00	   0.000000e+00	   0.000000e+00	   0.000000e+00	   0.000000e+00	   0.000000e+00	   0.000000e+00	   0.000000e+00	   0.000000e+00	   0.000000e+00	   0.000000e+00	   0.000000e+00	   0.000000e+00	   0.000000e+00	   0.000000e+00	   0.000000e+00	   0.000000e+00	   0.000000e+00	   0.000000e+00	   0.000000e+00	   0.000000e+00	   2.026500e+06
   3.116232e-05	   4.500000e+02	   0.000000e+00	   0.000000e+00	   0.000000e+00	   0.000000e+00	   0.000000e+00	   0.000000e+00	   0.000000e+00	   0.000000e+00	   0.000000e+00	   0.000000e+00	   0.000000e+00	   0.000000e+00	   0.000000e+00	   0.000000e+00	   0.000000e+00	   0.000000e+00	   0.000000e+00	   0.000000e+00	   0.000000e+00	   0.000000e+00	   0.000000e+00	   0.000000e+00	   0.000000e+00	   0.000000e+00	   0.000000e+00	   0.000000e+00	   0.000000e+00	   0.000000e+00	   0.000000e+00	   0.000000e+00	   0.000000e+00	   0.000000e+00	   0.000000e+00	   0.000000e+00	   0.000000e+00	   0.000000e+00	   0.000000e+00	   1.000000e+00	   0.000000e+00	   0.000000e+00	   0.000000e+00	   0.000000e+00	   0.000000e+00	   0.000000e+00	   0.000000e+00	   0.000000e+00	   0.000000e+00	   0.000000e+00	   0.000000e+00	   0.000000e+00	   0.000000e+00	   0.000000e+00	   0.000000e+00	   0.000000e+00	   0.000000e+00	   0.000000e+00	   0.000000e+00	   0.000000e+00	   0.000000e+00	   0.000000e+00	   0.000000e+00	   0.000000e+00	   0.000000e+00	   0.000000e+00	   0.000000e+00	   0.000000e+00	   0.000000e+00	   0.000000e+00	   0.000000e+00	   0.000000e+00	   0.000000e+00	   0.000000e+00	   0.000000e+00	   0.000000e+00	   2.026500e+06
   3.126253e-05	   4.500000e+02	   0.000000e+00	   0.000000e+00	   0.000000e+00	   0.000000e+00	   0.000000e+00	   0.000000e+00	   0.000000e+00	   0.000000e+00	   0.000000e+00	   0.000000e+00	   0.000000e+00	   0.000000e+00	   0.000000e+00	   0.000000e+00	   0.000000e+00	   0.000000e+00	   0.000000e+00	   0.000000e+00	   0.000000e+00	   0.000000e+00	   0.000000e+00	   0.000000e+00	   0.000000e+00	   0.000000e+00	   0.000000e+00	   0.000000e+00	   0.000000e+00	   0.000000e+00	   0.000000e+00	   0.000000e+00	   0.000000e+00	   0.000000e+00	   0.000000e+00	   0.000000e+00	   0.000000e+00	   0.000000e+00	   0.000000e+00	   1.000000e+00	   0.000000e+00	   0.000000e+00	   0.000000e+00	   0.000000e+00	   0.000000e+00	   0.000000e+00	   0.000000e+00	   0.000000e+00	   0.000000e+00	   0.000000e+00	   0.000000e+00	   0.000000e+00	   0.000000e+00	   0.000000e+00	   0.000000e+00	   0.000000e+00	   0.000000e+00	   0.000000e+00	   0.000000e+00	   0.000000e+00	   0.000000e+00	   0.000000e+00	   0.000000e+00	   0.000000e+00	   0.000000e+00	   0.000000e+00	   0.000000e+00	   0.000000e+00	   0.000000e+00	   0.000000e+00	   0.000000e+00	   0.000000e+00	   0.000000e+00	   0.000000e+00	   0.000000e+00	   0.000000e+00	   2.026500e+06
   3.136273e-05	   4.500000e+02	   0.000000e+00	   0.000000e+00	   0.000000e+00	   0.000000e+00	   0.000000e+00	   0.000000e+00	   0.000000e+00	   0.000000e+00	   0.000000e+00	   0.000000e+00	   0.000000e+00	   0.000000e+00	   0.000000e+00	   0.000000e+00	   0.000000e+00	   0.000000e+00	   0.000000e+00	   0.000000e+00	   0.000000e+00	   0.000000e+00	   0.000000e+00	   0.000000e+00	   0.000000e+00	   0.000000e+00	   0.000000e+00	   0.000000e+00	   0.000000e+00	   0.000000e+00	   0.000000e+00	   0.000000e+00	   0.000000e+00	   0.000000e+00	   0.000000e+00	   0.000000e+00	   0.000000e+00	   0.000000e+00	   0.000000e+00	   1.000000e+00	   0.000000e+00	   0.000000e+00	   0.000000e+00	   0.000000e+00	   0.000000e+00	   0.000000e+00	   0.000000e+00	   0.000000e+00	   0.000000e+00	   0.000000e+00	   0.000000e+00	   0.000000e+00	   0.000000e+00	   0.000000e+00	   0.000000e+00	   0.000000e+00	   0.000000e+00	   0.000000e+00	   0.000000e+00	   0.000000e+00	   0.000000e+00	   0.000000e+00	   0.000000e+00	   0.000000e+00	   0.000000e+00	   0.000000e+00	   0.000000e+00	   0.000000e+00	   0.000000e+00	   0.000000e+00	   0.000000e+00	   0.000000e+00	   0.000000e+00	   0.000000e+00	   0.000000e+00	   0.000000e+00	   2.026500e+06
   3.146293e-05	   4.500000e+02	   0.000000e+00	   0.000000e+00	   0.000000e+00	   0.000000e+00	   0.000000e+00	   0.000000e+00	   0.000000e+00	   0.000000e+00	   0.000000e+00	   0.000000e+00	   0.000000e+00	   0.000000e+00	   0.000000e+00	   0.000000e+00	   0.000000e+00	   0.000000e+00	   0.000000e+00	   0.000000e+00	   0.000000e+00	   0.000000e+00	   0.000000e+00	   0.000000e+00	   0.000000e+00	   0.000000e+00	   0.000000e+00	   0.000000e+00	   0.000000e+00	   0.000000e+00	   0.000000e+00	   0.000000e+00	   0.000000e+00	   0.000000e+00	   0.000000e+00	   0.000000e+00	   0.000000e+00	   0.000000e+00	   0.000000e+00	   1.000000e+00	   0.000000e+00	   0.000000e+00	   0.000000e+00	   0.000000e+00	   0.000000e+00	   0.000000e+00	   0.000000e+00	   0.000000e+00	   0.000000e+00	   0.000000e+00	   0.000000e+00	   0.000000e+00	   0.000000e+00	   0.000000e+00	   0.000000e+00	   0.000000e+00	   0.000000e+00	   0.000000e+00	   0.000000e+00	   0.000000e+00	   0.000000e+00	   0.000000e+00	   0.000000e+00	   0.000000e+00	   0.000000e+00	   0.000000e+00	   0.000000e+00	   0.000000e+00	   0.000000e+00	   0.000000e+00	   0.000000e+00	   0.000000e+00	   0.000000e+00	   0.000000e+00	   0.000000e+00	   0.000000e+00	   2.026500e+06
   3.156313e-05	   4.500000e+02	   0.000000e+00	   0.000000e+00	   0.000000e+00	   0.000000e+00	   0.000000e+00	   0.000000e+00	   0.000000e+00	   0.000000e+00	   0.000000e+00	   0.000000e+00	   0.000000e+00	   0.000000e+00	   0.000000e+00	   0.000000e+00	   0.000000e+00	   0.000000e+00	   0.000000e+00	   0.000000e+00	   0.000000e+00	   0.000000e+00	   0.000000e+00	   0.000000e+00	   0.000000e+00	   0.000000e+00	   0.000000e+00	   0.000000e+00	   0.000000e+00	   0.000000e+00	   0.000000e+00	   0.000000e+00	   0.000000e+00	   0.000000e+00	   0.000000e+00	   0.000000e+00	   0.000000e+00	   0.000000e+00	   0.000000e+00	   1.000000e+00	   0.000000e+00	   0.000000e+00	   0.000000e+00	   0.000000e+00	   0.000000e+00	   0.000000e+00	   0.000000e+00	   0.000000e+00	   0.000000e+00	   0.000000e+00	   0.000000e+00	   0.000000e+00	   0.000000e+00	   0.000000e+00	   0.000000e+00	   0.000000e+00	   0.000000e+00	   0.000000e+00	   0.000000e+00	   0.000000e+00	   0.000000e+00	   0.000000e+00	   0.000000e+00	   0.000000e+00	   0.000000e+00	   0.000000e+00	   0.000000e+00	   0.000000e+00	   0.000000e+00	   0.000000e+00	   0.000000e+00	   0.000000e+00	   0.000000e+00	   0.000000e+00	   0.000000e+00	   0.000000e+00	   2.026500e+06
   3.166333e-05	   4.500000e+02	   0.000000e+00	   0.000000e+00	   0.000000e+00	   0.000000e+00	   0.000000e+00	   0.000000e+00	   0.000000e+00	   0.000000e+00	   0.000000e+00	   0.000000e+00	   0.000000e+00	   0.000000e+00	   0.000000e+00	   0.000000e+00	   0.000000e+00	   0.000000e+00	   0.000000e+00	   0.000000e+00	   0.000000e+00	   0.000000e+00	   0.000000e+00	   0.000000e+00	   0.000000e+00	   0.000000e+00	   0.000000e+00	   0.000000e+00	   0.000000e+00	   0.000000e+00	   0.000000e+00	   0.000000e+00	   0.000000e+00	   0.000000e+00	   0.000000e+00	   0.000000e+00	   0.000000e+00	   0.000000e+00	   0.000000e+00	   1.000000e+00	   0.000000e+00	   0.000000e+00	   0.000000e+00	   0.000000e+00	   0.000000e+00	   0.000000e+00	   0.000000e+00	   0.000000e+00	   0.000000e+00	   0.000000e+00	   0.000000e+00	   0.000000e+00	   0.000000e+00	   0.000000e+00	   0.000000e+00	   0.000000e+00	   0.000000e+00	   0.000000e+00	   0.000000e+00	   0.000000e+00	   0.000000e+00	   0.000000e+00	   0.000000e+00	   0.000000e+00	   0.000000e+00	   0.000000e+00	   0.000000e+00	   0.000000e+00	   0.000000e+00	   0.000000e+00	   0.000000e+00	   0.000000e+00	   0.000000e+00	   0.000000e+00	   0.000000e+00	   0.000000e+00	   2.026500e+06
   3.176353e-05	   4.500000e+02	   0.000000e+00	   0.000000e+00	   0.000000e+00	   0.000000e+00	   0.000000e+00	   0.000000e+00	   0.000000e+00	   0.000000e+00	   0.000000e+00	   0.000000e+00	   0.000000e+00	   0.000000e+00	   0.000000e+00	   0.000000e+00	   0.000000e+00	   0.000000e+00	   0.000000e+00	   0.000000e+00	   0.000000e+00	   0.000000e+00	   0.000000e+00	   0.000000e+00	   0.000000e+00	   0.000000e+00	   0.000000e+00	   0.000000e+00	   0.000000e+00	   0.000000e+00	   0.000000e+00	   0.000000e+00	   0.000000e+00	   0.000000e+00	   0.000000e+00	   0.000000e+00	   0.000000e+00	   0.000000e+00	   0.000000e+00	   1.000000e+00	   0.000000e+00	   0.000000e+00	   0.000000e+00	   0.000000e+00	   0.000000e+00	   0.000000e+00	   0.000000e+00	   0.000000e+00	   0.000000e+00	   0.000000e+00	   0.000000e+00	   0.000000e+00	   0.000000e+00	   0.000000e+00	   0.000000e+00	   0.000000e+00	   0.000000e+00	   0.000000e+00	   0.000000e+00	   0.000000e+00	   0.000000e+00	   0.000000e+00	   0.000000e+00	   0.000000e+00	   0.000000e+00	   0.000000e+00	   0.000000e+00	   0.000000e+00	   0.000000e+00	   0.000000e+00	   0.000000e+00	   0.000000e+00	   0.000000e+00	   0.000000e+00	   0.000000e+00	   0.000000e+00	   2.026500e+06
   3.186373e-05	   4.500000e+02	   0.000000e+00	   0.000000e+00	   0.000000e+00	   0.000000e+00	   0.000000e+00	   0.000000e+00	   0.000000e+00	   0.000000e+00	   0.000000e+00	   0.000000e+00	   0.000000e+00	   0.000000e+00	   0.000000e+00	   0.000000e+00	   0.000000e+00	   0.000000e+00	   0.000000e+00	   0.000000e+00	   0.000000e+00	   0.000000e+00	   0.000000e+00	   0.000000e+00	   0.000000e+00	   0.000000e+00	   0.000000e+00	   0.000000e+00	   0.000000e+00	   0.000000e+00	   0.000000e+00	   0.000000e+00	   0.000000e+00	   0.000000e+00	   0.000000e+00	   0.000000e+00	   0.000000e+00	   0.000000e+00	   0.000000e+00	   1.000000e+00	   0.000000e+00	   0.000000e+00	   0.000000e+00	   0.000000e+00	   0.000000e+00	   0.000000e+00	   0.000000e+00	   0.000000e+00	   0.000000e+00	   0.000000e+00	   0.000000e+00	   0.000000e+00	   0.000000e+00	   0.000000e+00	   0.000000e+00	   0.000000e+00	   0.000000e+00	   0.000000e+00	   0.000000e+00	   0.000000e+00	   0.000000e+00	   0.000000e+00	   0.000000e+00	   0.000000e+00	   0.000000e+00	   0.000000e+00	   0.000000e+00	   0.000000e+00	   0.000000e+00	   0.000000e+00	   0.000000e+00	   0.000000e+00	   0.000000e+00	   0.000000e+00	   0.000000e+00	   0.000000e+00	   2.026500e+06
   3.196393e-05	   4.500000e+02	   0.000000e+00	   0.000000e+00	   0.000000e+00	   0.000000e+00	   0.000000e+00	   0.000000e+00	   0.000000e+00	   0.000000e+00	   0.000000e+00	   0.000000e+00	   0.000000e+00	   0.000000e+00	   0.000000e+00	   0.000000e+00	   0.000000e+00	   0.000000e+00	   0.000000e+00	   0.000000e+00	   0.000000e+00	   0.000000e+00	   0.000000e+00	   0.000000e+00	   0.000000e+00	   0.000000e+00	   0.000000e+00	   0.000000e+00	   0.000000e+00	   0.000000e+00	   0.000000e+00	   0.000000e+00	   0.000000e+00	   0.000000e+00	   0.000000e+00	   0.000000e+00	   0.000000e+00	   0.000000e+00	   0.000000e+00	   1.000000e+00	   0.000000e+00	   0.000000e+00	   0.000000e+00	   0.000000e+00	   0.000000e+00	   0.000000e+00	   0.000000e+00	   0.000000e+00	   0.000000e+00	   0.000000e+00	   0.000000e+00	   0.000000e+00	   0.000000e+00	   0.000000e+00	   0.000000e+00	   0.000000e+00	   0.000000e+00	   0.000000e+00	   0.000000e+00	   0.000000e+00	   0.000000e+00	   0.000000e+00	   0.000000e+00	   0.000000e+00	   0.000000e+00	   0.000000e+00	   0.000000e+00	   0.000000e+00	   0.000000e+00	   0.000000e+00	   0.000000e+00	   0.000000e+00	   0.000000e+00	   0.000000e+00	   0.000000e+00	   0.000000e+00	   2.026500e+06
   3.206413e-05	   4.500000e+02	   0.000000e+00	   0.000000e+00	   0.000000e+00	   0.000000e+00	   0.000000e+00	   0.000000e+00	   0.000000e+00	   0.000000e+00	   0.000000e+00	   0.000000e+00	   0.000000e+00	   0.000000e+00	   0.000000e+00	   0.000000e+00	   0.000000e+00	   0.000000e+00	   0.000000e+00	   0.000000e+00	   0.000000e+00	   0.000000e+00	   0.000000e+00	   0.000000e+00	   0.000000e+00	   0.000000e+00	   0.000000e+00	   0.000000e+00	   0.000000e+00	   0.000000e+00	   0.000000e+00	   0.000000e+00	   0.000000e+00	   0.000000e+00	   0.000000e+00	   0.000000e+00	   0.000000e+00	   0.000000e+00	   0.000000e+00	   1.000000e+00	   0.000000e+00	   0.000000e+00	   0.000000e+00	   0.000000e+00	   0.000000e+00	   0.000000e+00	   0.000000e+00	   0.000000e+00	   0.000000e+00	   0.000000e+00	   0.000000e+00	   0.000000e+00	   0.000000e+00	   0.000000e+00	   0.000000e+00	   0.000000e+00	   0.000000e+00	   0.000000e+00	   0.000000e+00	   0.000000e+00	   0.000000e+00	   0.000000e+00	   0.000000e+00	   0.000000e+00	   0.000000e+00	   0.000000e+00	   0.000000e+00	   0.000000e+00	   0.000000e+00	   0.000000e+00	   0.000000e+00	   0.000000e+00	   0.000000e+00	   0.000000e+00	   0.000000e+00	   0.000000e+00	   2.026500e+06
   3.216433e-05	   4.500000e+02	   0.000000e+00	   0.000000e+00	   0.000000e+00	   0.000000e+00	   0.000000e+00	   0.000000e+00	   0.000000e+00	   0.000000e+00	   0.000000e+00	   0.000000e+00	   0.000000e+00	   0.000000e+00	   0.000000e+00	   0.000000e+00	   0.000000e+00	   0.000000e+00	   0.000000e+00	   0.000000e+00	   0.000000e+00	   0.000000e+00	   0.000000e+00	   0.000000e+00	   0.000000e+00	   0.000000e+00	   0.000000e+00	   0.000000e+00	   0.000000e+00	   0.000000e+00	   0.000000e+00	   0.000000e+00	   0.000000e+00	   0.000000e+00	   0.000000e+00	   0.000000e+00	   0.000000e+00	   0.000000e+00	   0.000000e+00	   1.000000e+00	   0.000000e+00	   0.000000e+00	   0.000000e+00	   0.000000e+00	   0.000000e+00	   0.000000e+00	   0.000000e+00	   0.000000e+00	   0.000000e+00	   0.000000e+00	   0.000000e+00	   0.000000e+00	   0.000000e+00	   0.000000e+00	   0.000000e+00	   0.000000e+00	   0.000000e+00	   0.000000e+00	   0.000000e+00	   0.000000e+00	   0.000000e+00	   0.000000e+00	   0.000000e+00	   0.000000e+00	   0.000000e+00	   0.000000e+00	   0.000000e+00	   0.000000e+00	   0.000000e+00	   0.000000e+00	   0.000000e+00	   0.000000e+00	   0.000000e+00	   0.000000e+00	   0.000000e+00	   0.000000e+00	   2.026500e+06
   3.226453e-05	   4.500000e+02	   0.000000e+00	   0.000000e+00	   0.000000e+00	   0.000000e+00	   0.000000e+00	   0.000000e+00	   0.000000e+00	   0.000000e+00	   0.000000e+00	   0.000000e+00	   0.000000e+00	   0.000000e+00	   0.000000e+00	   0.000000e+00	   0.000000e+00	   0.000000e+00	   0.000000e+00	   0.000000e+00	   0.000000e+00	   0.000000e+00	   0.000000e+00	   0.000000e+00	   0.000000e+00	   0.000000e+00	   0.000000e+00	   0.000000e+00	   0.000000e+00	   0.000000e+00	   0.000000e+00	   0.000000e+00	   0.000000e+00	   0.000000e+00	   0.000000e+00	   0.000000e+00	   0.000000e+00	   0.000000e+00	   0.000000e+00	   1.000000e+00	   0.000000e+00	   0.000000e+00	   0.000000e+00	   0.000000e+00	   0.000000e+00	   0.000000e+00	   0.000000e+00	   0.000000e+00	   0.000000e+00	   0.000000e+00	   0.000000e+00	   0.000000e+00	   0.000000e+00	   0.000000e+00	   0.000000e+00	   0.000000e+00	   0.000000e+00	   0.000000e+00	   0.000000e+00	   0.000000e+00	   0.000000e+00	   0.000000e+00	   0.000000e+00	   0.000000e+00	   0.000000e+00	   0.000000e+00	   0.000000e+00	   0.000000e+00	   0.000000e+00	   0.000000e+00	   0.000000e+00	   0.000000e+00	   0.000000e+00	   0.000000e+00	   0.000000e+00	   0.000000e+00	   2.026500e+06
   3.236473e-05	   4.500000e+02	   0.000000e+00	   0.000000e+00	   0.000000e+00	   0.000000e+00	   0.000000e+00	   0.000000e+00	   0.000000e+00	   0.000000e+00	   0.000000e+00	   0.000000e+00	   0.000000e+00	   0.000000e+00	   0.000000e+00	   0.000000e+00	   0.000000e+00	   0.000000e+00	   0.000000e+00	   0.000000e+00	   0.000000e+00	   0.000000e+00	   0.000000e+00	   0.000000e+00	   0.000000e+00	   0.000000e+00	   0.000000e+00	   0.000000e+00	   0.000000e+00	   0.000000e+00	   0.000000e+00	   0.000000e+00	   0.000000e+00	   0.000000e+00	   0.000000e+00	   0.000000e+00	   0.000000e+00	   0.000000e+00	   0.000000e+00	   1.000000e+00	   0.000000e+00	   0.000000e+00	   0.000000e+00	   0.000000e+00	   0.000000e+00	   0.000000e+00	   0.000000e+00	   0.000000e+00	   0.000000e+00	   0.000000e+00	   0.000000e+00	   0.000000e+00	   0.000000e+00	   0.000000e+00	   0.000000e+00	   0.000000e+00	   0.000000e+00	   0.000000e+00	   0.000000e+00	   0.000000e+00	   0.000000e+00	   0.000000e+00	   0.000000e+00	   0.000000e+00	   0.000000e+00	   0.000000e+00	   0.000000e+00	   0.000000e+00	   0.000000e+00	   0.000000e+00	   0.000000e+00	   0.000000e+00	   0.000000e+00	   0.000000e+00	   0.000000e+00	   0.000000e+00	   2.026500e+06
   3.246493e-05	   4.500000e+02	   0.000000e+00	   0.000000e+00	   0.000000e+00	   0.000000e+00	   0.000000e+00	   0.000000e+00	   0.000000e+00	   0.000000e+00	   0.000000e+00	   0.000000e+00	   0.000000e+00	   0.000000e+00	   0.000000e+00	   0.000000e+00	   0.000000e+00	   0.000000e+00	   0.000000e+00	   0.000000e+00	   0.000000e+00	   0.000000e+00	   0.000000e+00	   0.000000e+00	   0.000000e+00	   0.000000e+00	   0.000000e+00	   0.000000e+00	   0.000000e+00	   0.000000e+00	   0.000000e+00	   0.000000e+00	   0.000000e+00	   0.000000e+00	   0.000000e+00	   0.000000e+00	   0.000000e+00	   0.000000e+00	   0.000000e+00	   1.000000e+00	   0.000000e+00	   0.000000e+00	   0.000000e+00	   0.000000e+00	   0.000000e+00	   0.000000e+00	   0.000000e+00	   0.000000e+00	   0.000000e+00	   0.000000e+00	   0.000000e+00	   0.000000e+00	   0.000000e+00	   0.000000e+00	   0.000000e+00	   0.000000e+00	   0.000000e+00	   0.000000e+00	   0.000000e+00	   0.000000e+00	   0.000000e+00	   0.000000e+00	   0.000000e+00	   0.000000e+00	   0.000000e+00	   0.000000e+00	   0.000000e+00	   0.000000e+00	   0.000000e+00	   0.000000e+00	   0.000000e+00	   0.000000e+00	   0.000000e+00	   0.000000e+00	   0.000000e+00	   0.000000e+00	   2.026500e+06
   3.256513e-05	   4.500000e+02	   0.000000e+00	   0.000000e+00	   0.000000e+00	   0.000000e+00	   0.000000e+00	   0.000000e+00	   0.000000e+00	   0.000000e+00	   0.000000e+00	   0.000000e+00	   0.000000e+00	   0.000000e+00	   0.000000e+00	   0.000000e+00	   0.000000e+00	   0.000000e+00	   0.000000e+00	   0.000000e+00	   0.000000e+00	   0.000000e+00	   0.000000e+00	   0.000000e+00	   0.000000e+00	   0.000000e+00	   0.000000e+00	   0.000000e+00	   0.000000e+00	   0.000000e+00	   0.000000e+00	   0.000000e+00	   0.000000e+00	   0.000000e+00	   0.000000e+00	   0.000000e+00	   0.000000e+00	   0.000000e+00	   0.000000e+00	   1.000000e+00	   0.000000e+00	   0.000000e+00	   0.000000e+00	   0.000000e+00	   0.000000e+00	   0.000000e+00	   0.000000e+00	   0.000000e+00	   0.000000e+00	   0.000000e+00	   0.000000e+00	   0.000000e+00	   0.000000e+00	   0.000000e+00	   0.000000e+00	   0.000000e+00	   0.000000e+00	   0.000000e+00	   0.000000e+00	   0.000000e+00	   0.000000e+00	   0.000000e+00	   0.000000e+00	   0.000000e+00	   0.000000e+00	   0.000000e+00	   0.000000e+00	   0.000000e+00	   0.000000e+00	   0.000000e+00	   0.000000e+00	   0.000000e+00	   0.000000e+00	   0.000000e+00	   0.000000e+00	   0.000000e+00	   2.026500e+06
   3.266533e-05	   4.500000e+02	   0.000000e+00	   0.000000e+00	   0.000000e+00	   0.000000e+00	   0.000000e+00	   0.000000e+00	   0.000000e+00	   0.000000e+00	   0.000000e+00	   0.000000e+00	   0.000000e+00	   0.000000e+00	   0.000000e+00	   0.000000e+00	   0.000000e+00	   0.000000e+00	   0.000000e+00	   0.000000e+00	   0.000000e+00	   0.000000e+00	   0.000000e+00	   0.000000e+00	   0.000000e+00	   0.000000e+00	   0.000000e+00	   0.000000e+00	   0.000000e+00	   0.000000e+00	   0.000000e+00	   0.000000e+00	   0.000000e+00	   0.000000e+00	   0.000000e+00	   0.000000e+00	   0.000000e+00	   0.000000e+00	   0.000000e+00	   1.000000e+00	   0.000000e+00	   0.000000e+00	   0.000000e+00	   0.000000e+00	   0.000000e+00	   0.000000e+00	   0.000000e+00	   0.000000e+00	   0.000000e+00	   0.000000e+00	   0.000000e+00	   0.000000e+00	   0.000000e+00	   0.000000e+00	   0.000000e+00	   0.000000e+00	   0.000000e+00	   0.000000e+00	   0.000000e+00	   0.000000e+00	   0.000000e+00	   0.000000e+00	   0.000000e+00	   0.000000e+00	   0.000000e+00	   0.000000e+00	   0.000000e+00	   0.000000e+00	   0.000000e+00	   0.000000e+00	   0.000000e+00	   0.000000e+00	   0.000000e+00	   0.000000e+00	   0.000000e+00	   0.000000e+00	   2.026500e+06
   3.276553e-05	   4.500000e+02	   0.000000e+00	   0.000000e+00	   0.000000e+00	   0.000000e+00	   0.000000e+00	   0.000000e+00	   0.000000e+00	   0.000000e+00	   0.000000e+00	   0.000000e+00	   0.000000e+00	   0.000000e+00	   0.000000e+00	   0.000000e+00	   0.000000e+00	   0.000000e+00	   0.000000e+00	   0.000000e+00	   0.000000e+00	   0.000000e+00	   0.000000e+00	   0.000000e+00	   0.000000e+00	   0.000000e+00	   0.000000e+00	   0.000000e+00	   0.000000e+00	   0.000000e+00	   0.000000e+00	   0.000000e+00	   0.000000e+00	   0.000000e+00	   0.000000e+00	   0.000000e+00	   0.000000e+00	   0.000000e+00	   0.000000e+00	   1.000000e+00	   0.000000e+00	   0.000000e+00	   0.000000e+00	   0.000000e+00	   0.000000e+00	   0.000000e+00	   0.000000e+00	   0.000000e+00	   0.000000e+00	   0.000000e+00	   0.000000e+00	   0.000000e+00	   0.000000e+00	   0.000000e+00	   0.000000e+00	   0.000000e+00	   0.000000e+00	   0.000000e+00	   0.000000e+00	   0.000000e+00	   0.000000e+00	   0.000000e+00	   0.000000e+00	   0.000000e+00	   0.000000e+00	   0.000000e+00	   0.000000e+00	   0.000000e+00	   0.000000e+00	   0.000000e+00	   0.000000e+00	   0.000000e+00	   0.000000e+00	   0.000000e+00	   0.000000e+00	   0.000000e+00	   2.026500e+06
   3.286573e-05	   4.500000e+02	   0.000000e+00	   0.000000e+00	   0.000000e+00	   0.000000e+00	   0.000000e+00	   0.000000e+00	   0.000000e+00	   0.000000e+00	   0.000000e+00	   0.000000e+00	   0.000000e+00	   0.000000e+00	   0.000000e+00	   0.000000e+00	   0.000000e+00	   0.000000e+00	   0.000000e+00	   0.000000e+00	   0.000000e+00	   0.000000e+00	   0.000000e+00	   0.000000e+00	   0.000000e+00	   0.000000e+00	   0.000000e+00	   0.000000e+00	   0.000000e+00	   0.000000e+00	   0.000000e+00	   0.000000e+00	   0.000000e+00	   0.000000e+00	   0.000000e+00	   0.000000e+00	   0.000000e+00	   0.000000e+00	   0.000000e+00	   1.000000e+00	   0.000000e+00	   0.000000e+00	   0.000000e+00	   0.000000e+00	   0.000000e+00	   0.000000e+00	   0.000000e+00	   0.000000e+00	   0.000000e+00	   0.000000e+00	   0.000000e+00	   0.000000e+00	   0.000000e+00	   0.000000e+00	   0.000000e+00	   0.000000e+00	   0.000000e+00	   0.000000e+00	   0.000000e+00	   0.000000e+00	   0.000000e+00	   0.000000e+00	   0.000000e+00	   0.000000e+00	   0.000000e+00	   0.000000e+00	   0.000000e+00	   0.000000e+00	   0.000000e+00	   0.000000e+00	   0.000000e+00	   0.000000e+00	   0.000000e+00	   0.000000e+00	   0.000000e+00	   0.000000e+00	   2.026500e+06
   3.296593e-05	   4.500000e+02	   0.000000e+00	   0.000000e+00	   0.000000e+00	   0.000000e+00	   0.000000e+00	   0.000000e+00	   0.000000e+00	   0.000000e+00	   0.000000e+00	   0.000000e+00	   0.000000e+00	   0.000000e+00	   0.000000e+00	   0.000000e+00	   0.000000e+00	   0.000000e+00	   0.000000e+00	   0.000000e+00	   0.000000e+00	   0.000000e+00	   0.000000e+00	   0.000000e+00	   0.000000e+00	   0.000000e+00	   0.000000e+00	   0.000000e+00	   0.000000e+00	   0.000000e+00	   0.000000e+00	   0.000000e+00	   0.000000e+00	   0.000000e+00	   0.000000e+00	   0.000000e+00	   0.000000e+00	   0.000000e+00	   0.000000e+00	   1.000000e+00	   0.000000e+00	   0.000000e+00	   0.000000e+00	   0.000000e+00	   0.000000e+00	   0.000000e+00	   0.000000e+00	   0.000000e+00	   0.000000e+00	   0.000000e+00	   0.000000e+00	   0.000000e+00	   0.000000e+00	   0.000000e+00	   0.000000e+00	   0.000000e+00	   0.000000e+00	   0.000000e+00	   0.000000e+00	   0.000000e+00	   0.000000e+00	   0.000000e+00	   0.000000e+00	   0.000000e+00	   0.000000e+00	   0.000000e+00	   0.000000e+00	   0.000000e+00	   0.000000e+00	   0.000000e+00	   0.000000e+00	   0.000000e+00	   0.000000e+00	   0.000000e+00	   0.000000e+00	   0.000000e+00	   2.026500e+06
   3.306613e-05	   4.500000e+02	   0.000000e+00	   0.000000e+00	   0.000000e+00	   0.000000e+00	   0.000000e+00	   0.000000e+00	   0.000000e+00	   0.000000e+00	   0.000000e+00	   0.000000e+00	   0.000000e+00	   0.000000e+00	   0.000000e+00	   0.000000e+00	   0.000000e+00	   0.000000e+00	   0.000000e+00	   0.000000e+00	   0.000000e+00	   0.000000e+00	   0.000000e+00	   0.000000e+00	   0.000000e+00	   0.000000e+00	   0.000000e+00	   0.000000e+00	   0.000000e+00	   0.000000e+00	   0.000000e+00	   0.000000e+00	   0.000000e+00	   0.000000e+00	   0.000000e+00	   0.000000e+00	   0.000000e+00	   0.000000e+00	   0.000000e+00	   1.000000e+00	   0.000000e+00	   0.000000e+00	   0.000000e+00	   0.000000e+00	   0.000000e+00	   0.000000e+00	   0.000000e+00	   0.000000e+00	   0.000000e+00	   0.000000e+00	   0.000000e+00	   0.000000e+00	   0.000000e+00	   0.000000e+00	   0.000000e+00	   0.000000e+00	   0.000000e+00	   0.000000e+00	   0.000000e+00	   0.000000e+00	   0.000000e+00	   0.000000e+00	   0.000000e+00	   0.000000e+00	   0.000000e+00	   0.000000e+00	   0.000000e+00	   0.000000e+00	   0.000000e+00	   0.000000e+00	   0.000000e+00	   0.000000e+00	   0.000000e+00	   0.000000e+00	   0.000000e+00	   0.000000e+00	   2.026500e+06
   3.316633e-05	   4.500000e+02	   0.000000e+00	   0.000000e+00	   0.000000e+00	   0.000000e+00	   0.000000e+00	   0.000000e+00	   0.000000e+00	   0.000000e+00	   0.000000e+00	   0.000000e+00	   0.000000e+00	   0.000000e+00	   0.000000e+00	   0.000000e+00	   0.000000e+00	   0.000000e+00	   0.000000e+00	   0.000000e+00	   0.000000e+00	   0.000000e+00	   0.000000e+00	   0.000000e+00	   0.000000e+00	   0.000000e+00	   0.000000e+00	   0.000000e+00	   0.000000e+00	   0.000000e+00	   0.000000e+00	   0.000000e+00	   0.000000e+00	   0.000000e+00	   0.000000e+00	   0.000000e+00	   0.000000e+00	   0.000000e+00	   0.000000e+00	   1.000000e+00	   0.000000e+00	   0.000000e+00	   0.000000e+00	   0.000000e+00	   0.000000e+00	   0.000000e+00	   0.000000e+00	   0.000000e+00	   0.000000e+00	   0.000000e+00	   0.000000e+00	   0.000000e+00	   0.000000e+00	   0.000000e+00	   0.000000e+00	   0.000000e+00	   0.000000e+00	   0.000000e+00	   0.000000e+00	   0.000000e+00	   0.000000e+00	   0.000000e+00	   0.000000e+00	   0.000000e+00	   0.000000e+00	   0.000000e+00	   0.000000e+00	   0.000000e+00	   0.000000e+00	   0.000000e+00	   0.000000e+00	   0.000000e+00	   0.000000e+00	   0.000000e+00	   0.000000e+00	   0.000000e+00	   2.026500e+06
   3.326653e-05	   4.500000e+02	   0.000000e+00	   0.000000e+00	   0.000000e+00	   0.000000e+00	   0.000000e+00	   0.000000e+00	   0.000000e+00	   0.000000e+00	   0.000000e+00	   0.000000e+00	   0.000000e+00	   0.000000e+00	   0.000000e+00	   0.000000e+00	   0.000000e+00	   0.000000e+00	   0.000000e+00	   0.000000e+00	   0.000000e+00	   0.000000e+00	   0.000000e+00	   0.000000e+00	   0.000000e+00	   0.000000e+00	   0.000000e+00	   0.000000e+00	   0.000000e+00	   0.000000e+00	   0.000000e+00	   0.000000e+00	   0.000000e+00	   0.000000e+00	   0.000000e+00	   0.000000e+00	   0.000000e+00	   0.000000e+00	   0.000000e+00	   1.000000e+00	   0.000000e+00	   0.000000e+00	   0.000000e+00	   0.000000e+00	   0.000000e+00	   0.000000e+00	   0.000000e+00	   0.000000e+00	   0.000000e+00	   0.000000e+00	   0.000000e+00	   0.000000e+00	   0.000000e+00	   0.000000e+00	   0.000000e+00	   0.000000e+00	   0.000000e+00	   0.000000e+00	   0.000000e+00	   0.000000e+00	   0.000000e+00	   0.000000e+00	   0.000000e+00	   0.000000e+00	   0.000000e+00	   0.000000e+00	   0.000000e+00	   0.000000e+00	   0.000000e+00	   0.000000e+00	   0.000000e+00	   0.000000e+00	   0.000000e+00	   0.000000e+00	   0.000000e+00	   0.000000e+00	   2.026500e+06
   3.336673e-05	   4.500000e+02	   0.000000e+00	   0.000000e+00	   0.000000e+00	   0.000000e+00	   0.000000e+00	   0.000000e+00	   0.000000e+00	   0.000000e+00	   0.000000e+00	   0.000000e+00	   0.000000e+00	   0.000000e+00	   0.000000e+00	   0.000000e+00	   0.000000e+00	   0.000000e+00	   0.000000e+00	   0.000000e+00	   0.000000e+00	   0.000000e+00	   0.000000e+00	   0.000000e+00	   0.000000e+00	   0.000000e+00	   0.000000e+00	   0.000000e+00	   0.000000e+00	   0.000000e+00	   0.000000e+00	   0.000000e+00	   0.000000e+00	   0.000000e+00	   0.000000e+00	   0.000000e+00	   0.000000e+00	   0.000000e+00	   0.000000e+00	   1.000000e+00	   0.000000e+00	   0.000000e+00	   0.000000e+00	   0.000000e+00	   0.000000e+00	   0.000000e+00	   0.000000e+00	   0.000000e+00	   0.000000e+00	   0.000000e+00	   0.000000e+00	   0.000000e+00	   0.000000e+00	   0.000000e+00	   0.000000e+00	   0.000000e+00	   0.000000e+00	   0.000000e+00	   0.000000e+00	   0.000000e+00	   0.000000e+00	   0.000000e+00	   0.000000e+00	   0.000000e+00	   0.000000e+00	   0.000000e+00	   0.000000e+00	   0.000000e+00	   0.000000e+00	   0.000000e+00	   0.000000e+00	   0.000000e+00	   0.000000e+00	   0.000000e+00	   0.000000e+00	   0.000000e+00	   2.026500e+06
   3.346693e-05	   4.500000e+02	   0.000000e+00	   0.000000e+00	   0.000000e+00	   0.000000e+00	   0.000000e+00	   0.000000e+00	   0.000000e+00	   0.000000e+00	   0.000000e+00	   0.000000e+00	   0.000000e+00	   0.000000e+00	   0.000000e+00	   0.000000e+00	   0.000000e+00	   0.000000e+00	   0.000000e+00	   0.000000e+00	   0.000000e+00	   0.000000e+00	   0.000000e+00	   0.000000e+00	   0.000000e+00	   0.000000e+00	   0.000000e+00	   0.000000e+00	   0.000000e+00	   0.000000e+00	   0.000000e+00	   0.000000e+00	   0.000000e+00	   0.000000e+00	   0.000000e+00	   0.000000e+00	   0.000000e+00	   0.000000e+00	   0.000000e+00	   1.000000e+00	   0.000000e+00	   0.000000e+00	   0.000000e+00	   0.000000e+00	   0.000000e+00	   0.000000e+00	   0.000000e+00	   0.000000e+00	   0.000000e+00	   0.000000e+00	   0.000000e+00	   0.000000e+00	   0.000000e+00	   0.000000e+00	   0.000000e+00	   0.000000e+00	   0.000000e+00	   0.000000e+00	   0.000000e+00	   0.000000e+00	   0.000000e+00	   0.000000e+00	   0.000000e+00	   0.000000e+00	   0.000000e+00	   0.000000e+00	   0.000000e+00	   0.000000e+00	   0.000000e+00	   0.000000e+00	   0.000000e+00	   0.000000e+00	   0.000000e+00	   0.000000e+00	   0.000000e+00	   0.000000e+00	   2.026500e+06
   3.356713e-05	   4.500000e+02	   0.000000e+00	   0.000000e+00	   0.000000e+00	   0.000000e+00	   0.000000e+00	   0.000000e+00	   0.000000e+00	   0.000000e+00	   0.000000e+00	   0.000000e+00	   0.000000e+00	   0.000000e+00	   0.000000e+00	   0.000000e+00	   0.000000e+00	   0.000000e+00	   0.000000e+00	   0.000000e+00	   0.000000e+00	   0.000000e+00	   0.000000e+00	   0.000000e+00	   0.000000e+00	   0.000000e+00	   0.000000e+00	   0.000000e+00	   0.000000e+00	   0.000000e+00	   0.000000e+00	   0.000000e+00	   0.000000e+00	   0.000000e+00	   0.000000e+00	   0.000000e+00	   0.000000e+00	   0.000000e+00	   0.000000e+00	   1.000000e+00	   0.000000e+00	   0.000000e+00	   0.000000e+00	   0.000000e+00	   0.000000e+00	   0.000000e+00	   0.000000e+00	   0.000000e+00	   0.000000e+00	   0.000000e+00	   0.000000e+00	   0.000000e+00	   0.000000e+00	   0.000000e+00	   0.000000e+00	   0.000000e+00	   0.000000e+00	   0.000000e+00	   0.000000e+00	   0.000000e+00	   0.000000e+00	   0.000000e+00	   0.000000e+00	   0.000000e+00	   0.000000e+00	   0.000000e+00	   0.000000e+00	   0.000000e+00	   0.000000e+00	   0.000000e+00	   0.000000e+00	   0.000000e+00	   0.000000e+00	   0.000000e+00	   0.000000e+00	   0.000000e+00	   2.026500e+06
   3.366733e-05	   4.500000e+02	   0.000000e+00	   0.000000e+00	   0.000000e+00	   0.000000e+00	   0.000000e+00	   0.000000e+00	   0.000000e+00	   0.000000e+00	   0.000000e+00	   0.000000e+00	   0.000000e+00	   0.000000e+00	   0.000000e+00	   0.000000e+00	   0.000000e+00	   0.000000e+00	   0.000000e+00	   0.000000e+00	   0.000000e+00	   0.000000e+00	   0.000000e+00	   0.000000e+00	   0.000000e+00	   0.000000e+00	   0.000000e+00	   0.000000e+00	   0.000000e+00	   0.000000e+00	   0.000000e+00	   0.000000e+00	   0.000000e+00	   0.000000e+00	   0.000000e+00	   0.000000e+00	   0.000000e+00	   0.000000e+00	   0.000000e+00	   1.000000e+00	   0.000000e+00	   0.000000e+00	   0.000000e+00	   0.000000e+00	   0.000000e+00	   0.000000e+00	   0.000000e+00	   0.000000e+00	   0.000000e+00	   0.000000e+00	   0.000000e+00	   0.000000e+00	   0.000000e+00	   0.000000e+00	   0.000000e+00	   0.000000e+00	   0.000000e+00	   0.000000e+00	   0.000000e+00	   0.000000e+00	   0.000000e+00	   0.000000e+00	   0.000000e+00	   0.000000e+00	   0.000000e+00	   0.000000e+00	   0.000000e+00	   0.000000e+00	   0.000000e+00	   0.000000e+00	   0.000000e+00	   0.000000e+00	   0.000000e+00	   0.000000e+00	   0.000000e+00	   0.000000e+00	   2.026500e+06
   3.376754e-05	   4.500000e+02	   0.000000e+00	   0.000000e+00	   0.000000e+00	   0.000000e+00	   0.000000e+00	   0.000000e+00	   0.000000e+00	   0.000000e+00	   0.000000e+00	   0.000000e+00	   0.000000e+00	   0.000000e+00	   0.000000e+00	   0.000000e+00	   0.000000e+00	   0.000000e+00	   0.000000e+00	   0.000000e+00	   0.000000e+00	   0.000000e+00	   0.000000e+00	   0.000000e+00	   0.000000e+00	   0.000000e+00	   0.000000e+00	   0.000000e+00	   0.000000e+00	   0.000000e+00	   0.000000e+00	   0.000000e+00	   0.000000e+00	   0.000000e+00	   0.000000e+00	   0.000000e+00	   0.000000e+00	   0.000000e+00	   0.000000e+00	   1.000000e+00	   0.000000e+00	   0.000000e+00	   0.000000e+00	   0.000000e+00	   0.000000e+00	   0.000000e+00	   0.000000e+00	   0.000000e+00	   0.000000e+00	   0.000000e+00	   0.000000e+00	   0.000000e+00	   0.000000e+00	   0.000000e+00	   0.000000e+00	   0.000000e+00	   0.000000e+00	   0.000000e+00	   0.000000e+00	   0.000000e+00	   0.000000e+00	   0.000000e+00	   0.000000e+00	   0.000000e+00	   0.000000e+00	   0.000000e+00	   0.000000e+00	   0.000000e+00	   0.000000e+00	   0.000000e+00	   0.000000e+00	   0.000000e+00	   0.000000e+00	   0.000000e+00	   0.000000e+00	   0.000000e+00	   2.026500e+06
   3.386774e-05	   4.500000e+02	   0.000000e+00	   0.000000e+00	   0.000000e+00	   0.000000e+00	   0.000000e+00	   0.000000e+00	   0.000000e+00	   0.000000e+00	   0.000000e+00	   0.000000e+00	   0.000000e+00	   0.000000e+00	   0.000000e+00	   0.000000e+00	   0.000000e+00	   0.000000e+00	   0.000000e+00	   0.000000e+00	   0.000000e+00	   0.000000e+00	   0.000000e+00	   0.000000e+00	   0.000000e+00	   0.000000e+00	   0.000000e+00	   0.000000e+00	   0.000000e+00	   0.000000e+00	   0.000000e+00	   0.000000e+00	   0.000000e+00	   0.000000e+00	   0.000000e+00	   0.000000e+00	   0.000000e+00	   0.000000e+00	   0.000000e+00	   1.000000e+00	   0.000000e+00	   0.000000e+00	   0.000000e+00	   0.000000e+00	   0.000000e+00	   0.000000e+00	   0.000000e+00	   0.000000e+00	   0.000000e+00	   0.000000e+00	   0.000000e+00	   0.000000e+00	   0.000000e+00	   0.000000e+00	   0.000000e+00	   0.000000e+00	   0.000000e+00	   0.000000e+00	   0.000000e+00	   0.000000e+00	   0.000000e+00	   0.000000e+00	   0.000000e+00	   0.000000e+00	   0.000000e+00	   0.000000e+00	   0.000000e+00	   0.000000e+00	   0.000000e+00	   0.000000e+00	   0.000000e+00	   0.000000e+00	   0.000000e+00	   0.000000e+00	   0.000000e+00	   0.000000e+00	   2.026500e+06
   3.396794e-05	   4.500000e+02	   0.000000e+00	   0.000000e+00	   0.000000e+00	   0.000000e+00	   0.000000e+00	   0.000000e+00	   0.000000e+00	   0.000000e+00	   0.000000e+00	   0.000000e+00	   0.000000e+00	   0.000000e+00	   0.000000e+00	   0.000000e+00	   0.000000e+00	   0.000000e+00	   0.000000e+00	   0.000000e+00	   0.000000e+00	   0.000000e+00	   0.000000e+00	   0.000000e+00	   0.000000e+00	   0.000000e+00	   0.000000e+00	   0.000000e+00	   0.000000e+00	   0.000000e+00	   0.000000e+00	   0.000000e+00	   0.000000e+00	   0.000000e+00	   0.000000e+00	   0.000000e+00	   0.000000e+00	   0.000000e+00	   0.000000e+00	   1.000000e+00	   0.000000e+00	   0.000000e+00	   0.000000e+00	   0.000000e+00	   0.000000e+00	   0.000000e+00	   0.000000e+00	   0.000000e+00	   0.000000e+00	   0.000000e+00	   0.000000e+00	   0.000000e+00	   0.000000e+00	   0.000000e+00	   0.000000e+00	   0.000000e+00	   0.000000e+00	   0.000000e+00	   0.000000e+00	   0.000000e+00	   0.000000e+00	   0.000000e+00	   0.000000e+00	   0.000000e+00	   0.000000e+00	   0.000000e+00	   0.000000e+00	   0.000000e+00	   0.000000e+00	   0.000000e+00	   0.000000e+00	   0.000000e+00	   0.000000e+00	   0.000000e+00	   0.000000e+00	   0.000000e+00	   2.026500e+06
   3.406814e-05	   4.500000e+02	   0.000000e+00	   0.000000e+00	   0.000000e+00	   0.000000e+00	   0.000000e+00	   0.000000e+00	   0.000000e+00	   0.000000e+00	   0.000000e+00	   0.000000e+00	   0.000000e+00	   0.000000e+00	   0.000000e+00	   0.000000e+00	   0.000000e+00	   0.000000e+00	   0.000000e+00	   0.000000e+00	   0.000000e+00	   0.000000e+00	   0.000000e+00	   0.000000e+00	   0.000000e+00	   0.000000e+00	   0.000000e+00	   0.000000e+00	   0.000000e+00	   0.000000e+00	   0.000000e+00	   0.000000e+00	   0.000000e+00	   0.000000e+00	   0.000000e+00	   0.000000e+00	   0.000000e+00	   0.000000e+00	   0.000000e+00	   1.000000e+00	   0.000000e+00	   0.000000e+00	   0.000000e+00	   0.000000e+00	   0.000000e+00	   0.000000e+00	   0.000000e+00	   0.000000e+00	   0.000000e+00	   0.000000e+00	   0.000000e+00	   0.000000e+00	   0.000000e+00	   0.000000e+00	   0.000000e+00	   0.000000e+00	   0.000000e+00	   0.000000e+00	   0.000000e+00	   0.000000e+00	   0.000000e+00	   0.000000e+00	   0.000000e+00	   0.000000e+00	   0.000000e+00	   0.000000e+00	   0.000000e+00	   0.000000e+00	   0.000000e+00	   0.000000e+00	   0.000000e+00	   0.000000e+00	   0.000000e+00	   0.000000e+00	   0.000000e+00	   0.000000e+00	   2.026500e+06
   3.416834e-05	   4.500000e+02	   0.000000e+00	   0.000000e+00	   0.000000e+00	   0.000000e+00	   0.000000e+00	   0.000000e+00	   0.000000e+00	   0.000000e+00	   0.000000e+00	   0.000000e+00	   0.000000e+00	   0.000000e+00	   0.000000e+00	   0.000000e+00	   0.000000e+00	   0.000000e+00	   0.000000e+00	   0.000000e+00	   0.000000e+00	   0.000000e+00	   0.000000e+00	   0.000000e+00	   0.000000e+00	   0.000000e+00	   0.000000e+00	   0.000000e+00	   0.000000e+00	   0.000000e+00	   0.000000e+00	   0.000000e+00	   0.000000e+00	   0.000000e+00	   0.000000e+00	   0.000000e+00	   0.000000e+00	   0.000000e+00	   0.000000e+00	   1.000000e+00	   0.000000e+00	   0.000000e+00	   0.000000e+00	   0.000000e+00	   0.000000e+00	   0.000000e+00	   0.000000e+00	   0.000000e+00	   0.000000e+00	   0.000000e+00	   0.000000e+00	   0.000000e+00	   0.000000e+00	   0.000000e+00	   0.000000e+00	   0.000000e+00	   0.000000e+00	   0.000000e+00	   0.000000e+00	   0.000000e+00	   0.000000e+00	   0.000000e+00	   0.000000e+00	   0.000000e+00	   0.000000e+00	   0.000000e+00	   0.000000e+00	   0.000000e+00	   0.000000e+00	   0.000000e+00	   0.000000e+00	   0.000000e+00	   0.000000e+00	   0.000000e+00	   0.000000e+00	   0.000000e+00	   2.026500e+06
   3.426854e-05	   4.500000e+02	   0.000000e+00	   0.000000e+00	   0.000000e+00	   0.000000e+00	   0.000000e+00	   0.000000e+00	   0.000000e+00	   0.000000e+00	   0.000000e+00	   0.000000e+00	   0.000000e+00	   0.000000e+00	   0.000000e+00	   0.000000e+00	   0.000000e+00	   0.000000e+00	   0.000000e+00	   0.000000e+00	   0.000000e+00	   0.000000e+00	   0.000000e+00	   0.000000e+00	   0.000000e+00	   0.000000e+00	   0.000000e+00	   0.000000e+00	   0.000000e+00	   0.000000e+00	   0.000000e+00	   0.000000e+00	   0.000000e+00	   0.000000e+00	   0.000000e+00	   0.000000e+00	   0.000000e+00	   0.000000e+00	   0.000000e+00	   1.000000e+00	   0.000000e+00	   0.000000e+00	   0.000000e+00	   0.000000e+00	   0.000000e+00	   0.000000e+00	   0.000000e+00	   0.000000e+00	   0.000000e+00	   0.000000e+00	   0.000000e+00	   0.000000e+00	   0.000000e+00	   0.000000e+00	   0.000000e+00	   0.000000e+00	   0.000000e+00	   0.000000e+00	   0.000000e+00	   0.000000e+00	   0.000000e+00	   0.000000e+00	   0.000000e+00	   0.000000e+00	   0.000000e+00	   0.000000e+00	   0.000000e+00	   0.000000e+00	   0.000000e+00	   0.000000e+00	   0.000000e+00	   0.000000e+00	   0.000000e+00	   0.000000e+00	   0.000000e+00	   0.000000e+00	   2.026500e+06
   3.436874e-05	   4.500000e+02	   0.000000e+00	   0.000000e+00	   0.000000e+00	   0.000000e+00	   0.000000e+00	   0.000000e+00	   0.000000e+00	   0.000000e+00	   0.000000e+00	   0.000000e+00	   0.000000e+00	   0.000000e+00	   0.000000e+00	   0.000000e+00	   0.000000e+00	   0.000000e+00	   0.000000e+00	   0.000000e+00	   0.000000e+00	   0.000000e+00	   0.000000e+00	   0.000000e+00	   0.000000e+00	   0.000000e+00	   0.000000e+00	   0.000000e+00	   0.000000e+00	   0.000000e+00	   0.000000e+00	   0.000000e+00	   0.000000e+00	   0.000000e+00	   0.000000e+00	   0.000000e+00	   0.000000e+00	   0.000000e+00	   0.000000e+00	   1.000000e+00	   0.000000e+00	   0.000000e+00	   0.000000e+00	   0.000000e+00	   0.000000e+00	   0.000000e+00	   0.000000e+00	   0.000000e+00	   0.000000e+00	   0.000000e+00	   0.000000e+00	   0.000000e+00	   0.000000e+00	   0.000000e+00	   0.000000e+00	   0.000000e+00	   0.000000e+00	   0.000000e+00	   0.000000e+00	   0.000000e+00	   0.000000e+00	   0.000000e+00	   0.000000e+00	   0.000000e+00	   0.000000e+00	   0.000000e+00	   0.000000e+00	   0.000000e+00	   0.000000e+00	   0.000000e+00	   0.000000e+00	   0.000000e+00	   0.000000e+00	   0.000000e+00	   0.000000e+00	   0.000000e+00	   2.026500e+06
   3.446894e-05	   4.500000e+02	   0.000000e+00	   0.000000e+00	   0.000000e+00	   0.000000e+00	   0.000000e+00	   0.000000e+00	   0.000000e+00	   0.000000e+00	   0.000000e+00	   0.000000e+00	   0.000000e+00	   0.000000e+00	   0.000000e+00	   0.000000e+00	   0.000000e+00	   0.000000e+00	   0.000000e+00	   0.000000e+00	   0.000000e+00	   0.000000e+00	   0.000000e+00	   0.000000e+00	   0.000000e+00	   0.000000e+00	   0.000000e+00	   0.000000e+00	   0.000000e+00	   0.000000e+00	   0.000000e+00	   0.000000e+00	   0.000000e+00	   0.000000e+00	   0.000000e+00	   0.000000e+00	   0.000000e+00	   0.000000e+00	   0.000000e+00	   1.000000e+00	   0.000000e+00	   0.000000e+00	   0.000000e+00	   0.000000e+00	   0.000000e+00	   0.000000e+00	   0.000000e+00	   0.000000e+00	   0.000000e+00	   0.000000e+00	   0.000000e+00	   0.000000e+00	   0.000000e+00	   0.000000e+00	   0.000000e+00	   0.000000e+00	   0.000000e+00	   0.000000e+00	   0.000000e+00	   0.000000e+00	   0.000000e+00	   0.000000e+00	   0.000000e+00	   0.000000e+00	   0.000000e+00	   0.000000e+00	   0.000000e+00	   0.000000e+00	   0.000000e+00	   0.000000e+00	   0.000000e+00	   0.000000e+00	   0.000000e+00	   0.000000e+00	   0.000000e+00	   0.000000e+00	   2.026500e+06
   3.456914e-05	   4.500000e+02	   0.000000e+00	   0.000000e+00	   0.000000e+00	   0.000000e+00	   0.000000e+00	   0.000000e+00	   0.000000e+00	   0.000000e+00	   0.000000e+00	   0.000000e+00	   0.000000e+00	   0.000000e+00	   0.000000e+00	   0.000000e+00	   0.000000e+00	   0.000000e+00	   0.000000e+00	   0.000000e+00	   0.000000e+00	   0.000000e+00	   0.000000e+00	   0.000000e+00	   0.000000e+00	   0.000000e+00	   0.000000e+00	   0.000000e+00	   0.000000e+00	   0.000000e+00	   0.000000e+00	   0.000000e+00	   0.000000e+00	   0.000000e+00	   0.000000e+00	   0.000000e+00	   0.000000e+00	   0.000000e+00	   0.000000e+00	   1.000000e+00	   0.000000e+00	   0.000000e+00	   0.000000e+00	   0.000000e+00	   0.000000e+00	   0.000000e+00	   0.000000e+00	   0.000000e+00	   0.000000e+00	   0.000000e+00	   0.000000e+00	   0.000000e+00	   0.000000e+00	   0.000000e+00	   0.000000e+00	   0.000000e+00	   0.000000e+00	   0.000000e+00	   0.000000e+00	   0.000000e+00	   0.000000e+00	   0.000000e+00	   0.000000e+00	   0.000000e+00	   0.000000e+00	   0.000000e+00	   0.000000e+00	   0.000000e+00	   0.000000e+00	   0.000000e+00	   0.000000e+00	   0.000000e+00	   0.000000e+00	   0.000000e+00	   0.000000e+00	   0.000000e+00	   2.026500e+06
   3.466934e-05	   4.500000e+02	   0.000000e+00	   0.000000e+00	   0.000000e+00	   0.000000e+00	   0.000000e+00	   0.000000e+00	   0.000000e+00	   0.000000e+00	   0.000000e+00	   0.000000e+00	   0.000000e+00	   0.000000e+00	   0.000000e+00	   0.000000e+00	   0.000000e+00	   0.000000e+00	   0.000000e+00	   0.000000e+00	   0.000000e+00	   0.000000e+00	   0.000000e+00	   0.000000e+00	   0.000000e+00	   0.000000e+00	   0.000000e+00	   0.000000e+00	   0.000000e+00	   0.000000e+00	   0.000000e+00	   0.000000e+00	   0.000000e+00	   0.000000e+00	   0.000000e+00	   0.000000e+00	   0.000000e+00	   0.000000e+00	   0.000000e+00	   1.000000e+00	   0.000000e+00	   0.000000e+00	   0.000000e+00	   0.000000e+00	   0.000000e+00	   0.000000e+00	   0.000000e+00	   0.000000e+00	   0.000000e+00	   0.000000e+00	   0.000000e+00	   0.000000e+00	   0.000000e+00	   0.000000e+00	   0.000000e+00	   0.000000e+00	   0.000000e+00	   0.000000e+00	   0.000000e+00	   0.000000e+00	   0.000000e+00	   0.000000e+00	   0.000000e+00	   0.000000e+00	   0.000000e+00	   0.000000e+00	   0.000000e+00	   0.000000e+00	   0.000000e+00	   0.000000e+00	   0.000000e+00	   0.000000e+00	   0.000000e+00	   0.000000e+00	   0.000000e+00	   0.000000e+00	   2.026500e+06
   3.476954e-05	   4.500000e+02	   0.000000e+00	   0.000000e+00	   0.000000e+00	   0.000000e+00	   0.000000e+00	   0.000000e+00	   0.000000e+00	   0.000000e+00	   0.000000e+00	   0.000000e+00	   0.000000e+00	   0.000000e+00	   0.000000e+00	   0.000000e+00	   0.000000e+00	   0.000000e+00	   0.000000e+00	   0.000000e+00	   0.000000e+00	   0.000000e+00	   0.000000e+00	   0.000000e+00	   0.000000e+00	   0.000000e+00	   0.000000e+00	   0.000000e+00	   0.000000e+00	   0.000000e+00	   0.000000e+00	   0.000000e+00	   0.000000e+00	   0.000000e+00	   0.000000e+00	   0.000000e+00	   0.000000e+00	   0.000000e+00	   0.000000e+00	   1.000000e+00	   0.000000e+00	   0.000000e+00	   0.000000e+00	   0.000000e+00	   0.000000e+00	   0.000000e+00	   0.000000e+00	   0.000000e+00	   0.000000e+00	   0.000000e+00	   0.000000e+00	   0.000000e+00	   0.000000e+00	   0.000000e+00	   0.000000e+00	   0.000000e+00	   0.000000e+00	   0.000000e+00	   0.000000e+00	   0.000000e+00	   0.000000e+00	   0.000000e+00	   0.000000e+00	   0.000000e+00	   0.000000e+00	   0.000000e+00	   0.000000e+00	   0.000000e+00	   0.000000e+00	   0.000000e+00	   0.000000e+00	   0.000000e+00	   0.000000e+00	   0.000000e+00	   0.000000e+00	   0.000000e+00	   2.026500e+06
   3.486974e-05	   4.500000e+02	   0.000000e+00	   0.000000e+00	   0.000000e+00	   0.000000e+00	   0.000000e+00	   0.000000e+00	   0.000000e+00	   0.000000e+00	   0.000000e+00	   0.000000e+00	   0.000000e+00	   0.000000e+00	   0.000000e+00	   0.000000e+00	   0.000000e+00	   0.000000e+00	   0.000000e+00	   0.000000e+00	   0.000000e+00	   0.000000e+00	   0.000000e+00	   0.000000e+00	   0.000000e+00	   0.000000e+00	   0.000000e+00	   0.000000e+00	   0.000000e+00	   0.000000e+00	   0.000000e+00	   0.000000e+00	   0.000000e+00	   0.000000e+00	   0.000000e+00	   0.000000e+00	   0.000000e+00	   0.000000e+00	   0.000000e+00	   1.000000e+00	   0.000000e+00	   0.000000e+00	   0.000000e+00	   0.000000e+00	   0.000000e+00	   0.000000e+00	   0.000000e+00	   0.000000e+00	   0.000000e+00	   0.000000e+00	   0.000000e+00	   0.000000e+00	   0.000000e+00	   0.000000e+00	   0.000000e+00	   0.000000e+00	   0.000000e+00	   0.000000e+00	   0.000000e+00	   0.000000e+00	   0.000000e+00	   0.000000e+00	   0.000000e+00	   0.000000e+00	   0.000000e+00	   0.000000e+00	   0.000000e+00	   0.000000e+00	   0.000000e+00	   0.000000e+00	   0.000000e+00	   0.000000e+00	   0.000000e+00	   0.000000e+00	   0.000000e+00	   0.000000e+00	   2.026500e+06
   3.496994e-05	   4.500000e+02	   0.000000e+00	   0.000000e+00	   0.000000e+00	   0.000000e+00	   0.000000e+00	   0.000000e+00	   0.000000e+00	   0.000000e+00	   0.000000e+00	   0.000000e+00	   0.000000e+00	   0.000000e+00	   0.000000e+00	   0.000000e+00	   0.000000e+00	   0.000000e+00	   0.000000e+00	   0.000000e+00	   0.000000e+00	   0.000000e+00	   0.000000e+00	   0.000000e+00	   0.000000e+00	   0.000000e+00	   0.000000e+00	   0.000000e+00	   0.000000e+00	   0.000000e+00	   0.000000e+00	   0.000000e+00	   0.000000e+00	   0.000000e+00	   0.000000e+00	   0.000000e+00	   0.000000e+00	   0.000000e+00	   0.000000e+00	   1.000000e+00	   0.000000e+00	   0.000000e+00	   0.000000e+00	   0.000000e+00	   0.000000e+00	   0.000000e+00	   0.000000e+00	   0.000000e+00	   0.000000e+00	   0.000000e+00	   0.000000e+00	   0.000000e+00	   0.000000e+00	   0.000000e+00	   0.000000e+00	   0.000000e+00	   0.000000e+00	   0.000000e+00	   0.000000e+00	   0.000000e+00	   0.000000e+00	   0.000000e+00	   0.000000e+00	   0.000000e+00	   0.000000e+00	   0.000000e+00	   0.000000e+00	   0.000000e+00	   0.000000e+00	   0.000000e+00	   0.000000e+00	   0.000000e+00	   0.000000e+00	   0.000000e+00	   0.000000e+00	   0.000000e+00	   2.026500e+06
   3.507014e-05	   4.500000e+02	   0.000000e+00	   0.000000e+00	   0.000000e+00	   0.000000e+00	   0.000000e+00	   0.000000e+00	   0.000000e+00	   0.000000e+00	   0.000000e+00	   0.000000e+00	   0.000000e+00	   0.000000e+00	   0.000000e+00	   0.000000e+00	   0.000000e+00	   0.000000e+00	   0.000000e+00	   0.000000e+00	   0.000000e+00	   0.000000e+00	   0.000000e+00	   0.000000e+00	   0.000000e+00	   0.000000e+00	   0.000000e+00	   0.000000e+00	   0.000000e+00	   0.000000e+00	   0.000000e+00	   0.000000e+00	   0.000000e+00	   0.000000e+00	   0.000000e+00	   0.000000e+00	   0.000000e+00	   0.000000e+00	   0.000000e+00	   1.000000e+00	   0.000000e+00	   0.000000e+00	   0.000000e+00	   0.000000e+00	   0.000000e+00	   0.000000e+00	   0.000000e+00	   0.000000e+00	   0.000000e+00	   0.000000e+00	   0.000000e+00	   0.000000e+00	   0.000000e+00	   0.000000e+00	   0.000000e+00	   0.000000e+00	   0.000000e+00	   0.000000e+00	   0.000000e+00	   0.000000e+00	   0.000000e+00	   0.000000e+00	   0.000000e+00	   0.000000e+00	   0.000000e+00	   0.000000e+00	   0.000000e+00	   0.000000e+00	   0.000000e+00	   0.000000e+00	   0.000000e+00	   0.000000e+00	   0.000000e+00	   0.000000e+00	   0.000000e+00	   0.000000e+00	   2.026500e+06
   3.517034e-05	   4.500000e+02	   0.000000e+00	   0.000000e+00	   0.000000e+00	   0.000000e+00	   0.000000e+00	   0.000000e+00	   0.000000e+00	   0.000000e+00	   0.000000e+00	   0.000000e+00	   0.000000e+00	   0.000000e+00	   0.000000e+00	   0.000000e+00	   0.000000e+00	   0.000000e+00	   0.000000e+00	   0.000000e+00	   0.000000e+00	   0.000000e+00	   0.000000e+00	   0.000000e+00	   0.000000e+00	   0.000000e+00	   0.000000e+00	   0.000000e+00	   0.000000e+00	   0.000000e+00	   0.000000e+00	   0.000000e+00	   0.000000e+00	   0.000000e+00	   0.000000e+00	   0.000000e+00	   0.000000e+00	   0.000000e+00	   0.000000e+00	   1.000000e+00	   0.000000e+00	   0.000000e+00	   0.000000e+00	   0.000000e+00	   0.000000e+00	   0.000000e+00	   0.000000e+00	   0.000000e+00	   0.000000e+00	   0.000000e+00	   0.000000e+00	   0.000000e+00	   0.000000e+00	   0.000000e+00	   0.000000e+00	   0.000000e+00	   0.000000e+00	   0.000000e+00	   0.000000e+00	   0.000000e+00	   0.000000e+00	   0.000000e+00	   0.000000e+00	   0.000000e+00	   0.000000e+00	   0.000000e+00	   0.000000e+00	   0.000000e+00	   0.000000e+00	   0.000000e+00	   0.000000e+00	   0.000000e+00	   0.000000e+00	   0.000000e+00	   0.000000e+00	   0.000000e+00	   2.026500e+06
   3.527054e-05	   4.500000e+02	   0.000000e+00	   0.000000e+00	   0.000000e+00	   0.000000e+00	   0.000000e+00	   0.000000e+00	   0.000000e+00	   0.000000e+00	   0.000000e+00	   0.000000e+00	   0.000000e+00	   0.000000e+00	   0.000000e+00	   0.000000e+00	   0.000000e+00	   0.000000e+00	   0.000000e+00	   0.000000e+00	   0.000000e+00	   0.000000e+00	   0.000000e+00	   0.000000e+00	   0.000000e+00	   0.000000e+00	   0.000000e+00	   0.000000e+00	   0.000000e+00	   0.000000e+00	   0.000000e+00	   0.000000e+00	   0.000000e+00	   0.000000e+00	   0.000000e+00	   0.000000e+00	   0.000000e+00	   0.000000e+00	   0.000000e+00	   1.000000e+00	   0.000000e+00	   0.000000e+00	   0.000000e+00	   0.000000e+00	   0.000000e+00	   0.000000e+00	   0.000000e+00	   0.000000e+00	   0.000000e+00	   0.000000e+00	   0.000000e+00	   0.000000e+00	   0.000000e+00	   0.000000e+00	   0.000000e+00	   0.000000e+00	   0.000000e+00	   0.000000e+00	   0.000000e+00	   0.000000e+00	   0.000000e+00	   0.000000e+00	   0.000000e+00	   0.000000e+00	   0.000000e+00	   0.000000e+00	   0.000000e+00	   0.000000e+00	   0.000000e+00	   0.000000e+00	   0.000000e+00	   0.000000e+00	   0.000000e+00	   0.000000e+00	   0.000000e+00	   0.000000e+00	   2.026500e+06
   3.537074e-05	   4.500000e+02	   0.000000e+00	   0.000000e+00	   0.000000e+00	   0.000000e+00	   0.000000e+00	   0.000000e+00	   0.000000e+00	   0.000000e+00	   0.000000e+00	   0.000000e+00	   0.000000e+00	   0.000000e+00	   0.000000e+00	   0.000000e+00	   0.000000e+00	   0.000000e+00	   0.000000e+00	   0.000000e+00	   0.000000e+00	   0.000000e+00	   0.000000e+00	   0.000000e+00	   0.000000e+00	   0.000000e+00	   0.000000e+00	   0.000000e+00	   0.000000e+00	   0.000000e+00	   0.000000e+00	   0.000000e+00	   0.000000e+00	   0.000000e+00	   0.000000e+00	   0.000000e+00	   0.000000e+00	   0.000000e+00	   0.000000e+00	   1.000000e+00	   0.000000e+00	   0.000000e+00	   0.000000e+00	   0.000000e+00	   0.000000e+00	   0.000000e+00	   0.000000e+00	   0.000000e+00	   0.000000e+00	   0.000000e+00	   0.000000e+00	   0.000000e+00	   0.000000e+00	   0.000000e+00	   0.000000e+00	   0.000000e+00	   0.000000e+00	   0.000000e+00	   0.000000e+00	   0.000000e+00	   0.000000e+00	   0.000000e+00	   0.000000e+00	   0.000000e+00	   0.000000e+00	   0.000000e+00	   0.000000e+00	   0.000000e+00	   0.000000e+00	   0.000000e+00	   0.000000e+00	   0.000000e+00	   0.000000e+00	   0.000000e+00	   0.000000e+00	   0.000000e+00	   2.026500e+06
   3.547094e-05	   4.500000e+02	   0.000000e+00	   0.000000e+00	   0.000000e+00	   0.000000e+00	   0.000000e+00	   0.000000e+00	   0.000000e+00	   0.000000e+00	   0.000000e+00	   0.000000e+00	   0.000000e+00	   0.000000e+00	   0.000000e+00	   0.000000e+00	   0.000000e+00	   0.000000e+00	   0.000000e+00	   0.000000e+00	   0.000000e+00	   0.000000e+00	   0.000000e+00	   0.000000e+00	   0.000000e+00	   0.000000e+00	   0.000000e+00	   0.000000e+00	   0.000000e+00	   0.000000e+00	   0.000000e+00	   0.000000e+00	   0.000000e+00	   0.000000e+00	   0.000000e+00	   0.000000e+00	   0.000000e+00	   0.000000e+00	   0.000000e+00	   1.000000e+00	   0.000000e+00	   0.000000e+00	   0.000000e+00	   0.000000e+00	   0.000000e+00	   0.000000e+00	   0.000000e+00	   0.000000e+00	   0.000000e+00	   0.000000e+00	   0.000000e+00	   0.000000e+00	   0.000000e+00	   0.000000e+00	   0.000000e+00	   0.000000e+00	   0.000000e+00	   0.000000e+00	   0.000000e+00	   0.000000e+00	   0.000000e+00	   0.000000e+00	   0.000000e+00	   0.000000e+00	   0.000000e+00	   0.000000e+00	   0.000000e+00	   0.000000e+00	   0.000000e+00	   0.000000e+00	   0.000000e+00	   0.000000e+00	   0.000000e+00	   0.000000e+00	   0.000000e+00	   0.000000e+00	   2.026500e+06
   3.557114e-05	   4.500000e+02	   0.000000e+00	   0.000000e+00	   0.000000e+00	   0.000000e+00	   0.000000e+00	   0.000000e+00	   0.000000e+00	   0.000000e+00	   0.000000e+00	   0.000000e+00	   0.000000e+00	   0.000000e+00	   0.000000e+00	   0.000000e+00	   0.000000e+00	   0.000000e+00	   0.000000e+00	   0.000000e+00	   0.000000e+00	   0.000000e+00	   0.000000e+00	   0.000000e+00	   0.000000e+00	   0.000000e+00	   0.000000e+00	   0.000000e+00	   0.000000e+00	   0.000000e+00	   0.000000e+00	   0.000000e+00	   0.000000e+00	   0.000000e+00	   0.000000e+00	   0.000000e+00	   0.000000e+00	   0.000000e+00	   0.000000e+00	   1.000000e+00	   0.000000e+00	   0.000000e+00	   0.000000e+00	   0.000000e+00	   0.000000e+00	   0.000000e+00	   0.000000e+00	   0.000000e+00	   0.000000e+00	   0.000000e+00	   0.000000e+00	   0.000000e+00	   0.000000e+00	   0.000000e+00	   0.000000e+00	   0.000000e+00	   0.000000e+00	   0.000000e+00	   0.000000e+00	   0.000000e+00	   0.000000e+00	   0.000000e+00	   0.000000e+00	   0.000000e+00	   0.000000e+00	   0.000000e+00	   0.000000e+00	   0.000000e+00	   0.000000e+00	   0.000000e+00	   0.000000e+00	   0.000000e+00	   0.000000e+00	   0.000000e+00	   0.000000e+00	   0.000000e+00	   2.026500e+06
   3.567134e-05	   4.500000e+02	   0.000000e+00	   0.000000e+00	   0.000000e+00	   0.000000e+00	   0.000000e+00	   0.000000e+00	   0.000000e+00	   0.000000e+00	   0.000000e+00	   0.000000e+00	   0.000000e+00	   0.000000e+00	   0.000000e+00	   0.000000e+00	   0.000000e+00	   0.000000e+00	   0.000000e+00	   0.000000e+00	   0.000000e+00	   0.000000e+00	   0.000000e+00	   0.000000e+00	   0.000000e+00	   0.000000e+00	   0.000000e+00	   0.000000e+00	   0.000000e+00	   0.000000e+00	   0.000000e+00	   0.000000e+00	   0.000000e+00	   0.000000e+00	   0.000000e+00	   0.000000e+00	   0.000000e+00	   0.000000e+00	   0.000000e+00	   1.000000e+00	   0.000000e+00	   0.000000e+00	   0.000000e+00	   0.000000e+00	   0.000000e+00	   0.000000e+00	   0.000000e+00	   0.000000e+00	   0.000000e+00	   0.000000e+00	   0.000000e+00	   0.000000e+00	   0.000000e+00	   0.000000e+00	   0.000000e+00	   0.000000e+00	   0.000000e+00	   0.000000e+00	   0.000000e+00	   0.000000e+00	   0.000000e+00	   0.000000e+00	   0.000000e+00	   0.000000e+00	   0.000000e+00	   0.000000e+00	   0.000000e+00	   0.000000e+00	   0.000000e+00	   0.000000e+00	   0.000000e+00	   0.000000e+00	   0.000000e+00	   0.000000e+00	   0.000000e+00	   0.000000e+00	   2.026500e+06
   3.577154e-05	   4.500000e+02	   0.000000e+00	   0.000000e+00	   0.000000e+00	   0.000000e+00	   0.000000e+00	   0.000000e+00	   0.000000e+00	   0.000000e+00	   0.000000e+00	   0.000000e+00	   0.000000e+00	   0.000000e+00	   0.000000e+00	   0.000000e+00	   0.000000e+00	   0.000000e+00	   0.000000e+00	   0.000000e+00	   0.000000e+00	   0.000000e+00	   0.000000e+00	   0.000000e+00	   0.000000e+00	   0.000000e+00	   0.000000e+00	   0.000000e+00	   0.000000e+00	   0.000000e+00	   0.000000e+00	   0.000000e+00	   0.000000e+00	   0.000000e+00	   0.000000e+00	   0.000000e+00	   0.000000e+00	   0.000000e+00	   0.000000e+00	   1.000000e+00	   0.000000e+00	   0.000000e+00	   0.000000e+00	   0.000000e+00	   0.000000e+00	   0.000000e+00	   0.000000e+00	   0.000000e+00	   0.000000e+00	   0.000000e+00	   0.000000e+00	   0.000000e+00	   0.000000e+00	   0.000000e+00	   0.000000e+00	   0.000000e+00	   0.000000e+00	   0.000000e+00	   0.000000e+00	   0.000000e+00	   0.000000e+00	   0.000000e+00	   0.000000e+00	   0.000000e+00	   0.000000e+00	   0.000000e+00	   0.000000e+00	   0.000000e+00	   0.000000e+00	   0.000000e+00	   0.000000e+00	   0.000000e+00	   0.000000e+00	   0.000000e+00	   0.000000e+00	   0.000000e+00	   2.026500e+06
   3.587174e-05	   4.500000e+02	   0.000000e+00	   0.000000e+00	   0.000000e+00	   0.000000e+00	   0.000000e+00	   0.000000e+00	   0.000000e+00	   0.000000e+00	   0.000000e+00	   0.000000e+00	   0.000000e+00	   0.000000e+00	   0.000000e+00	   0.000000e+00	   0.000000e+00	   0.000000e+00	   0.000000e+00	   0.000000e+00	   0.000000e+00	   0.000000e+00	   0.000000e+00	   0.000000e+00	   0.000000e+00	   0.000000e+00	   0.000000e+00	   0.000000e+00	   0.000000e+00	   0.000000e+00	   0.000000e+00	   0.000000e+00	   0.000000e+00	   0.000000e+00	   0.000000e+00	   0.000000e+00	   0.000000e+00	   0.000000e+00	   0.000000e+00	   1.000000e+00	   0.000000e+00	   0.000000e+00	   0.000000e+00	   0.000000e+00	   0.000000e+00	   0.000000e+00	   0.000000e+00	   0.000000e+00	   0.000000e+00	   0.000000e+00	   0.000000e+00	   0.000000e+00	   0.000000e+00	   0.000000e+00	   0.000000e+00	   0.000000e+00	   0.000000e+00	   0.000000e+00	   0.000000e+00	   0.000000e+00	   0.000000e+00	   0.000000e+00	   0.000000e+00	   0.000000e+00	   0.000000e+00	   0.000000e+00	   0.000000e+00	   0.000000e+00	   0.000000e+00	   0.000000e+00	   0.000000e+00	   0.000000e+00	   0.000000e+00	   0.000000e+00	   0.000000e+00	   0.000000e+00	   2.026500e+06
   3.597194e-05	   4.500000e+02	   0.000000e+00	   0.000000e+00	   0.000000e+00	   0.000000e+00	   0.000000e+00	   0.000000e+00	   0.000000e+00	   0.000000e+00	   0.000000e+00	   0.000000e+00	   0.000000e+00	   0.000000e+00	   0.000000e+00	   0.000000e+00	   0.000000e+00	   0.000000e+00	   0.000000e+00	   0.000000e+00	   0.000000e+00	   0.000000e+00	   0.000000e+00	   0.000000e+00	   0.000000e+00	   0.000000e+00	   0.000000e+00	   0.000000e+00	   0.000000e+00	   0.000000e+00	   0.000000e+00	   0.000000e+00	   0.000000e+00	   0.000000e+00	   0.000000e+00	   0.000000e+00	   0.000000e+00	   0.000000e+00	   0.000000e+00	   1.000000e+00	   0.000000e+00	   0.000000e+00	   0.000000e+00	   0.000000e+00	   0.000000e+00	   0.000000e+00	   0.000000e+00	   0.000000e+00	   0.000000e+00	   0.000000e+00	   0.000000e+00	   0.000000e+00	   0.000000e+00	   0.000000e+00	   0.000000e+00	   0.000000e+00	   0.000000e+00	   0.000000e+00	   0.000000e+00	   0.000000e+00	   0.000000e+00	   0.000000e+00	   0.000000e+00	   0.000000e+00	   0.000000e+00	   0.000000e+00	   0.000000e+00	   0.000000e+00	   0.000000e+00	   0.000000e+00	   0.000000e+00	   0.000000e+00	   0.000000e+00	   0.000000e+00	   0.000000e+00	   0.000000e+00	   2.026500e+06
   3.607214e-05	   4.500000e+02	   0.000000e+00	   0.000000e+00	   0.000000e+00	   0.000000e+00	   0.000000e+00	   0.000000e+00	   0.000000e+00	   0.000000e+00	   0.000000e+00	   0.000000e+00	   0.000000e+00	   0.000000e+00	   0.000000e+00	   0.000000e+00	   0.000000e+00	   0.000000e+00	   0.000000e+00	   0.000000e+00	   0.000000e+00	   0.000000e+00	   0.000000e+00	   0.000000e+00	   0.000000e+00	   0.000000e+00	   0.000000e+00	   0.000000e+00	   0.000000e+00	   0.000000e+00	   0.000000e+00	   0.000000e+00	   0.000000e+00	   0.000000e+00	   0.000000e+00	   0.000000e+00	   0.000000e+00	   0.000000e+00	   0.000000e+00	   1.000000e+00	   0.000000e+00	   0.000000e+00	   0.000000e+00	   0.000000e+00	   0.000000e+00	   0.000000e+00	   0.000000e+00	   0.000000e+00	   0.000000e+00	   0.000000e+00	   0.000000e+00	   0.000000e+00	   0.000000e+00	   0.000000e+00	   0.000000e+00	   0.000000e+00	   0.000000e+00	   0.000000e+00	   0.000000e+00	   0.000000e+00	   0.000000e+00	   0.000000e+00	   0.000000e+00	   0.000000e+00	   0.000000e+00	   0.000000e+00	   0.000000e+00	   0.000000e+00	   0.000000e+00	   0.000000e+00	   0.000000e+00	   0.000000e+00	   0.000000e+00	   0.000000e+00	   0.000000e+00	   0.000000e+00	   2.026500e+06
   3.617234e-05	   4.500000e+02	   0.000000e+00	   0.000000e+00	   0.000000e+00	   0.000000e+00	   0.000000e+00	   0.000000e+00	   0.000000e+00	   0.000000e+00	   0.000000e+00	   0.000000e+00	   0.000000e+00	   0.000000e+00	   0.000000e+00	   0.000000e+00	   0.000000e+00	   0.000000e+00	   0.000000e+00	   0.000000e+00	   0.000000e+00	   0.000000e+00	   0.000000e+00	   0.000000e+00	   0.000000e+00	   0.000000e+00	   0.000000e+00	   0.000000e+00	   0.000000e+00	   0.000000e+00	   0.000000e+00	   0.000000e+00	   0.000000e+00	   0.000000e+00	   0.000000e+00	   0.000000e+00	   0.000000e+00	   0.000000e+00	   0.000000e+00	   1.000000e+00	   0.000000e+00	   0.000000e+00	   0.000000e+00	   0.000000e+00	   0.000000e+00	   0.000000e+00	   0.000000e+00	   0.000000e+00	   0.000000e+00	   0.000000e+00	   0.000000e+00	   0.000000e+00	   0.000000e+00	   0.000000e+00	   0.000000e+00	   0.000000e+00	   0.000000e+00	   0.000000e+00	   0.000000e+00	   0.000000e+00	   0.000000e+00	   0.000000e+00	   0.000000e+00	   0.000000e+00	   0.000000e+00	   0.000000e+00	   0.000000e+00	   0.000000e+00	   0.000000e+00	   0.000000e+00	   0.000000e+00	   0.000000e+00	   0.000000e+00	   0.000000e+00	   0.000000e+00	   0.000000e+00	   2.026500e+06
   3.627255e-05	   4.500000e+02	   0.000000e+00	   0.000000e+00	   0.000000e+00	   0.000000e+00	   0.000000e+00	   0.000000e+00	   0.000000e+00	   0.000000e+00	   0.000000e+00	   0.000000e+00	   0.000000e+00	   0.000000e+00	   0.000000e+00	   0.000000e+00	   0.000000e+00	   0.000000e+00	   0.000000e+00	   0.000000e+00	   0.000000e+00	   0.000000e+00	   0.000000e+00	   0.000000e+00	   0.000000e+00	   0.000000e+00	   0.000000e+00	   0.000000e+00	   0.000000e+00	   0.000000e+00	   0.000000e+00	   0.000000e+00	   0.000000e+00	   0.000000e+00	   0.000000e+00	   0.000000e+00	   0.000000e+00	   0.000000e+00	   0.000000e+00	   1.000000e+00	   0.000000e+00	   0.000000e+00	   0.000000e+00	   0.000000e+00	   0.000000e+00	   0.000000e+00	   0.000000e+00	   0.000000e+00	   0.000000e+00	   0.000000e+00	   0.000000e+00	   0.000000e+00	   0.000000e+00	   0.000000e+00	   0.000000e+00	   0.000000e+00	   0.000000e+00	   0.000000e+00	   0.000000e+00	   0.000000e+00	   0.000000e+00	   0.000000e+00	   0.000000e+00	   0.000000e+00	   0.000000e+00	   0.000000e+00	   0.000000e+00	   0.000000e+00	   0.000000e+00	   0.000000e+00	   0.000000e+00	   0.000000e+00	   0.000000e+00	   0.000000e+00	   0.000000e+00	   0.000000e+00	   2.026500e+06
   3.637275e-05	   4.500000e+02	   0.000000e+00	   0.000000e+00	   0.000000e+00	   0.000000e+00	   0.000000e+00	   0.000000e+00	   0.000000e+00	   0.000000e+00	   0.000000e+00	   0.000000e+00	   0.000000e+00	   0.000000e+00	   0.000000e+00	   0.000000e+00	   0.000000e+00	   0.000000e+00	   0.000000e+00	   0.000000e+00	   0.000000e+00	   0.000000e+00	   0.000000e+00	   0.000000e+00	   0.000000e+00	   0.000000e+00	   0.000000e+00	   0.000000e+00	   0.000000e+00	   0.000000e+00	   0.000000e+00	   0.000000e+00	   0.000000e+00	   0.000000e+00	   0.000000e+00	   0.000000e+00	   0.000000e+00	   0.000000e+00	   0.000000e+00	   1.000000e+00	   0.000000e+00	   0.000000e+00	   0.000000e+00	   0.000000e+00	   0.000000e+00	   0.000000e+00	   0.000000e+00	   0.000000e+00	   0.000000e+00	   0.000000e+00	   0.000000e+00	   0.000000e+00	   0.000000e+00	   0.000000e+00	   0.000000e+00	   0.000000e+00	   0.000000e+00	   0.000000e+00	   0.000000e+00	   0.000000e+00	   0.000000e+00	   0.000000e+00	   0.000000e+00	   0.000000e+00	   0.000000e+00	   0.000000e+00	   0.000000e+00	   0.000000e+00	   0.000000e+00	   0.000000e+00	   0.000000e+00	   0.000000e+00	   0.000000e+00	   0.000000e+00	   0.000000e+00	   0.000000e+00	   2.026500e+06
   3.647295e-05	   4.500000e+02	   0.000000e+00	   0.000000e+00	   0.000000e+00	   0.000000e+00	   0.000000e+00	   0.000000e+00	   0.000000e+00	   0.000000e+00	   0.000000e+00	   0.000000e+00	   0.000000e+00	   0.000000e+00	   0.000000e+00	   0.000000e+00	   0.000000e+00	   0.000000e+00	   0.000000e+00	   0.000000e+00	   0.000000e+00	   0.000000e+00	   0.000000e+00	   0.000000e+00	   0.000000e+00	   0.000000e+00	   0.000000e+00	   0.000000e+00	   0.000000e+00	   0.000000e+00	   0.000000e+00	   0.000000e+00	   0.000000e+00	   0.000000e+00	   0.000000e+00	   0.000000e+00	   0.000000e+00	   0.000000e+00	   0.000000e+00	   1.000000e+00	   0.000000e+00	   0.000000e+00	   0.000000e+00	   0.000000e+00	   0.000000e+00	   0.000000e+00	   0.000000e+00	   0.000000e+00	   0.000000e+00	   0.000000e+00	   0.000000e+00	   0.000000e+00	   0.000000e+00	   0.000000e+00	   0.000000e+00	   0.000000e+00	   0.000000e+00	   0.000000e+00	   0.000000e+00	   0.000000e+00	   0.000000e+00	   0.000000e+00	   0.000000e+00	   0.000000e+00	   0.000000e+00	   0.000000e+00	   0.000000e+00	   0.000000e+00	   0.000000e+00	   0.000000e+00	   0.000000e+00	   0.000000e+00	   0.000000e+00	   0.000000e+00	   0.000000e+00	   0.000000e+00	   2.026500e+06
   3.657315e-05	   4.500000e+02	   0.000000e+00	   0.000000e+00	   0.000000e+00	   0.000000e+00	   0.000000e+00	   0.000000e+00	   0.000000e+00	   0.000000e+00	   0.000000e+00	   0.000000e+00	   0.000000e+00	   0.000000e+00	   0.000000e+00	   0.000000e+00	   0.000000e+00	   0.000000e+00	   0.000000e+00	   0.000000e+00	   0.000000e+00	   0.000000e+00	   0.000000e+00	   0.000000e+00	   0.000000e+00	   0.000000e+00	   0.000000e+00	   0.000000e+00	   0.000000e+00	   0.000000e+00	   0.000000e+00	   0.000000e+00	   0.000000e+00	   0.000000e+00	   0.000000e+00	   0.000000e+00	   0.000000e+00	   0.000000e+00	   0.000000e+00	   1.000000e+00	   0.000000e+00	   0.000000e+00	   0.000000e+00	   0.000000e+00	   0.000000e+00	   0.000000e+00	   0.000000e+00	   0.000000e+00	   0.000000e+00	   0.000000e+00	   0.000000e+00	   0.000000e+00	   0.000000e+00	   0.000000e+00	   0.000000e+00	   0.000000e+00	   0.000000e+00	   0.000000e+00	   0.000000e+00	   0.000000e+00	   0.000000e+00	   0.000000e+00	   0.000000e+00	   0.000000e+00	   0.000000e+00	   0.000000e+00	   0.000000e+00	   0.000000e+00	   0.000000e+00	   0.000000e+00	   0.000000e+00	   0.000000e+00	   0.000000e+00	   0.000000e+00	   0.000000e+00	   0.000000e+00	   2.026500e+06
   3.667335e-05	   4.500000e+02	   0.000000e+00	   0.000000e+00	   0.000000e+00	   0.000000e+00	   0.000000e+00	   0.000000e+00	   0.000000e+00	   0.000000e+00	   0.000000e+00	   0.000000e+00	   0.000000e+00	   0.000000e+00	   0.000000e+00	   0.000000e+00	   0.000000e+00	   0.000000e+00	   0.000000e+00	   0.000000e+00	   0.000000e+00	   0.000000e+00	   0.000000e+00	   0.000000e+00	   0.000000e+00	   0.000000e+00	   0.000000e+00	   0.000000e+00	   0.000000e+00	   0.000000e+00	   0.000000e+00	   0.000000e+00	   0.000000e+00	   0.000000e+00	   0.000000e+00	   0.000000e+00	   0.000000e+00	   0.000000e+00	   0.000000e+00	   1.000000e+00	   0.000000e+00	   0.000000e+00	   0.000000e+00	   0.000000e+00	   0.000000e+00	   0.000000e+00	   0.000000e+00	   0.000000e+00	   0.000000e+00	   0.000000e+00	   0.000000e+00	   0.000000e+00	   0.000000e+00	   0.000000e+00	   0.000000e+00	   0.000000e+00	   0.000000e+00	   0.000000e+00	   0.000000e+00	   0.000000e+00	   0.000000e+00	   0.000000e+00	   0.000000e+00	   0.000000e+00	   0.000000e+00	   0.000000e+00	   0.000000e+00	   0.000000e+00	   0.000000e+00	   0.000000e+00	   0.000000e+00	   0.000000e+00	   0.000000e+00	   0.000000e+00	   0.000000e+00	   0.000000e+00	   2.026500e+06
   3.677355e-05	   4.500000e+02	   0.000000e+00	   0.000000e+00	   0.000000e+00	   0.000000e+00	   0.000000e+00	   0.000000e+00	   0.000000e+00	   0.000000e+00	   0.000000e+00	   0.000000e+00	   0.000000e+00	   0.000000e+00	   0.000000e+00	   0.000000e+00	   0.000000e+00	   0.000000e+00	   0.000000e+00	   0.000000e+00	   0.000000e+00	   0.000000e+00	   0.000000e+00	   0.000000e+00	   0.000000e+00	   0.000000e+00	   0.000000e+00	   0.000000e+00	   0.000000e+00	   0.000000e+00	   0.000000e+00	   0.000000e+00	   0.000000e+00	   0.000000e+00	   0.000000e+00	   0.000000e+00	   0.000000e+00	   0.000000e+00	   0.000000e+00	   1.000000e+00	   0.000000e+00	   0.000000e+00	   0.000000e+00	   0.000000e+00	   0.000000e+00	   0.000000e+00	   0.000000e+00	   0.000000e+00	   0.000000e+00	   0.000000e+00	   0.000000e+00	   0.000000e+00	   0.000000e+00	   0.000000e+00	   0.000000e+00	   0.000000e+00	   0.000000e+00	   0.000000e+00	   0.000000e+00	   0.000000e+00	   0.000000e+00	   0.000000e+00	   0.000000e+00	   0.000000e+00	   0.000000e+00	   0.000000e+00	   0.000000e+00	   0.000000e+00	   0.000000e+00	   0.000000e+00	   0.000000e+00	   0.000000e+00	   0.000000e+00	   0.000000e+00	   0.000000e+00	   0.000000e+00	   2.026500e+06
   3.687375e-05	   4.500000e+02	   0.000000e+00	   0.000000e+00	   0.000000e+00	   0.000000e+00	   0.000000e+00	   0.000000e+00	   0.000000e+00	   0.000000e+00	   0.000000e+00	   0.000000e+00	   0.000000e+00	   0.000000e+00	   0.000000e+00	   0.000000e+00	   0.000000e+00	   0.000000e+00	   0.000000e+00	   0.000000e+00	   0.000000e+00	   0.000000e+00	   0.000000e+00	   0.000000e+00	   0.000000e+00	   0.000000e+00	   0.000000e+00	   0.000000e+00	   0.000000e+00	   0.000000e+00	   0.000000e+00	   0.000000e+00	   0.000000e+00	   0.000000e+00	   0.000000e+00	   0.000000e+00	   0.000000e+00	   0.000000e+00	   0.000000e+00	   1.000000e+00	   0.000000e+00	   0.000000e+00	   0.000000e+00	   0.000000e+00	   0.000000e+00	   0.000000e+00	   0.000000e+00	   0.000000e+00	   0.000000e+00	   0.000000e+00	   0.000000e+00	   0.000000e+00	   0.000000e+00	   0.000000e+00	   0.000000e+00	   0.000000e+00	   0.000000e+00	   0.000000e+00	   0.000000e+00	   0.000000e+00	   0.000000e+00	   0.000000e+00	   0.000000e+00	   0.000000e+00	   0.000000e+00	   0.000000e+00	   0.000000e+00	   0.000000e+00	   0.000000e+00	   0.000000e+00	   0.000000e+00	   0.000000e+00	   0.000000e+00	   0.000000e+00	   0.000000e+00	   0.000000e+00	   2.026500e+06
   3.697395e-05	   4.500000e+02	   0.000000e+00	   0.000000e+00	   0.000000e+00	   0.000000e+00	   0.000000e+00	   0.000000e+00	   0.000000e+00	   0.000000e+00	   0.000000e+00	   0.000000e+00	   0.000000e+00	   0.000000e+00	   0.000000e+00	   0.000000e+00	   0.000000e+00	   0.000000e+00	   0.000000e+00	   0.000000e+00	   0.000000e+00	   0.000000e+00	   0.000000e+00	   0.000000e+00	   0.000000e+00	   0.000000e+00	   0.000000e+00	   0.000000e+00	   0.000000e+00	   0.000000e+00	   0.000000e+00	   0.000000e+00	   0.000000e+00	   0.000000e+00	   0.000000e+00	   0.000000e+00	   0.000000e+00	   0.000000e+00	   0.000000e+00	   1.000000e+00	   0.000000e+00	   0.000000e+00	   0.000000e+00	   0.000000e+00	   0.000000e+00	   0.000000e+00	   0.000000e+00	   0.000000e+00	   0.000000e+00	   0.000000e+00	   0.000000e+00	   0.000000e+00	   0.000000e+00	   0.000000e+00	   0.000000e+00	   0.000000e+00	   0.000000e+00	   0.000000e+00	   0.000000e+00	   0.000000e+00	   0.000000e+00	   0.000000e+00	   0.000000e+00	   0.000000e+00	   0.000000e+00	   0.000000e+00	   0.000000e+00	   0.000000e+00	   0.000000e+00	   0.000000e+00	   0.000000e+00	   0.000000e+00	   0.000000e+00	   0.000000e+00	   0.000000e+00	   0.000000e+00	   2.026500e+06
   3.707415e-05	   4.500000e+02	   0.000000e+00	   0.000000e+00	   0.000000e+00	   0.000000e+00	   0.000000e+00	   0.000000e+00	   0.000000e+00	   0.000000e+00	   0.000000e+00	   0.000000e+00	   0.000000e+00	   0.000000e+00	   0.000000e+00	   0.000000e+00	   0.000000e+00	   0.000000e+00	   0.000000e+00	   0.000000e+00	   0.000000e+00	   0.000000e+00	   0.000000e+00	   0.000000e+00	   0.000000e+00	   0.000000e+00	   0.000000e+00	   0.000000e+00	   0.000000e+00	   0.000000e+00	   0.000000e+00	   0.000000e+00	   0.000000e+00	   0.000000e+00	   0.000000e+00	   0.000000e+00	   0.000000e+00	   0.000000e+00	   0.000000e+00	   1.000000e+00	   0.000000e+00	   0.000000e+00	   0.000000e+00	   0.000000e+00	   0.000000e+00	   0.000000e+00	   0.000000e+00	   0.000000e+00	   0.000000e+00	   0.000000e+00	   0.000000e+00	   0.000000e+00	   0.000000e+00	   0.000000e+00	   0.000000e+00	   0.000000e+00	   0.000000e+00	   0.000000e+00	   0.000000e+00	   0.000000e+00	   0.000000e+00	   0.000000e+00	   0.000000e+00	   0.000000e+00	   0.000000e+00	   0.000000e+00	   0.000000e+00	   0.000000e+00	   0.000000e+00	   0.000000e+00	   0.000000e+00	   0.000000e+00	   0.000000e+00	   0.000000e+00	   0.000000e+00	   0.000000e+00	   2.026500e+06
   3.717435e-05	   4.500000e+02	   0.000000e+00	   0.000000e+00	   0.000000e+00	   0.000000e+00	   0.000000e+00	   0.000000e+00	   0.000000e+00	   0.000000e+00	   0.000000e+00	   0.000000e+00	   0.000000e+00	   0.000000e+00	   0.000000e+00	   0.000000e+00	   0.000000e+00	   0.000000e+00	   0.000000e+00	   0.000000e+00	   0.000000e+00	   0.000000e+00	   0.000000e+00	   0.000000e+00	   0.000000e+00	   0.000000e+00	   0.000000e+00	   0.000000e+00	   0.000000e+00	   0.000000e+00	   0.000000e+00	   0.000000e+00	   0.000000e+00	   0.000000e+00	   0.000000e+00	   0.000000e+00	   0.000000e+00	   0.000000e+00	   0.000000e+00	   1.000000e+00	   0.000000e+00	   0.000000e+00	   0.000000e+00	   0.000000e+00	   0.000000e+00	   0.000000e+00	   0.000000e+00	   0.000000e+00	   0.000000e+00	   0.000000e+00	   0.000000e+00	   0.000000e+00	   0.000000e+00	   0.000000e+00	   0.000000e+00	   0.000000e+00	   0.000000e+00	   0.000000e+00	   0.000000e+00	   0.000000e+00	   0.000000e+00	   0.000000e+00	   0.000000e+00	   0.000000e+00	   0.000000e+00	   0.000000e+00	   0.000000e+00	   0.000000e+00	   0.000000e+00	   0.000000e+00	   0.000000e+00	   0.000000e+00	   0.000000e+00	   0.000000e+00	   0.000000e+00	   0.000000e+00	   2.026500e+06
   3.727455e-05	   4.500000e+02	   0.000000e+00	   0.000000e+00	   0.000000e+00	   0.000000e+00	   0.000000e+00	   0.000000e+00	   0.000000e+00	   0.000000e+00	   0.000000e+00	   0.000000e+00	   0.000000e+00	   0.000000e+00	   0.000000e+00	   0.000000e+00	   0.000000e+00	   0.000000e+00	   0.000000e+00	   0.000000e+00	   0.000000e+00	   0.000000e+00	   0.000000e+00	   0.000000e+00	   0.000000e+00	   0.000000e+00	   0.000000e+00	   0.000000e+00	   0.000000e+00	   0.000000e+00	   0.000000e+00	   0.000000e+00	   0.000000e+00	   0.000000e+00	   0.000000e+00	   0.000000e+00	   0.000000e+00	   0.000000e+00	   0.000000e+00	   1.000000e+00	   0.000000e+00	   0.000000e+00	   0.000000e+00	   0.000000e+00	   0.000000e+00	   0.000000e+00	   0.000000e+00	   0.000000e+00	   0.000000e+00	   0.000000e+00	   0.000000e+00	   0.000000e+00	   0.000000e+00	   0.000000e+00	   0.000000e+00	   0.000000e+00	   0.000000e+00	   0.000000e+00	   0.000000e+00	   0.000000e+00	   0.000000e+00	   0.000000e+00	   0.000000e+00	   0.000000e+00	   0.000000e+00	   0.000000e+00	   0.000000e+00	   0.000000e+00	   0.000000e+00	   0.000000e+00	   0.000000e+00	   0.000000e+00	   0.000000e+00	   0.000000e+00	   0.000000e+00	   0.000000e+00	   2.026500e+06
   3.737475e-05	   4.500000e+02	   0.000000e+00	   0.000000e+00	   0.000000e+00	   0.000000e+00	   0.000000e+00	   0.000000e+00	   0.000000e+00	   0.000000e+00	   0.000000e+00	   0.000000e+00	   0.000000e+00	   0.000000e+00	   0.000000e+00	   0.000000e+00	   0.000000e+00	   0.000000e+00	   0.000000e+00	   0.000000e+00	   0.000000e+00	   0.000000e+00	   0.000000e+00	   0.000000e+00	   0.000000e+00	   0.000000e+00	   0.000000e+00	   0.000000e+00	   0.000000e+00	   0.000000e+00	   0.000000e+00	   0.000000e+00	   0.000000e+00	   0.000000e+00	   0.000000e+00	   0.000000e+00	   0.000000e+00	   0.000000e+00	   0.000000e+00	   1.000000e+00	   0.000000e+00	   0.000000e+00	   0.000000e+00	   0.000000e+00	   0.000000e+00	   0.000000e+00	   0.000000e+00	   0.000000e+00	   0.000000e+00	   0.000000e+00	   0.000000e+00	   0.000000e+00	   0.000000e+00	   0.000000e+00	   0.000000e+00	   0.000000e+00	   0.000000e+00	   0.000000e+00	   0.000000e+00	   0.000000e+00	   0.000000e+00	   0.000000e+00	   0.000000e+00	   0.000000e+00	   0.000000e+00	   0.000000e+00	   0.000000e+00	   0.000000e+00	   0.000000e+00	   0.000000e+00	   0.000000e+00	   0.000000e+00	   0.000000e+00	   0.000000e+00	   0.000000e+00	   0.000000e+00	   2.026500e+06
   3.747495e-05	   4.500000e+02	   0.000000e+00	   0.000000e+00	   0.000000e+00	   0.000000e+00	   0.000000e+00	   0.000000e+00	   0.000000e+00	   0.000000e+00	   0.000000e+00	   0.000000e+00	   0.000000e+00	   0.000000e+00	   0.000000e+00	   0.000000e+00	   0.000000e+00	   0.000000e+00	   0.000000e+00	   0.000000e+00	   0.000000e+00	   0.000000e+00	   0.000000e+00	   0.000000e+00	   0.000000e+00	   0.000000e+00	   0.000000e+00	   0.000000e+00	   0.000000e+00	   0.000000e+00	   0.000000e+00	   0.000000e+00	   0.000000e+00	   0.000000e+00	   0.000000e+00	   0.000000e+00	   0.000000e+00	   0.000000e+00	   0.000000e+00	   1.000000e+00	   0.000000e+00	   0.000000e+00	   0.000000e+00	   0.000000e+00	   0.000000e+00	   0.000000e+00	   0.000000e+00	   0.000000e+00	   0.000000e+00	   0.000000e+00	   0.000000e+00	   0.000000e+00	   0.000000e+00	   0.000000e+00	   0.000000e+00	   0.000000e+00	   0.000000e+00	   0.000000e+00	   0.000000e+00	   0.000000e+00	   0.000000e+00	   0.000000e+00	   0.000000e+00	   0.000000e+00	   0.000000e+00	   0.000000e+00	   0.000000e+00	   0.000000e+00	   0.000000e+00	   0.000000e+00	   0.000000e+00	   0.000000e+00	   0.000000e+00	   0.000000e+00	   0.000000e+00	   0.000000e+00	   2.026500e+06
   3.757515e-05	   4.500000e+02	   0.000000e+00	   0.000000e+00	   0.000000e+00	   0.000000e+00	   0.000000e+00	   0.000000e+00	   0.000000e+00	   0.000000e+00	   0.000000e+00	   0.000000e+00	   0.000000e+00	   0.000000e+00	   0.000000e+00	   0.000000e+00	   0.000000e+00	   0.000000e+00	   0.000000e+00	   0.000000e+00	   0.000000e+00	   0.000000e+00	   0.000000e+00	   0.000000e+00	   0.000000e+00	   0.000000e+00	   0.000000e+00	   0.000000e+00	   0.000000e+00	   0.000000e+00	   0.000000e+00	   0.000000e+00	   0.000000e+00	   0.000000e+00	   0.000000e+00	   0.000000e+00	   0.000000e+00	   0.000000e+00	   0.000000e+00	   1.000000e+00	   0.000000e+00	   0.000000e+00	   0.000000e+00	   0.000000e+00	   0.000000e+00	   0.000000e+00	   0.000000e+00	   0.000000e+00	   0.000000e+00	   0.000000e+00	   0.000000e+00	   0.000000e+00	   0.000000e+00	   0.000000e+00	   0.000000e+00	   0.000000e+00	   0.000000e+00	   0.000000e+00	   0.000000e+00	   0.000000e+00	   0.000000e+00	   0.000000e+00	   0.000000e+00	   0.000000e+00	   0.000000e+00	   0.000000e+00	   0.000000e+00	   0.000000e+00	   0.000000e+00	   0.000000e+00	   0.000000e+00	   0.000000e+00	   0.000000e+00	   0.000000e+00	   0.000000e+00	   0.000000e+00	   2.026500e+06
   3.767535e-05	   4.500000e+02	   0.000000e+00	   0.000000e+00	   0.000000e+00	   0.000000e+00	   0.000000e+00	   0.000000e+00	   0.000000e+00	   0.000000e+00	   0.000000e+00	   0.000000e+00	   0.000000e+00	   0.000000e+00	   0.000000e+00	   0.000000e+00	   0.000000e+00	   0.000000e+00	   0.000000e+00	   0.000000e+00	   0.000000e+00	   0.000000e+00	   0.000000e+00	   0.000000e+00	   0.000000e+00	   0.000000e+00	   0.000000e+00	   0.000000e+00	   0.000000e+00	   0.000000e+00	   0.000000e+00	   0.000000e+00	   0.000000e+00	   0.000000e+00	   0.000000e+00	   0.000000e+00	   0.000000e+00	   0.000000e+00	   0.000000e+00	   1.000000e+00	   0.000000e+00	   0.000000e+00	   0.000000e+00	   0.000000e+00	   0.000000e+00	   0.000000e+00	   0.000000e+00	   0.000000e+00	   0.000000e+00	   0.000000e+00	   0.000000e+00	   0.000000e+00	   0.000000e+00	   0.000000e+00	   0.000000e+00	   0.000000e+00	   0.000000e+00	   0.000000e+00	   0.000000e+00	   0.000000e+00	   0.000000e+00	   0.000000e+00	   0.000000e+00	   0.000000e+00	   0.000000e+00	   0.000000e+00	   0.000000e+00	   0.000000e+00	   0.000000e+00	   0.000000e+00	   0.000000e+00	   0.000000e+00	   0.000000e+00	   0.000000e+00	   0.000000e+00	   0.000000e+00	   2.026500e+06
   3.777555e-05	   4.500000e+02	   0.000000e+00	   0.000000e+00	   0.000000e+00	   0.000000e+00	   0.000000e+00	   0.000000e+00	   0.000000e+00	   0.000000e+00	   0.000000e+00	   0.000000e+00	   0.000000e+00	   0.000000e+00	   0.000000e+00	   0.000000e+00	   0.000000e+00	   0.000000e+00	   0.000000e+00	   0.000000e+00	   0.000000e+00	   0.000000e+00	   0.000000e+00	   0.000000e+00	   0.000000e+00	   0.000000e+00	   0.000000e+00	   0.000000e+00	   0.000000e+00	   0.000000e+00	   0.000000e+00	   0.000000e+00	   0.000000e+00	   0.000000e+00	   0.000000e+00	   0.000000e+00	   0.000000e+00	   0.000000e+00	   0.000000e+00	   1.000000e+00	   0.000000e+00	   0.000000e+00	   0.000000e+00	   0.000000e+00	   0.000000e+00	   0.000000e+00	   0.000000e+00	   0.000000e+00	   0.000000e+00	   0.000000e+00	   0.000000e+00	   0.000000e+00	   0.000000e+00	   0.000000e+00	   0.000000e+00	   0.000000e+00	   0.000000e+00	   0.000000e+00	   0.000000e+00	   0.000000e+00	   0.000000e+00	   0.000000e+00	   0.000000e+00	   0.000000e+00	   0.000000e+00	   0.000000e+00	   0.000000e+00	   0.000000e+00	   0.000000e+00	   0.000000e+00	   0.000000e+00	   0.000000e+00	   0.000000e+00	   0.000000e+00	   0.000000e+00	   0.000000e+00	   2.026500e+06
   3.787575e-05	   4.500000e+02	   0.000000e+00	   0.000000e+00	   0.000000e+00	   0.000000e+00	   0.000000e+00	   0.000000e+00	   0.000000e+00	   0.000000e+00	   0.000000e+00	   0.000000e+00	   0.000000e+00	   0.000000e+00	   0.000000e+00	   0.000000e+00	   0.000000e+00	   0.000000e+00	   0.000000e+00	   0.000000e+00	   0.000000e+00	   0.000000e+00	   0.000000e+00	   0.000000e+00	   0.000000e+00	   0.000000e+00	   0.000000e+00	   0.000000e+00	   0.000000e+00	   0.000000e+00	   0.000000e+00	   0.000000e+00	   0.000000e+00	   0.000000e+00	   0.000000e+00	   0.000000e+00	   0.000000e+00	   0.000000e+00	   0.000000e+00	   1.000000e+00	   0.000000e+00	   0.000000e+00	   0.000000e+00	   0.000000e+00	   0.000000e+00	   0.000000e+00	   0.000000e+00	   0.000000e+00	   0.000000e+00	   0.000000e+00	   0.000000e+00	   0.000000e+00	   0.000000e+00	   0.000000e+00	   0.000000e+00	   0.000000e+00	   0.000000e+00	   0.000000e+00	   0.000000e+00	   0.000000e+00	   0.000000e+00	   0.000000e+00	   0.000000e+00	   0.000000e+00	   0.000000e+00	   0.000000e+00	   0.000000e+00	   0.000000e+00	   0.000000e+00	   0.000000e+00	   0.000000e+00	   0.000000e+00	   0.000000e+00	   0.000000e+00	   0.000000e+00	   0.000000e+00	   2.026500e+06
   3.797595e-05	   4.500000e+02	   0.000000e+00	   0.000000e+00	   0.000000e+00	   0.000000e+00	   0.000000e+00	   0.000000e+00	   0.000000e+00	   0.000000e+00	   0.000000e+00	   0.000000e+00	   0.000000e+00	   0.000000e+00	   0.000000e+00	   0.000000e+00	   0.000000e+00	   0.000000e+00	   0.000000e+00	   0.000000e+00	   0.000000e+00	   0.000000e+00	   0.000000e+00	   0.000000e+00	   0.000000e+00	   0.000000e+00	   0.000000e+00	   0.000000e+00	   0.000000e+00	   0.000000e+00	   0.000000e+00	   0.000000e+00	   0.000000e+00	   0.000000e+00	   0.000000e+00	   0.000000e+00	   0.000000e+00	   0.000000e+00	   0.000000e+00	   1.000000e+00	   0.000000e+00	   0.000000e+00	   0.000000e+00	   0.000000e+00	   0.000000e+00	   0.000000e+00	   0.000000e+00	   0.000000e+00	   0.000000e+00	   0.000000e+00	   0.000000e+00	   0.000000e+00	   0.000000e+00	   0.000000e+00	   0.000000e+00	   0.000000e+00	   0.000000e+00	   0.000000e+00	   0.000000e+00	   0.000000e+00	   0.000000e+00	   0.000000e+00	   0.000000e+00	   0.000000e+00	   0.000000e+00	   0.000000e+00	   0.000000e+00	   0.000000e+00	   0.000000e+00	   0.000000e+00	   0.000000e+00	   0.000000e+00	   0.000000e+00	   0.000000e+00	   0.000000e+00	   0.000000e+00	   2.026500e+06
   3.807615e-05	   4.500000e+02	   0.000000e+00	   0.000000e+00	   0.000000e+00	   0.000000e+00	   0.000000e+00	   0.000000e+00	   0.000000e+00	   0.000000e+00	   0.000000e+00	   0.000000e+00	   0.000000e+00	   0.000000e+00	   0.000000e+00	   0.000000e+00	   0.000000e+00	   0.000000e+00	   0.000000e+00	   0.000000e+00	   0.000000e+00	   0.000000e+00	   0.000000e+00	   0.000000e+00	   0.000000e+00	   0.000000e+00	   0.000000e+00	   0.000000e+00	   0.000000e+00	   0.000000e+00	   0.000000e+00	   0.000000e+00	   0.000000e+00	   0.000000e+00	   0.000000e+00	   0.000000e+00	   0.000000e+00	   0.000000e+00	   0.000000e+00	   1.000000e+00	   0.000000e+00	   0.000000e+00	   0.000000e+00	   0.000000e+00	   0.000000e+00	   0.000000e+00	   0.000000e+00	   0.000000e+00	   0.000000e+00	   0.000000e+00	   0.000000e+00	   0.000000e+00	   0.000000e+00	   0.000000e+00	   0.000000e+00	   0.000000e+00	   0.000000e+00	   0.000000e+00	   0.000000e+00	   0.000000e+00	   0.000000e+00	   0.000000e+00	   0.000000e+00	   0.000000e+00	   0.000000e+00	   0.000000e+00	   0.000000e+00	   0.000000e+00	   0.000000e+00	   0.000000e+00	   0.000000e+00	   0.000000e+00	   0.000000e+00	   0.000000e+00	   0.000000e+00	   0.000000e+00	   2.026500e+06
   3.817635e-05	   4.500000e+02	   0.000000e+00	   0.000000e+00	   0.000000e+00	   0.000000e+00	   0.000000e+00	   0.000000e+00	   0.000000e+00	   0.000000e+00	   0.000000e+00	   0.000000e+00	   0.000000e+00	   0.000000e+00	   0.000000e+00	   0.000000e+00	   0.000000e+00	   0.000000e+00	   0.000000e+00	   0.000000e+00	   0.000000e+00	   0.000000e+00	   0.000000e+00	   0.000000e+00	   0.000000e+00	   0.000000e+00	   0.000000e+00	   0.000000e+00	   0.000000e+00	   0.000000e+00	   0.000000e+00	   0.000000e+00	   0.000000e+00	   0.000000e+00	   0.000000e+00	   0.000000e+00	   0.000000e+00	   0.000000e+00	   0.000000e+00	   1.000000e+00	   0.000000e+00	   0.000000e+00	   0.000000e+00	   0.000000e+00	   0.000000e+00	   0.000000e+00	   0.000000e+00	   0.000000e+00	   0.000000e+00	   0.000000e+00	   0.000000e+00	   0.000000e+00	   0.000000e+00	   0.000000e+00	   0.000000e+00	   0.000000e+00	   0.000000e+00	   0.000000e+00	   0.000000e+00	   0.000000e+00	   0.000000e+00	   0.000000e+00	   0.000000e+00	   0.000000e+00	   0.000000e+00	   0.000000e+00	   0.000000e+00	   0.000000e+00	   0.000000e+00	   0.000000e+00	   0.000000e+00	   0.000000e+00	   0.000000e+00	   0.000000e+00	   0.000000e+00	   0.000000e+00	   2.026500e+06
   3.827655e-05	   4.500000e+02	   0.000000e+00	   0.000000e+00	   0.000000e+00	   0.000000e+00	   0.000000e+00	   0.000000e+00	   0.000000e+00	   0.000000e+00	   0.000000e+00	   0.000000e+00	   0.000000e+00	   0.000000e+00	   0.000000e+00	   0.000000e+00	   0.000000e+00	   0.000000e+00	   0.000000e+00	   0.000000e+00	   0.000000e+00	   0.000000e+00	   0.000000e+00	   0.000000e+00	   0.000000e+00	   0.000000e+00	   0.000000e+00	   0.000000e+00	   0.000000e+00	   0.000000e+00	   0.000000e+00	   0.000000e+00	   0.000000e+00	   0.000000e+00	   0.000000e+00	   0.000000e+00	   0.000000e+00	   0.000000e+00	   0.000000e+00	   1.000000e+00	   0.000000e+00	   0.000000e+00	   0.000000e+00	   0.000000e+00	   0.000000e+00	   0.000000e+00	   0.000000e+00	   0.000000e+00	   0.000000e+00	   0.000000e+00	   0.000000e+00	   0.000000e+00	   0.000000e+00	   0.000000e+00	   0.000000e+00	   0.000000e+00	   0.000000e+00	   0.000000e+00	   0.000000e+00	   0.000000e+00	   0.000000e+00	   0.000000e+00	   0.000000e+00	   0.000000e+00	   0.000000e+00	   0.000000e+00	   0.000000e+00	   0.000000e+00	   0.000000e+00	   0.000000e+00	   0.000000e+00	   0.000000e+00	   0.000000e+00	   0.000000e+00	   0.000000e+00	   0.000000e+00	   2.026500e+06
   3.837675e-05	   4.500000e+02	   0.000000e+00	   0.000000e+00	   0.000000e+00	   0.000000e+00	   0.000000e+00	   0.000000e+00	   0.000000e+00	   0.000000e+00	   0.000000e+00	   0.000000e+00	   0.000000e+00	   0.000000e+00	   0.000000e+00	   0.000000e+00	   0.000000e+00	   0.000000e+00	   0.000000e+00	   0.000000e+00	   0.000000e+00	   0.000000e+00	   0.000000e+00	   0.000000e+00	   0.000000e+00	   0.000000e+00	   0.000000e+00	   0.000000e+00	   0.000000e+00	   0.000000e+00	   0.000000e+00	   0.000000e+00	   0.000000e+00	   0.000000e+00	   0.000000e+00	   0.000000e+00	   0.000000e+00	   0.000000e+00	   0.000000e+00	   1.000000e+00	   0.000000e+00	   0.000000e+00	   0.000000e+00	   0.000000e+00	   0.000000e+00	   0.000000e+00	   0.000000e+00	   0.000000e+00	   0.000000e+00	   0.000000e+00	   0.000000e+00	   0.000000e+00	   0.000000e+00	   0.000000e+00	   0.000000e+00	   0.000000e+00	   0.000000e+00	   0.000000e+00	   0.000000e+00	   0.000000e+00	   0.000000e+00	   0.000000e+00	   0.000000e+00	   0.000000e+00	   0.000000e+00	   0.000000e+00	   0.000000e+00	   0.000000e+00	   0.000000e+00	   0.000000e+00	   0.000000e+00	   0.000000e+00	   0.000000e+00	   0.000000e+00	   0.000000e+00	   0.000000e+00	   2.026500e+06
   3.847695e-05	   4.500000e+02	   0.000000e+00	   0.000000e+00	   0.000000e+00	   0.000000e+00	   0.000000e+00	   0.000000e+00	   0.000000e+00	   0.000000e+00	   0.000000e+00	   0.000000e+00	   0.000000e+00	   0.000000e+00	   0.000000e+00	   0.000000e+00	   0.000000e+00	   0.000000e+00	   0.000000e+00	   0.000000e+00	   0.000000e+00	   0.000000e+00	   0.000000e+00	   0.000000e+00	   0.000000e+00	   0.000000e+00	   0.000000e+00	   0.000000e+00	   0.000000e+00	   0.000000e+00	   0.000000e+00	   0.000000e+00	   0.000000e+00	   0.000000e+00	   0.000000e+00	   0.000000e+00	   0.000000e+00	   0.000000e+00	   0.000000e+00	   1.000000e+00	   0.000000e+00	   0.000000e+00	   0.000000e+00	   0.000000e+00	   0.000000e+00	   0.000000e+00	   0.000000e+00	   0.000000e+00	   0.000000e+00	   0.000000e+00	   0.000000e+00	   0.000000e+00	   0.000000e+00	   0.000000e+00	   0.000000e+00	   0.000000e+00	   0.000000e+00	   0.000000e+00	   0.000000e+00	   0.000000e+00	   0.000000e+00	   0.000000e+00	   0.000000e+00	   0.000000e+00	   0.000000e+00	   0.000000e+00	   0.000000e+00	   0.000000e+00	   0.000000e+00	   0.000000e+00	   0.000000e+00	   0.000000e+00	   0.000000e+00	   0.000000e+00	   0.000000e+00	   0.000000e+00	   2.026500e+06
   3.857715e-05	   4.500000e+02	   0.000000e+00	   0.000000e+00	   0.000000e+00	   0.000000e+00	   0.000000e+00	   0.000000e+00	   0.000000e+00	   0.000000e+00	   0.000000e+00	   0.000000e+00	   0.000000e+00	   0.000000e+00	   0.000000e+00	   0.000000e+00	   0.000000e+00	   0.000000e+00	   0.000000e+00	   0.000000e+00	   0.000000e+00	   0.000000e+00	   0.000000e+00	   0.000000e+00	   0.000000e+00	   0.000000e+00	   0.000000e+00	   0.000000e+00	   0.000000e+00	   0.000000e+00	   0.000000e+00	   0.000000e+00	   0.000000e+00	   0.000000e+00	   0.000000e+00	   0.000000e+00	   0.000000e+00	   0.000000e+00	   0.000000e+00	   1.000000e+00	   0.000000e+00	   0.000000e+00	   0.000000e+00	   0.000000e+00	   0.000000e+00	   0.000000e+00	   0.000000e+00	   0.000000e+00	   0.000000e+00	   0.000000e+00	   0.000000e+00	   0.000000e+00	   0.000000e+00	   0.000000e+00	   0.000000e+00	   0.000000e+00	   0.000000e+00	   0.000000e+00	   0.000000e+00	   0.000000e+00	   0.000000e+00	   0.000000e+00	   0.000000e+00	   0.000000e+00	   0.000000e+00	   0.000000e+00	   0.000000e+00	   0.000000e+00	   0.000000e+00	   0.000000e+00	   0.000000e+00	   0.000000e+00	   0.000000e+00	   0.000000e+00	   0.000000e+00	   0.000000e+00	   2.026500e+06
   3.867735e-05	   4.500000e+02	   0.000000e+00	   0.000000e+00	   0.000000e+00	   0.000000e+00	   0.000000e+00	   0.000000e+00	   0.000000e+00	   0.000000e+00	   0.000000e+00	   0.000000e+00	   0.000000e+00	   0.000000e+00	   0.000000e+00	   0.000000e+00	   0.000000e+00	   0.000000e+00	   0.000000e+00	   0.000000e+00	   0.000000e+00	   0.000000e+00	   0.000000e+00	   0.000000e+00	   0.000000e+00	   0.000000e+00	   0.000000e+00	   0.000000e+00	   0.000000e+00	   0.000000e+00	   0.000000e+00	   0.000000e+00	   0.000000e+00	   0.000000e+00	   0.000000e+00	   0.000000e+00	   0.000000e+00	   0.000000e+00	   0.000000e+00	   1.000000e+00	   0.000000e+00	   0.000000e+00	   0.000000e+00	   0.000000e+00	   0.000000e+00	   0.000000e+00	   0.000000e+00	   0.000000e+00	   0.000000e+00	   0.000000e+00	   0.000000e+00	   0.000000e+00	   0.000000e+00	   0.000000e+00	   0.000000e+00	   0.000000e+00	   0.000000e+00	   0.000000e+00	   0.000000e+00	   0.000000e+00	   0.000000e+00	   0.000000e+00	   0.000000e+00	   0.000000e+00	   0.000000e+00	   0.000000e+00	   0.000000e+00	   0.000000e+00	   0.000000e+00	   0.000000e+00	   0.000000e+00	   0.000000e+00	   0.000000e+00	   0.000000e+00	   0.000000e+00	   0.000000e+00	   2.026500e+06
   3.877756e-05	   4.500000e+02	   0.000000e+00	   0.000000e+00	   0.000000e+00	   0.000000e+00	   0.000000e+00	   0.000000e+00	   0.000000e+00	   0.000000e+00	   0.000000e+00	   0.000000e+00	   0.000000e+00	   0.000000e+00	   0.000000e+00	   0.000000e+00	   0.000000e+00	   0.000000e+00	   0.000000e+00	   0.000000e+00	   0.000000e+00	   0.000000e+00	   0.000000e+00	   0.000000e+00	   0.000000e+00	   0.000000e+00	   0.000000e+00	   0.000000e+00	   0.000000e+00	   0.000000e+00	   0.000000e+00	   0.000000e+00	   0.000000e+00	   0.000000e+00	   0.000000e+00	   0.000000e+00	   0.000000e+00	   0.000000e+00	   0.000000e+00	   1.000000e+00	   0.000000e+00	   0.000000e+00	   0.000000e+00	   0.000000e+00	   0.000000e+00	   0.000000e+00	   0.000000e+00	   0.000000e+00	   0.000000e+00	   0.000000e+00	   0.000000e+00	   0.000000e+00	   0.000000e+00	   0.000000e+00	   0.000000e+00	   0.000000e+00	   0.000000e+00	   0.000000e+00	   0.000000e+00	   0.000000e+00	   0.000000e+00	   0.000000e+00	   0.000000e+00	   0.000000e+00	   0.000000e+00	   0.000000e+00	   0.000000e+00	   0.000000e+00	   0.000000e+00	   0.000000e+00	   0.000000e+00	   0.000000e+00	   0.000000e+00	   0.000000e+00	   0.000000e+00	   0.000000e+00	   2.026500e+06
   3.887776e-05	   4.500000e+02	   0.000000e+00	   0.000000e+00	   0.000000e+00	   0.000000e+00	   0.000000e+00	   0.000000e+00	   0.000000e+00	   0.000000e+00	   0.000000e+00	   0.000000e+00	   0.000000e+00	   0.000000e+00	   0.000000e+00	   0.000000e+00	   0.000000e+00	   0.000000e+00	   0.000000e+00	   0.000000e+00	   0.000000e+00	   0.000000e+00	   0.000000e+00	   0.000000e+00	   0.000000e+00	   0.000000e+00	   0.000000e+00	   0.000000e+00	   0.000000e+00	   0.000000e+00	   0.000000e+00	   0.000000e+00	   0.000000e+00	   0.000000e+00	   0.000000e+00	   0.000000e+00	   0.000000e+00	   0.000000e+00	   0.000000e+00	   1.000000e+00	   0.000000e+00	   0.000000e+00	   0.000000e+00	   0.000000e+00	   0.000000e+00	   0.000000e+00	   0.000000e+00	   0.000000e+00	   0.000000e+00	   0.000000e+00	   0.000000e+00	   0.000000e+00	   0.000000e+00	   0.000000e+00	   0.000000e+00	   0.000000e+00	   0.000000e+00	   0.000000e+00	   0.000000e+00	   0.000000e+00	   0.000000e+00	   0.000000e+00	   0.000000e+00	   0.000000e+00	   0.000000e+00	   0.000000e+00	   0.000000e+00	   0.000000e+00	   0.000000e+00	   0.000000e+00	   0.000000e+00	   0.000000e+00	   0.000000e+00	   0.000000e+00	   0.000000e+00	   0.000000e+00	   2.026500e+06
   3.897796e-05	   4.500000e+02	   0.000000e+00	   0.000000e+00	   0.000000e+00	   0.000000e+00	   0.000000e+00	   0.000000e+00	   0.000000e+00	   0.000000e+00	   0.000000e+00	   0.000000e+00	   0.000000e+00	   0.000000e+00	   0.000000e+00	   0.000000e+00	   0.000000e+00	   0.000000e+00	   0.000000e+00	   0.000000e+00	   0.000000e+00	   0.000000e+00	   0.000000e+00	   0.000000e+00	   0.000000e+00	   0.000000e+00	   0.000000e+00	   0.000000e+00	   0.000000e+00	   0.000000e+00	   0.000000e+00	   0.000000e+00	   0.000000e+00	   0.000000e+00	   0.000000e+00	   0.000000e+00	   0.000000e+00	   0.000000e+00	   0.000000e+00	   1.000000e+00	   0.000000e+00	   0.000000e+00	   0.000000e+00	   0.000000e+00	   0.000000e+00	   0.000000e+00	   0.000000e+00	   0.000000e+00	   0.000000e+00	   0.000000e+00	   0.000000e+00	   0.000000e+00	   0.000000e+00	   0.000000e+00	   0.000000e+00	   0.000000e+00	   0.000000e+00	   0.000000e+00	   0.000000e+00	   0.000000e+00	   0.000000e+00	   0.000000e+00	   0.000000e+00	   0.000000e+00	   0.000000e+00	   0.000000e+00	   0.000000e+00	   0.000000e+00	   0.000000e+00	   0.000000e+00	   0.000000e+00	   0.000000e+00	   0.000000e+00	   0.000000e+00	   0.000000e+00	   0.000000e+00	   2.026500e+06
   3.907816e-05	   4.500000e+02	   0.000000e+00	   0.000000e+00	   0.000000e+00	   0.000000e+00	   0.000000e+00	   0.000000e+00	   0.000000e+00	   0.000000e+00	   0.000000e+00	   0.000000e+00	   0.000000e+00	   0.000000e+00	   0.000000e+00	   0.000000e+00	   0.000000e+00	   0.000000e+00	   0.000000e+00	   0.000000e+00	   0.000000e+00	   0.000000e+00	   0.000000e+00	   0.000000e+00	   0.000000e+00	   0.000000e+00	   0.000000e+00	   0.000000e+00	   0.000000e+00	   0.000000e+00	   0.000000e+00	   0.000000e+00	   0.000000e+00	   0.000000e+00	   0.000000e+00	   0.000000e+00	   0.000000e+00	   0.000000e+00	   0.000000e+00	   1.000000e+00	   0.000000e+00	   0.000000e+00	   0.000000e+00	   0.000000e+00	   0.000000e+00	   0.000000e+00	   0.000000e+00	   0.000000e+00	   0.000000e+00	   0.000000e+00	   0.000000e+00	   0.000000e+00	   0.000000e+00	   0.000000e+00	   0.000000e+00	   0.000000e+00	   0.000000e+00	   0.000000e+00	   0.000000e+00	   0.000000e+00	   0.000000e+00	   0.000000e+00	   0.000000e+00	   0.000000e+00	   0.000000e+00	   0.000000e+00	   0.000000e+00	   0.000000e+00	   0.000000e+00	   0.000000e+00	   0.000000e+00	   0.000000e+00	   0.000000e+00	   0.000000e+00	   0.000000e+00	   0.000000e+00	   2.026500e+06
   3.917836e-05	   4.500000e+02	   0.000000e+00	   0.000000e+00	   0.000000e+00	   0.000000e+00	   0.000000e+00	   0.000000e+00	   0.000000e+00	   0.000000e+00	   0.000000e+00	   0.000000e+00	   0.000000e+00	   0.000000e+00	   0.000000e+00	   0.000000e+00	   0.000000e+00	   0.000000e+00	   0.000000e+00	   0.000000e+00	   0.000000e+00	   0.000000e+00	   0.000000e+00	   0.000000e+00	   0.000000e+00	   0.000000e+00	   0.000000e+00	   0.000000e+00	   0.000000e+00	   0.000000e+00	   0.000000e+00	   0.000000e+00	   0.000000e+00	   0.000000e+00	   0.000000e+00	   0.000000e+00	   0.000000e+00	   0.000000e+00	   0.000000e+00	   1.000000e+00	   0.000000e+00	   0.000000e+00	   0.000000e+00	   0.000000e+00	   0.000000e+00	   0.000000e+00	   0.000000e+00	   0.000000e+00	   0.000000e+00	   0.000000e+00	   0.000000e+00	   0.000000e+00	   0.000000e+00	   0.000000e+00	   0.000000e+00	   0.000000e+00	   0.000000e+00	   0.000000e+00	   0.000000e+00	   0.000000e+00	   0.000000e+00	   0.000000e+00	   0.000000e+00	   0.000000e+00	   0.000000e+00	   0.000000e+00	   0.000000e+00	   0.000000e+00	   0.000000e+00	   0.000000e+00	   0.000000e+00	   0.000000e+00	   0.000000e+00	   0.000000e+00	   0.000000e+00	   0.000000e+00	   2.026500e+06
   3.927856e-05	   4.500000e+02	   0.000000e+00	   0.000000e+00	   0.000000e+00	   0.000000e+00	   0.000000e+00	   0.000000e+00	   0.000000e+00	   0.000000e+00	   0.000000e+00	   0.000000e+00	   0.000000e+00	   0.000000e+00	   0.000000e+00	   0.000000e+00	   0.000000e+00	   0.000000e+00	   0.000000e+00	   0.000000e+00	   0.000000e+00	   0.000000e+00	   0.000000e+00	   0.000000e+00	   0.000000e+00	   0.000000e+00	   0.000000e+00	   0.000000e+00	   0.000000e+00	   0.000000e+00	   0.000000e+00	   0.000000e+00	   0.000000e+00	   0.000000e+00	   0.000000e+00	   0.000000e+00	   0.000000e+00	   0.000000e+00	   0.000000e+00	   1.000000e+00	   0.000000e+00	   0.000000e+00	   0.000000e+00	   0.000000e+00	   0.000000e+00	   0.000000e+00	   0.000000e+00	   0.000000e+00	   0.000000e+00	   0.000000e+00	   0.000000e+00	   0.000000e+00	   0.000000e+00	   0.000000e+00	   0.000000e+00	   0.000000e+00	   0.000000e+00	   0.000000e+00	   0.000000e+00	   0.000000e+00	   0.000000e+00	   0.000000e+00	   0.000000e+00	   0.000000e+00	   0.000000e+00	   0.000000e+00	   0.000000e+00	   0.000000e+00	   0.000000e+00	   0.000000e+00	   0.000000e+00	   0.000000e+00	   0.000000e+00	   0.000000e+00	   0.000000e+00	   0.000000e+00	   2.026500e+06
   3.937876e-05	   4.500000e+02	   0.000000e+00	   0.000000e+00	   0.000000e+00	   0.000000e+00	   0.000000e+00	   0.000000e+00	   0.000000e+00	   0.000000e+00	   0.000000e+00	   0.000000e+00	   0.000000e+00	   0.000000e+00	   0.000000e+00	   0.000000e+00	   0.000000e+00	   0.000000e+00	   0.000000e+00	   0.000000e+00	   0.000000e+00	   0.000000e+00	   0.000000e+00	   0.000000e+00	   0.000000e+00	   0.000000e+00	   0.000000e+00	   0.000000e+00	   0.000000e+00	   0.000000e+00	   0.000000e+00	   0.000000e+00	   0.000000e+00	   0.000000e+00	   0.000000e+00	   0.000000e+00	   0.000000e+00	   0.000000e+00	   0.000000e+00	   1.000000e+00	   0.000000e+00	   0.000000e+00	   0.000000e+00	   0.000000e+00	   0.000000e+00	   0.000000e+00	   0.000000e+00	   0.000000e+00	   0.000000e+00	   0.000000e+00	   0.000000e+00	   0.000000e+00	   0.000000e+00	   0.000000e+00	   0.000000e+00	   0.000000e+00	   0.000000e+00	   0.000000e+00	   0.000000e+00	   0.000000e+00	   0.000000e+00	   0.000000e+00	   0.000000e+00	   0.000000e+00	   0.000000e+00	   0.000000e+00	   0.000000e+00	   0.000000e+00	   0.000000e+00	   0.000000e+00	   0.000000e+00	   0.000000e+00	   0.000000e+00	   0.000000e+00	   0.000000e+00	   0.000000e+00	   2.026500e+06
   3.947896e-05	   4.500000e+02	   0.000000e+00	   0.000000e+00	   0.000000e+00	   0.000000e+00	   0.000000e+00	   0.000000e+00	   0.000000e+00	   0.000000e+00	   0.000000e+00	   0.000000e+00	   0.000000e+00	   0.000000e+00	   0.000000e+00	   0.000000e+00	   0.000000e+00	   0.000000e+00	   0.000000e+00	   0.000000e+00	   0.000000e+00	   0.000000e+00	   0.000000e+00	   0.000000e+00	   0.000000e+00	   0.000000e+00	   0.000000e+00	   0.000000e+00	   0.000000e+00	   0.000000e+00	   0.000000e+00	   0.000000e+00	   0.000000e+00	   0.000000e+00	   0.000000e+00	   0.000000e+00	   0.000000e+00	   0.000000e+00	   0.000000e+00	   1.000000e+00	   0.000000e+00	   0.000000e+00	   0.000000e+00	   0.000000e+00	   0.000000e+00	   0.000000e+00	   0.000000e+00	   0.000000e+00	   0.000000e+00	   0.000000e+00	   0.000000e+00	   0.000000e+00	   0.000000e+00	   0.000000e+00	   0.000000e+00	   0.000000e+00	   0.000000e+00	   0.000000e+00	   0.000000e+00	   0.000000e+00	   0.000000e+00	   0.000000e+00	   0.000000e+00	   0.000000e+00	   0.000000e+00	   0.000000e+00	   0.000000e+00	   0.000000e+00	   0.000000e+00	   0.000000e+00	   0.000000e+00	   0.000000e+00	   0.000000e+00	   0.000000e+00	   0.000000e+00	   0.000000e+00	   2.026500e+06
   3.957916e-05	   4.500000e+02	   0.000000e+00	   0.000000e+00	   0.000000e+00	   0.000000e+00	   0.000000e+00	   0.000000e+00	   0.000000e+00	   0.000000e+00	   0.000000e+00	   0.000000e+00	   0.000000e+00	   0.000000e+00	   0.000000e+00	   0.000000e+00	   0.000000e+00	   0.000000e+00	   0.000000e+00	   0.000000e+00	   0.000000e+00	   0.000000e+00	   0.000000e+00	   0.000000e+00	   0.000000e+00	   0.000000e+00	   0.000000e+00	   0.000000e+00	   0.000000e+00	   0.000000e+00	   0.000000e+00	   0.000000e+00	   0.000000e+00	   0.000000e+00	   0.000000e+00	   0.000000e+00	   0.000000e+00	   0.000000e+00	   0.000000e+00	   1.000000e+00	   0.000000e+00	   0.000000e+00	   0.000000e+00	   0.000000e+00	   0.000000e+00	   0.000000e+00	   0.000000e+00	   0.000000e+00	   0.000000e+00	   0.000000e+00	   0.000000e+00	   0.000000e+00	   0.000000e+00	   0.000000e+00	   0.000000e+00	   0.000000e+00	   0.000000e+00	   0.000000e+00	   0.000000e+00	   0.000000e+00	   0.000000e+00	   0.000000e+00	   0.000000e+00	   0.000000e+00	   0.000000e+00	   0.000000e+00	   0.000000e+00	   0.000000e+00	   0.000000e+00	   0.000000e+00	   0.000000e+00	   0.000000e+00	   0.000000e+00	   0.000000e+00	   0.000000e+00	   0.000000e+00	   2.026500e+06
   3.967936e-05	   4.500000e+02	   0.000000e+00	   0.000000e+00	   0.000000e+00	   0.000000e+00	   0.000000e+00	   0.000000e+00	   0.000000e+00	   0.000000e+00	   0.000000e+00	   0.000000e+00	   0.000000e+00	   0.000000e+00	   0.000000e+00	   0.000000e+00	   0.000000e+00	   0.000000e+00	   0.000000e+00	   0.000000e+00	   0.000000e+00	   0.000000e+00	   0.000000e+00	   0.000000e+00	   0.000000e+00	   0.000000e+00	   0.000000e+00	   0.000000e+00	   0.000000e+00	   0.000000e+00	   0.000000e+00	   0.000000e+00	   0.000000e+00	   0.000000e+00	   0.000000e+00	   0.000000e+00	   0.000000e+00	   0.000000e+00	   0.000000e+00	   1.000000e+00	   0.000000e+00	   0.000000e+00	   0.000000e+00	   0.000000e+00	   0.000000e+00	   0.000000e+00	   0.000000e+00	   0.000000e+00	   0.000000e+00	   0.000000e+00	   0.000000e+00	   0.000000e+00	   0.000000e+00	   0.000000e+00	   0.000000e+00	   0.000000e+00	   0.000000e+00	   0.000000e+00	   0.000000e+00	   0.000000e+00	   0.000000e+00	   0.000000e+00	   0.000000e+00	   0.000000e+00	   0.000000e+00	   0.000000e+00	   0.000000e+00	   0.000000e+00	   0.000000e+00	   0.000000e+00	   0.000000e+00	   0.000000e+00	   0.000000e+00	   0.000000e+00	   0.000000e+00	   0.000000e+00	   2.026500e+06
   3.977956e-05	   4.500000e+02	   0.000000e+00	   0.000000e+00	   0.000000e+00	   0.000000e+00	   0.000000e+00	   0.000000e+00	   0.000000e+00	   0.000000e+00	   0.000000e+00	   0.000000e+00	   0.000000e+00	   0.000000e+00	   0.000000e+00	   0.000000e+00	   0.000000e+00	   0.000000e+00	   0.000000e+00	   0.000000e+00	   0.000000e+00	   0.000000e+00	   0.000000e+00	   0.000000e+00	   0.000000e+00	   0.000000e+00	   0.000000e+00	   0.000000e+00	   0.000000e+00	   0.000000e+00	   0.000000e+00	   0.000000e+00	   0.000000e+00	   0.000000e+00	   0.000000e+00	   0.000000e+00	   0.000000e+00	   0.000000e+00	   0.000000e+00	   1.000000e+00	   0.000000e+00	   0.000000e+00	   0.000000e+00	   0.000000e+00	   0.000000e+00	   0.000000e+00	   0.000000e+00	   0.000000e+00	   0.000000e+00	   0.000000e+00	   0.000000e+00	   0.000000e+00	   0.000000e+00	   0.000000e+00	   0.000000e+00	   0.000000e+00	   0.000000e+00	   0.000000e+00	   0.000000e+00	   0.000000e+00	   0.000000e+00	   0.000000e+00	   0.000000e+00	   0.000000e+00	   0.000000e+00	   0.000000e+00	   0.000000e+00	   0.000000e+00	   0.000000e+00	   0.000000e+00	   0.000000e+00	   0.000000e+00	   0.000000e+00	   0.000000e+00	   0.000000e+00	   0.000000e+00	   2.026500e+06
   3.987976e-05	   4.500000e+02	   0.000000e+00	   0.000000e+00	   0.000000e+00	   0.000000e+00	   0.000000e+00	   0.000000e+00	   0.000000e+00	   0.000000e+00	   0.000000e+00	   0.000000e+00	   0.000000e+00	   0.000000e+00	   0.000000e+00	   0.000000e+00	   0.000000e+00	   0.000000e+00	   0.000000e+00	   0.000000e+00	   0.000000e+00	   0.000000e+00	   0.000000e+00	   0.000000e+00	   0.000000e+00	   0.000000e+00	   0.000000e+00	   0.000000e+00	   0.000000e+00	   0.000000e+00	   0.000000e+00	   0.000000e+00	   0.000000e+00	   0.000000e+00	   0.000000e+00	   0.000000e+00	   0.000000e+00	   0.000000e+00	   0.000000e+00	   1.000000e+00	   0.000000e+00	   0.000000e+00	   0.000000e+00	   0.000000e+00	   0.000000e+00	   0.000000e+00	   0.000000e+00	   0.000000e+00	   0.000000e+00	   0.000000e+00	   0.000000e+00	   0.000000e+00	   0.000000e+00	   0.000000e+00	   0.000000e+00	   0.000000e+00	   0.000000e+00	   0.000000e+00	   0.000000e+00	   0.000000e+00	   0.000000e+00	   0.000000e+00	   0.000000e+00	   0.000000e+00	   0.000000e+00	   0.000000e+00	   0.000000e+00	   0.000000e+00	   0.000000e+00	   0.000000e+00	   0.000000e+00	   0.000000e+00	   0.000000e+00	   0.000000e+00	   0.000000e+00	   0.000000e+00	   2.026500e+06
   3.997996e-05	   4.500000e+02	   0.000000e+00	   0.000000e+00	   0.000000e+00	   0.000000e+00	   0.000000e+00	   0.000000e+00	   0.000000e+00	   0.000000e+00	   0.000000e+00	   0.000000e+00	   0.000000e+00	   0.000000e+00	   0.000000e+00	   0.000000e+00	   0.000000e+00	   0.000000e+00	   0.000000e+00	   0.000000e+00	   0.000000e+00	   0.000000e+00	   0.000000e+00	   0.000000e+00	   0.000000e+00	   0.000000e+00	   0.000000e+00	   0.000000e+00	   0.000000e+00	   0.000000e+00	   0.000000e+00	   0.000000e+00	   0.000000e+00	   0.000000e+00	   0.000000e+00	   0.000000e+00	   0.000000e+00	   0.000000e+00	   0.000000e+00	   1.000000e+00	   0.000000e+00	   0.000000e+00	   0.000000e+00	   0.000000e+00	   0.000000e+00	   0.000000e+00	   0.000000e+00	   0.000000e+00	   0.000000e+00	   0.000000e+00	   0.000000e+00	   0.000000e+00	   0.000000e+00	   0.000000e+00	   0.000000e+00	   0.000000e+00	   0.000000e+00	   0.000000e+00	   0.000000e+00	   0.000000e+00	   0.000000e+00	   0.000000e+00	   0.000000e+00	   0.000000e+00	   0.000000e+00	   0.000000e+00	   0.000000e+00	   0.000000e+00	   0.000000e+00	   0.000000e+00	   0.000000e+00	   0.000000e+00	   0.000000e+00	   0.000000e+00	   0.000000e+00	   0.000000e+00	   2.026500e+06
   4.008016e-05	   4.500000e+02	   0.000000e+00	   0.000000e+00	   0.000000e+00	   0.000000e+00	   0.000000e+00	   0.000000e+00	   0.000000e+00	   0.000000e+00	   0.000000e+00	   0.000000e+00	   0.000000e+00	   0.000000e+00	   0.000000e+00	   0.000000e+00	   0.000000e+00	   0.000000e+00	   0.000000e+00	   0.000000e+00	   0.000000e+00	   0.000000e+00	   0.000000e+00	   0.000000e+00	   0.000000e+00	   0.000000e+00	   0.000000e+00	   0.000000e+00	   0.000000e+00	   0.000000e+00	   0.000000e+00	   0.000000e+00	   0.000000e+00	   0.000000e+00	   0.000000e+00	   0.000000e+00	   0.000000e+00	   0.000000e+00	   0.000000e+00	   1.000000e+00	   0.000000e+00	   0.000000e+00	   0.000000e+00	   0.000000e+00	   0.000000e+00	   0.000000e+00	   0.000000e+00	   0.000000e+00	   0.000000e+00	   0.000000e+00	   0.000000e+00	   0.000000e+00	   0.000000e+00	   0.000000e+00	   0.000000e+00	   0.000000e+00	   0.000000e+00	   0.000000e+00	   0.000000e+00	   0.000000e+00	   0.000000e+00	   0.000000e+00	   0.000000e+00	   0.000000e+00	   0.000000e+00	   0.000000e+00	   0.000000e+00	   0.000000e+00	   0.000000e+00	   0.000000e+00	   0.000000e+00	   0.000000e+00	   0.000000e+00	   0.000000e+00	   0.000000e+00	   0.000000e+00	   2.026500e+06
   4.018036e-05	   4.500000e+02	   0.000000e+00	   0.000000e+00	   0.000000e+00	   0.000000e+00	   0.000000e+00	   0.000000e+00	   0.000000e+00	   0.000000e+00	   0.000000e+00	   0.000000e+00	   0.000000e+00	   0.000000e+00	   0.000000e+00	   0.000000e+00	   0.000000e+00	   0.000000e+00	   0.000000e+00	   0.000000e+00	   0.000000e+00	   0.000000e+00	   0.000000e+00	   0.000000e+00	   0.000000e+00	   0.000000e+00	   0.000000e+00	   0.000000e+00	   0.000000e+00	   0.000000e+00	   0.000000e+00	   0.000000e+00	   0.000000e+00	   0.000000e+00	   0.000000e+00	   0.000000e+00	   0.000000e+00	   0.000000e+00	   0.000000e+00	   1.000000e+00	   0.000000e+00	   0.000000e+00	   0.000000e+00	   0.000000e+00	   0.000000e+00	   0.000000e+00	   0.000000e+00	   0.000000e+00	   0.000000e+00	   0.000000e+00	   0.000000e+00	   0.000000e+00	   0.000000e+00	   0.000000e+00	   0.000000e+00	   0.000000e+00	   0.000000e+00	   0.000000e+00	   0.000000e+00	   0.000000e+00	   0.000000e+00	   0.000000e+00	   0.000000e+00	   0.000000e+00	   0.000000e+00	   0.000000e+00	   0.000000e+00	   0.000000e+00	   0.000000e+00	   0.000000e+00	   0.000000e+00	   0.000000e+00	   0.000000e+00	   0.000000e+00	   0.000000e+00	   0.000000e+00	   2.026500e+06
   4.028056e-05	   4.500000e+02	   0.000000e+00	   0.000000e+00	   0.000000e+00	   0.000000e+00	   0.000000e+00	   0.000000e+00	   0.000000e+00	   0.000000e+00	   0.000000e+00	   0.000000e+00	   0.000000e+00	   0.000000e+00	   0.000000e+00	   0.000000e+00	   0.000000e+00	   0.000000e+00	   0.000000e+00	   0.000000e+00	   0.000000e+00	   0.000000e+00	   0.000000e+00	   0.000000e+00	   0.000000e+00	   0.000000e+00	   0.000000e+00	   0.000000e+00	   0.000000e+00	   0.000000e+00	   0.000000e+00	   0.000000e+00	   0.000000e+00	   0.000000e+00	   0.000000e+00	   0.000000e+00	   0.000000e+00	   0.000000e+00	   0.000000e+00	   1.000000e+00	   0.000000e+00	   0.000000e+00	   0.000000e+00	   0.000000e+00	   0.000000e+00	   0.000000e+00	   0.000000e+00	   0.000000e+00	   0.000000e+00	   0.000000e+00	   0.000000e+00	   0.000000e+00	   0.000000e+00	   0.000000e+00	   0.000000e+00	   0.000000e+00	   0.000000e+00	   0.000000e+00	   0.000000e+00	   0.000000e+00	   0.000000e+00	   0.000000e+00	   0.000000e+00	   0.000000e+00	   0.000000e+00	   0.000000e+00	   0.000000e+00	   0.000000e+00	   0.000000e+00	   0.000000e+00	   0.000000e+00	   0.000000e+00	   0.000000e+00	   0.000000e+00	   0.000000e+00	   0.000000e+00	   2.026500e+06
   4.038076e-05	   4.500000e+02	   0.000000e+00	   0.000000e+00	   0.000000e+00	   0.000000e+00	   0.000000e+00	   0.000000e+00	   0.000000e+00	   0.000000e+00	   0.000000e+00	   0.000000e+00	   0.000000e+00	   0.000000e+00	   0.000000e+00	   0.000000e+00	   0.000000e+00	   0.000000e+00	   0.000000e+00	   0.000000e+00	   0.000000e+00	   0.000000e+00	   0.000000e+00	   0.000000e+00	   0.000000e+00	   0.000000e+00	   0.000000e+00	   0.000000e+00	   0.000000e+00	   0.000000e+00	   0.000000e+00	   0.000000e+00	   0.000000e+00	   0.000000e+00	   0.000000e+00	   0.000000e+00	   0.000000e+00	   0.000000e+00	   0.000000e+00	   1.000000e+00	   0.000000e+00	   0.000000e+00	   0.000000e+00	   0.000000e+00	   0.000000e+00	   0.000000e+00	   0.000000e+00	   0.000000e+00	   0.000000e+00	   0.000000e+00	   0.000000e+00	   0.000000e+00	   0.000000e+00	   0.000000e+00	   0.000000e+00	   0.000000e+00	   0.000000e+00	   0.000000e+00	   0.000000e+00	   0.000000e+00	   0.000000e+00	   0.000000e+00	   0.000000e+00	   0.000000e+00	   0.000000e+00	   0.000000e+00	   0.000000e+00	   0.000000e+00	   0.000000e+00	   0.000000e+00	   0.000000e+00	   0.000000e+00	   0.000000e+00	   0.000000e+00	   0.000000e+00	   0.000000e+00	   2.026500e+06
   4.048096e-05	   4.500000e+02	   0.000000e+00	   0.000000e+00	   0.000000e+00	   0.000000e+00	   0.000000e+00	   0.000000e+00	   0.000000e+00	   0.000000e+00	   0.000000e+00	   0.000000e+00	   0.000000e+00	   0.000000e+00	   0.000000e+00	   0.000000e+00	   0.000000e+00	   0.000000e+00	   0.000000e+00	   0.000000e+00	   0.000000e+00	   0.000000e+00	   0.000000e+00	   0.000000e+00	   0.000000e+00	   0.000000e+00	   0.000000e+00	   0.000000e+00	   0.000000e+00	   0.000000e+00	   0.000000e+00	   0.000000e+00	   0.000000e+00	   0.000000e+00	   0.000000e+00	   0.000000e+00	   0.000000e+00	   0.000000e+00	   0.000000e+00	   1.000000e+00	   0.000000e+00	   0.000000e+00	   0.000000e+00	   0.000000e+00	   0.000000e+00	   0.000000e+00	   0.000000e+00	   0.000000e+00	   0.000000e+00	   0.000000e+00	   0.000000e+00	   0.000000e+00	   0.000000e+00	   0.000000e+00	   0.000000e+00	   0.000000e+00	   0.000000e+00	   0.000000e+00	   0.000000e+00	   0.000000e+00	   0.000000e+00	   0.000000e+00	   0.000000e+00	   0.000000e+00	   0.000000e+00	   0.000000e+00	   0.000000e+00	   0.000000e+00	   0.000000e+00	   0.000000e+00	   0.000000e+00	   0.000000e+00	   0.000000e+00	   0.000000e+00	   0.000000e+00	   0.000000e+00	   2.026500e+06
   4.058116e-05	   4.500000e+02	   0.000000e+00	   0.000000e+00	   0.000000e+00	   0.000000e+00	   0.000000e+00	   0.000000e+00	   0.000000e+00	   0.000000e+00	   0.000000e+00	   0.000000e+00	   0.000000e+00	   0.000000e+00	   0.000000e+00	   0.000000e+00	   0.000000e+00	   0.000000e+00	   0.000000e+00	   0.000000e+00	   0.000000e+00	   0.000000e+00	   0.000000e+00	   0.000000e+00	   0.000000e+00	   0.000000e+00	   0.000000e+00	   0.000000e+00	   0.000000e+00	   0.000000e+00	   0.000000e+00	   0.000000e+00	   0.000000e+00	   0.000000e+00	   0.000000e+00	   0.000000e+00	   0.000000e+00	   0.000000e+00	   0.000000e+00	   1.000000e+00	   0.000000e+00	   0.000000e+00	   0.000000e+00	   0.000000e+00	   0.000000e+00	   0.000000e+00	   0.000000e+00	   0.000000e+00	   0.000000e+00	   0.000000e+00	   0.000000e+00	   0.000000e+00	   0.000000e+00	   0.000000e+00	   0.000000e+00	   0.000000e+00	   0.000000e+00	   0.000000e+00	   0.000000e+00	   0.000000e+00	   0.000000e+00	   0.000000e+00	   0.000000e+00	   0.000000e+00	   0.000000e+00	   0.000000e+00	   0.000000e+00	   0.000000e+00	   0.000000e+00	   0.000000e+00	   0.000000e+00	   0.000000e+00	   0.000000e+00	   0.000000e+00	   0.000000e+00	   0.000000e+00	   2.026500e+06
   4.068136e-05	   4.500000e+02	   0.000000e+00	   0.000000e+00	   0.000000e+00	   0.000000e+00	   0.000000e+00	   0.000000e+00	   0.000000e+00	   0.000000e+00	   0.000000e+00	   0.000000e+00	   0.000000e+00	   0.000000e+00	   0.000000e+00	   0.000000e+00	   0.000000e+00	   0.000000e+00	   0.000000e+00	   0.000000e+00	   0.000000e+00	   0.000000e+00	   0.000000e+00	   0.000000e+00	   0.000000e+00	   0.000000e+00	   0.000000e+00	   0.000000e+00	   0.000000e+00	   0.000000e+00	   0.000000e+00	   0.000000e+00	   0.000000e+00	   0.000000e+00	   0.000000e+00	   0.000000e+00	   0.000000e+00	   0.000000e+00	   0.000000e+00	   1.000000e+00	   0.000000e+00	   0.000000e+00	   0.000000e+00	   0.000000e+00	   0.000000e+00	   0.000000e+00	   0.000000e+00	   0.000000e+00	   0.000000e+00	   0.000000e+00	   0.000000e+00	   0.000000e+00	   0.000000e+00	   0.000000e+00	   0.000000e+00	   0.000000e+00	   0.000000e+00	   0.000000e+00	   0.000000e+00	   0.000000e+00	   0.000000e+00	   0.000000e+00	   0.000000e+00	   0.000000e+00	   0.000000e+00	   0.000000e+00	   0.000000e+00	   0.000000e+00	   0.000000e+00	   0.000000e+00	   0.000000e+00	   0.000000e+00	   0.000000e+00	   0.000000e+00	   0.000000e+00	   0.000000e+00	   2.026500e+06
   4.078156e-05	   4.500000e+02	   0.000000e+00	   0.000000e+00	   0.000000e+00	   0.000000e+00	   0.000000e+00	   0.000000e+00	   0.000000e+00	   0.000000e+00	   0.000000e+00	   0.000000e+00	   0.000000e+00	   0.000000e+00	   0.000000e+00	   0.000000e+00	   0.000000e+00	   0.000000e+00	   0.000000e+00	   0.000000e+00	   0.000000e+00	   0.000000e+00	   0.000000e+00	   0.000000e+00	   0.000000e+00	   0.000000e+00	   0.000000e+00	   0.000000e+00	   0.000000e+00	   0.000000e+00	   0.000000e+00	   0.000000e+00	   0.000000e+00	   0.000000e+00	   0.000000e+00	   0.000000e+00	   0.000000e+00	   0.000000e+00	   0.000000e+00	   1.000000e+00	   0.000000e+00	   0.000000e+00	   0.000000e+00	   0.000000e+00	   0.000000e+00	   0.000000e+00	   0.000000e+00	   0.000000e+00	   0.000000e+00	   0.000000e+00	   0.000000e+00	   0.000000e+00	   0.000000e+00	   0.000000e+00	   0.000000e+00	   0.000000e+00	   0.000000e+00	   0.000000e+00	   0.000000e+00	   0.000000e+00	   0.000000e+00	   0.000000e+00	   0.000000e+00	   0.000000e+00	   0.000000e+00	   0.000000e+00	   0.000000e+00	   0.000000e+00	   0.000000e+00	   0.000000e+00	   0.000000e+00	   0.000000e+00	   0.000000e+00	   0.000000e+00	   0.000000e+00	   0.000000e+00	   2.026500e+06
   4.088176e-05	   4.500000e+02	   0.000000e+00	   0.000000e+00	   0.000000e+00	   0.000000e+00	   0.000000e+00	   0.000000e+00	   0.000000e+00	   0.000000e+00	   0.000000e+00	   0.000000e+00	   0.000000e+00	   0.000000e+00	   0.000000e+00	   0.000000e+00	   0.000000e+00	   0.000000e+00	   0.000000e+00	   0.000000e+00	   0.000000e+00	   0.000000e+00	   0.000000e+00	   0.000000e+00	   0.000000e+00	   0.000000e+00	   0.000000e+00	   0.000000e+00	   0.000000e+00	   0.000000e+00	   0.000000e+00	   0.000000e+00	   0.000000e+00	   0.000000e+00	   0.000000e+00	   0.000000e+00	   0.000000e+00	   0.000000e+00	   0.000000e+00	   1.000000e+00	   0.000000e+00	   0.000000e+00	   0.000000e+00	   0.000000e+00	   0.000000e+00	   0.000000e+00	   0.000000e+00	   0.000000e+00	   0.000000e+00	   0.000000e+00	   0.000000e+00	   0.000000e+00	   0.000000e+00	   0.000000e+00	   0.000000e+00	   0.000000e+00	   0.000000e+00	   0.000000e+00	   0.000000e+00	   0.000000e+00	   0.000000e+00	   0.000000e+00	   0.000000e+00	   0.000000e+00	   0.000000e+00	   0.000000e+00	   0.000000e+00	   0.000000e+00	   0.000000e+00	   0.000000e+00	   0.000000e+00	   0.000000e+00	   0.000000e+00	   0.000000e+00	   0.000000e+00	   0.000000e+00	   2.026500e+06
   4.098196e-05	   4.500000e+02	   0.000000e+00	   0.000000e+00	   0.000000e+00	   0.000000e+00	   0.000000e+00	   0.000000e+00	   0.000000e+00	   0.000000e+00	   0.000000e+00	   0.000000e+00	   0.000000e+00	   0.000000e+00	   0.000000e+00	   0.000000e+00	   0.000000e+00	   0.000000e+00	   0.000000e+00	   0.000000e+00	   0.000000e+00	   0.000000e+00	   0.000000e+00	   0.000000e+00	   0.000000e+00	   0.000000e+00	   0.000000e+00	   0.000000e+00	   0.000000e+00	   0.000000e+00	   0.000000e+00	   0.000000e+00	   0.000000e+00	   0.000000e+00	   0.000000e+00	   0.000000e+00	   0.000000e+00	   0.000000e+00	   0.000000e+00	   1.000000e+00	   0.000000e+00	   0.000000e+00	   0.000000e+00	   0.000000e+00	   0.000000e+00	   0.000000e+00	   0.000000e+00	   0.000000e+00	   0.000000e+00	   0.000000e+00	   0.000000e+00	   0.000000e+00	   0.000000e+00	   0.000000e+00	   0.000000e+00	   0.000000e+00	   0.000000e+00	   0.000000e+00	   0.000000e+00	   0.000000e+00	   0.000000e+00	   0.000000e+00	   0.000000e+00	   0.000000e+00	   0.000000e+00	   0.000000e+00	   0.000000e+00	   0.000000e+00	   0.000000e+00	   0.000000e+00	   0.000000e+00	   0.000000e+00	   0.000000e+00	   0.000000e+00	   0.000000e+00	   0.000000e+00	   2.026500e+06
   4.108216e-05	   4.500000e+02	   0.000000e+00	   0.000000e+00	   0.000000e+00	   0.000000e+00	   0.000000e+00	   0.000000e+00	   0.000000e+00	   0.000000e+00	   0.000000e+00	   0.000000e+00	   0.000000e+00	   0.000000e+00	   0.000000e+00	   0.000000e+00	   0.000000e+00	   0.000000e+00	   0.000000e+00	   0.000000e+00	   0.000000e+00	   0.000000e+00	   0.000000e+00	   0.000000e+00	   0.000000e+00	   0.000000e+00	   0.000000e+00	   0.000000e+00	   0.000000e+00	   0.000000e+00	   0.000000e+00	   0.000000e+00	   0.000000e+00	   0.000000e+00	   0.000000e+00	   0.000000e+00	   0.000000e+00	   0.000000e+00	   0.000000e+00	   1.000000e+00	   0.000000e+00	   0.000000e+00	   0.000000e+00	   0.000000e+00	   0.000000e+00	   0.000000e+00	   0.000000e+00	   0.000000e+00	   0.000000e+00	   0.000000e+00	   0.000000e+00	   0.000000e+00	   0.000000e+00	   0.000000e+00	   0.000000e+00	   0.000000e+00	   0.000000e+00	   0.000000e+00	   0.000000e+00	   0.000000e+00	   0.000000e+00	   0.000000e+00	   0.000000e+00	   0.000000e+00	   0.000000e+00	   0.000000e+00	   0.000000e+00	   0.000000e+00	   0.000000e+00	   0.000000e+00	   0.000000e+00	   0.000000e+00	   0.000000e+00	   0.000000e+00	   0.000000e+00	   0.000000e+00	   2.026500e+06
   4.118236e-05	   4.500000e+02	   0.000000e+00	   0.000000e+00	   0.000000e+00	   0.000000e+00	   0.000000e+00	   0.000000e+00	   0.000000e+00	   0.000000e+00	   0.000000e+00	   0.000000e+00	   0.000000e+00	   0.000000e+00	   0.000000e+00	   0.000000e+00	   0.000000e+00	   0.000000e+00	   0.000000e+00	   0.000000e+00	   0.000000e+00	   0.000000e+00	   0.000000e+00	   0.000000e+00	   0.000000e+00	   0.000000e+00	   0.000000e+00	   0.000000e+00	   0.000000e+00	   0.000000e+00	   0.000000e+00	   0.000000e+00	   0.000000e+00	   0.000000e+00	   0.000000e+00	   0.000000e+00	   0.000000e+00	   0.000000e+00	   0.000000e+00	   1.000000e+00	   0.000000e+00	   0.000000e+00	   0.000000e+00	   0.000000e+00	   0.000000e+00	   0.000000e+00	   0.000000e+00	   0.000000e+00	   0.000000e+00	   0.000000e+00	   0.000000e+00	   0.000000e+00	   0.000000e+00	   0.000000e+00	   0.000000e+00	   0.000000e+00	   0.000000e+00	   0.000000e+00	   0.000000e+00	   0.000000e+00	   0.000000e+00	   0.000000e+00	   0.000000e+00	   0.000000e+00	   0.000000e+00	   0.000000e+00	   0.000000e+00	   0.000000e+00	   0.000000e+00	   0.000000e+00	   0.000000e+00	   0.000000e+00	   0.000000e+00	   0.000000e+00	   0.000000e+00	   0.000000e+00	   2.026500e+06
   4.128257e-05	   4.500000e+02	   0.000000e+00	   0.000000e+00	   0.000000e+00	   0.000000e+00	   0.000000e+00	   0.000000e+00	   0.000000e+00	   0.000000e+00	   0.000000e+00	   0.000000e+00	   0.000000e+00	   0.000000e+00	   0.000000e+00	   0.000000e+00	   0.000000e+00	   0.000000e+00	   0.000000e+00	   0.000000e+00	   0.000000e+00	   0.000000e+00	   0.000000e+00	   0.000000e+00	   0.000000e+00	   0.000000e+00	   0.000000e+00	   0.000000e+00	   0.000000e+00	   0.000000e+00	   0.000000e+00	   0.000000e+00	   0.000000e+00	   0.000000e+00	   0.000000e+00	   0.000000e+00	   0.000000e+00	   0.000000e+00	   0.000000e+00	   1.000000e+00	   0.000000e+00	   0.000000e+00	   0.000000e+00	   0.000000e+00	   0.000000e+00	   0.000000e+00	   0.000000e+00	   0.000000e+00	   0.000000e+00	   0.000000e+00	   0.000000e+00	   0.000000e+00	   0.000000e+00	   0.000000e+00	   0.000000e+00	   0.000000e+00	   0.000000e+00	   0.000000e+00	   0.000000e+00	   0.000000e+00	   0.000000e+00	   0.000000e+00	   0.000000e+00	   0.000000e+00	   0.000000e+00	   0.000000e+00	   0.000000e+00	   0.000000e+00	   0.000000e+00	   0.000000e+00	   0.000000e+00	   0.000000e+00	   0.000000e+00	   0.000000e+00	   0.000000e+00	   0.000000e+00	   2.026500e+06
   4.138277e-05	   4.500000e+02	   0.000000e+00	   0.000000e+00	   0.000000e+00	   0.000000e+00	   0.000000e+00	   0.000000e+00	   0.000000e+00	   0.000000e+00	   0.000000e+00	   0.000000e+00	   0.000000e+00	   0.000000e+00	   0.000000e+00	   0.000000e+00	   0.000000e+00	   0.000000e+00	   0.000000e+00	   0.000000e+00	   0.000000e+00	   0.000000e+00	   0.000000e+00	   0.000000e+00	   0.000000e+00	   0.000000e+00	   0.000000e+00	   0.000000e+00	   0.000000e+00	   0.000000e+00	   0.000000e+00	   0.000000e+00	   0.000000e+00	   0.000000e+00	   0.000000e+00	   0.000000e+00	   0.000000e+00	   0.000000e+00	   0.000000e+00	   1.000000e+00	   0.000000e+00	   0.000000e+00	   0.000000e+00	   0.000000e+00	   0.000000e+00	   0.000000e+00	   0.000000e+00	   0.000000e+00	   0.000000e+00	   0.000000e+00	   0.000000e+00	   0.000000e+00	   0.000000e+00	   0.000000e+00	   0.000000e+00	   0.000000e+00	   0.000000e+00	   0.000000e+00	   0.000000e+00	   0.000000e+00	   0.000000e+00	   0.000000e+00	   0.000000e+00	   0.000000e+00	   0.000000e+00	   0.000000e+00	   0.000000e+00	   0.000000e+00	   0.000000e+00	   0.000000e+00	   0.000000e+00	   0.000000e+00	   0.000000e+00	   0.000000e+00	   0.000000e+00	   0.000000e+00	   2.026500e+06
   4.148297e-05	   4.500000e+02	   0.000000e+00	   0.000000e+00	   0.000000e+00	   0.000000e+00	   0.000000e+00	   0.000000e+00	   0.000000e+00	   0.000000e+00	   0.000000e+00	   0.000000e+00	   0.000000e+00	   0.000000e+00	   0.000000e+00	   0.000000e+00	   0.000000e+00	   0.000000e+00	   0.000000e+00	   0.000000e+00	   0.000000e+00	   0.000000e+00	   0.000000e+00	   0.000000e+00	   0.000000e+00	   0.000000e+00	   0.000000e+00	   0.000000e+00	   0.000000e+00	   0.000000e+00	   0.000000e+00	   0.000000e+00	   0.000000e+00	   0.000000e+00	   0.000000e+00	   0.000000e+00	   0.000000e+00	   0.000000e+00	   0.000000e+00	   1.000000e+00	   0.000000e+00	   0.000000e+00	   0.000000e+00	   0.000000e+00	   0.000000e+00	   0.000000e+00	   0.000000e+00	   0.000000e+00	   0.000000e+00	   0.000000e+00	   0.000000e+00	   0.000000e+00	   0.000000e+00	   0.000000e+00	   0.000000e+00	   0.000000e+00	   0.000000e+00	   0.000000e+00	   0.000000e+00	   0.000000e+00	   0.000000e+00	   0.000000e+00	   0.000000e+00	   0.000000e+00	   0.000000e+00	   0.000000e+00	   0.000000e+00	   0.000000e+00	   0.000000e+00	   0.000000e+00	   0.000000e+00	   0.000000e+00	   0.000000e+00	   0.000000e+00	   0.000000e+00	   0.000000e+00	   2.026500e+06
   4.158317e-05	   4.500000e+02	   0.000000e+00	   0.000000e+00	   0.000000e+00	   0.000000e+00	   0.000000e+00	   0.000000e+00	   0.000000e+00	   0.000000e+00	   0.000000e+00	   0.000000e+00	   0.000000e+00	   0.000000e+00	   0.000000e+00	   0.000000e+00	   0.000000e+00	   0.000000e+00	   0.000000e+00	   0.000000e+00	   0.000000e+00	   0.000000e+00	   0.000000e+00	   0.000000e+00	   0.000000e+00	   0.000000e+00	   0.000000e+00	   0.000000e+00	   0.000000e+00	   0.000000e+00	   0.000000e+00	   0.000000e+00	   0.000000e+00	   0.000000e+00	   0.000000e+00	   0.000000e+00	   0.000000e+00	   0.000000e+00	   0.000000e+00	   1.000000e+00	   0.000000e+00	   0.000000e+00	   0.000000e+00	   0.000000e+00	   0.000000e+00	   0.000000e+00	   0.000000e+00	   0.000000e+00	   0.000000e+00	   0.000000e+00	   0.000000e+00	   0.000000e+00	   0.000000e+00	   0.000000e+00	   0.000000e+00	   0.000000e+00	   0.000000e+00	   0.000000e+00	   0.000000e+00	   0.000000e+00	   0.000000e+00	   0.000000e+00	   0.000000e+00	   0.000000e+00	   0.000000e+00	   0.000000e+00	   0.000000e+00	   0.000000e+00	   0.000000e+00	   0.000000e+00	   0.000000e+00	   0.000000e+00	   0.000000e+00	   0.000000e+00	   0.000000e+00	   0.000000e+00	   2.026500e+06
   4.168337e-05	   4.500000e+02	   0.000000e+00	   0.000000e+00	   0.000000e+00	   0.000000e+00	   0.000000e+00	   0.000000e+00	   0.000000e+00	   0.000000e+00	   0.000000e+00	   0.000000e+00	   0.000000e+00	   0.000000e+00	   0.000000e+00	   0.000000e+00	   0.000000e+00	   0.000000e+00	   0.000000e+00	   0.000000e+00	   0.000000e+00	   0.000000e+00	   0.000000e+00	   0.000000e+00	   0.000000e+00	   0.000000e+00	   0.000000e+00	   0.000000e+00	   0.000000e+00	   0.000000e+00	   0.000000e+00	   0.000000e+00	   0.000000e+00	   0.000000e+00	   0.000000e+00	   0.000000e+00	   0.000000e+00	   0.000000e+00	   0.000000e+00	   1.000000e+00	   0.000000e+00	   0.000000e+00	   0.000000e+00	   0.000000e+00	   0.000000e+00	   0.000000e+00	   0.000000e+00	   0.000000e+00	   0.000000e+00	   0.000000e+00	   0.000000e+00	   0.000000e+00	   0.000000e+00	   0.000000e+00	   0.000000e+00	   0.000000e+00	   0.000000e+00	   0.000000e+00	   0.000000e+00	   0.000000e+00	   0.000000e+00	   0.000000e+00	   0.000000e+00	   0.000000e+00	   0.000000e+00	   0.000000e+00	   0.000000e+00	   0.000000e+00	   0.000000e+00	   0.000000e+00	   0.000000e+00	   0.000000e+00	   0.000000e+00	   0.000000e+00	   0.000000e+00	   0.000000e+00	   2.026500e+06
   4.178357e-05	   4.500000e+02	   0.000000e+00	   0.000000e+00	   0.000000e+00	   0.000000e+00	   0.000000e+00	   0.000000e+00	   0.000000e+00	   0.000000e+00	   0.000000e+00	   0.000000e+00	   0.000000e+00	   0.000000e+00	   0.000000e+00	   0.000000e+00	   0.000000e+00	   0.000000e+00	   0.000000e+00	   0.000000e+00	   0.000000e+00	   0.000000e+00	   0.000000e+00	   0.000000e+00	   0.000000e+00	   0.000000e+00	   0.000000e+00	   0.000000e+00	   0.000000e+00	   0.000000e+00	   0.000000e+00	   0.000000e+00	   0.000000e+00	   0.000000e+00	   0.000000e+00	   0.000000e+00	   0.000000e+00	   0.000000e+00	   0.000000e+00	   1.000000e+00	   0.000000e+00	   0.000000e+00	   0.000000e+00	   0.000000e+00	   0.000000e+00	   0.000000e+00	   0.000000e+00	   0.000000e+00	   0.000000e+00	   0.000000e+00	   0.000000e+00	   0.000000e+00	   0.000000e+00	   0.000000e+00	   0.000000e+00	   0.000000e+00	   0.000000e+00	   0.000000e+00	   0.000000e+00	   0.000000e+00	   0.000000e+00	   0.000000e+00	   0.000000e+00	   0.000000e+00	   0.000000e+00	   0.000000e+00	   0.000000e+00	   0.000000e+00	   0.000000e+00	   0.000000e+00	   0.000000e+00	   0.000000e+00	   0.000000e+00	   0.000000e+00	   0.000000e+00	   0.000000e+00	   2.026500e+06
   4.188377e-05	   4.500000e+02	   0.000000e+00	   0.000000e+00	   0.000000e+00	   0.000000e+00	   0.000000e+00	   0.000000e+00	   0.000000e+00	   0.000000e+00	   0.000000e+00	   0.000000e+00	   0.000000e+00	   0.000000e+00	   0.000000e+00	   0.000000e+00	   0.000000e+00	   0.000000e+00	   0.000000e+00	   0.000000e+00	   0.000000e+00	   0.000000e+00	   0.000000e+00	   0.000000e+00	   0.000000e+00	   0.000000e+00	   0.000000e+00	   0.000000e+00	   0.000000e+00	   0.000000e+00	   0.000000e+00	   0.000000e+00	   0.000000e+00	   0.000000e+00	   0.000000e+00	   0.000000e+00	   0.000000e+00	   0.000000e+00	   0.000000e+00	   1.000000e+00	   0.000000e+00	   0.000000e+00	   0.000000e+00	   0.000000e+00	   0.000000e+00	   0.000000e+00	   0.000000e+00	   0.000000e+00	   0.000000e+00	   0.000000e+00	   0.000000e+00	   0.000000e+00	   0.000000e+00	   0.000000e+00	   0.000000e+00	   0.000000e+00	   0.000000e+00	   0.000000e+00	   0.000000e+00	   0.000000e+00	   0.000000e+00	   0.000000e+00	   0.000000e+00	   0.000000e+00	   0.000000e+00	   0.000000e+00	   0.000000e+00	   0.000000e+00	   0.000000e+00	   0.000000e+00	   0.000000e+00	   0.000000e+00	   0.000000e+00	   0.000000e+00	   0.000000e+00	   0.000000e+00	   2.026500e+06
   4.198397e-05	   4.500000e+02	   0.000000e+00	   0.000000e+00	   0.000000e+00	   0.000000e+00	   0.000000e+00	   0.000000e+00	   0.000000e+00	   0.000000e+00	   0.000000e+00	   0.000000e+00	   0.000000e+00	   0.000000e+00	   0.000000e+00	   0.000000e+00	   0.000000e+00	   0.000000e+00	   0.000000e+00	   0.000000e+00	   0.000000e+00	   0.000000e+00	   0.000000e+00	   0.000000e+00	   0.000000e+00	   0.000000e+00	   0.000000e+00	   0.000000e+00	   0.000000e+00	   0.000000e+00	   0.000000e+00	   0.000000e+00	   0.000000e+00	   0.000000e+00	   0.000000e+00	   0.000000e+00	   0.000000e+00	   0.000000e+00	   0.000000e+00	   1.000000e+00	   0.000000e+00	   0.000000e+00	   0.000000e+00	   0.000000e+00	   0.000000e+00	   0.000000e+00	   0.000000e+00	   0.000000e+00	   0.000000e+00	   0.000000e+00	   0.000000e+00	   0.000000e+00	   0.000000e+00	   0.000000e+00	   0.000000e+00	   0.000000e+00	   0.000000e+00	   0.000000e+00	   0.000000e+00	   0.000000e+00	   0.000000e+00	   0.000000e+00	   0.000000e+00	   0.000000e+00	   0.000000e+00	   0.000000e+00	   0.000000e+00	   0.000000e+00	   0.000000e+00	   0.000000e+00	   0.000000e+00	   0.000000e+00	   0.000000e+00	   0.000000e+00	   0.000000e+00	   0.000000e+00	   2.026500e+06
   4.208417e-05	   4.500000e+02	   0.000000e+00	   0.000000e+00	   0.000000e+00	   0.000000e+00	   0.000000e+00	   0.000000e+00	   0.000000e+00	   0.000000e+00	   0.000000e+00	   0.000000e+00	   0.000000e+00	   0.000000e+00	   0.000000e+00	   0.000000e+00	   0.000000e+00	   0.000000e+00	   0.000000e+00	   0.000000e+00	   0.000000e+00	   0.000000e+00	   0.000000e+00	   0.000000e+00	   0.000000e+00	   0.000000e+00	   0.000000e+00	   0.000000e+00	   0.000000e+00	   0.000000e+00	   0.000000e+00	   0.000000e+00	   0.000000e+00	   0.000000e+00	   0.000000e+00	   0.000000e+00	   0.000000e+00	   0.000000e+00	   0.000000e+00	   1.000000e+00	   0.000000e+00	   0.000000e+00	   0.000000e+00	   0.000000e+00	   0.000000e+00	   0.000000e+00	   0.000000e+00	   0.000000e+00	   0.000000e+00	   0.000000e+00	   0.000000e+00	   0.000000e+00	   0.000000e+00	   0.000000e+00	   0.000000e+00	   0.000000e+00	   0.000000e+00	   0.000000e+00	   0.000000e+00	   0.000000e+00	   0.000000e+00	   0.000000e+00	   0.000000e+00	   0.000000e+00	   0.000000e+00	   0.000000e+00	   0.000000e+00	   0.000000e+00	   0.000000e+00	   0.000000e+00	   0.000000e+00	   0.000000e+00	   0.000000e+00	   0.000000e+00	   0.000000e+00	   0.000000e+00	   2.026500e+06
   4.218437e-05	   4.500000e+02	   0.000000e+00	   0.000000e+00	   0.000000e+00	   0.000000e+00	   0.000000e+00	   0.000000e+00	   0.000000e+00	   0.000000e+00	   0.000000e+00	   0.000000e+00	   0.000000e+00	   0.000000e+00	   0.000000e+00	   0.000000e+00	   0.000000e+00	   0.000000e+00	   0.000000e+00	   0.000000e+00	   0.000000e+00	   0.000000e+00	   0.000000e+00	   0.000000e+00	   0.000000e+00	   0.000000e+00	   0.000000e+00	   0.000000e+00	   0.000000e+00	   0.000000e+00	   0.000000e+00	   0.000000e+00	   0.000000e+00	   0.000000e+00	   0.000000e+00	   0.000000e+00	   0.000000e+00	   0.000000e+00	   0.000000e+00	   1.000000e+00	   0.000000e+00	   0.000000e+00	   0.000000e+00	   0.000000e+00	   0.000000e+00	   0.000000e+00	   0.000000e+00	   0.000000e+00	   0.000000e+00	   0.000000e+00	   0.000000e+00	   0.000000e+00	   0.000000e+00	   0.000000e+00	   0.000000e+00	   0.000000e+00	   0.000000e+00	   0.000000e+00	   0.000000e+00	   0.000000e+00	   0.000000e+00	   0.000000e+00	   0.000000e+00	   0.000000e+00	   0.000000e+00	   0.000000e+00	   0.000000e+00	   0.000000e+00	   0.000000e+00	   0.000000e+00	   0.000000e+00	   0.000000e+00	   0.000000e+00	   0.000000e+00	   0.000000e+00	   0.000000e+00	   2.026500e+06
   4.228457e-05	   4.500000e+02	   0.000000e+00	   0.000000e+00	   0.000000e+00	   0.000000e+00	   0.000000e+00	   0.000000e+00	   0.000000e+00	   0.000000e+00	   0.000000e+00	   0.000000e+00	   0.000000e+00	   0.000000e+00	   0.000000e+00	   0.000000e+00	   0.000000e+00	   0.000000e+00	   0.000000e+00	   0.000000e+00	   0.000000e+00	   0.000000e+00	   0.000000e+00	   0.000000e+00	   0.000000e+00	   0.000000e+00	   0.000000e+00	   0.000000e+00	   0.000000e+00	   0.000000e+00	   0.000000e+00	   0.000000e+00	   0.000000e+00	   0.000000e+00	   0.000000e+00	   0.000000e+00	   0.000000e+00	   0.000000e+00	   0.000000e+00	   1.000000e+00	   0.000000e+00	   0.000000e+00	   0.000000e+00	   0.000000e+00	   0.000000e+00	   0.000000e+00	   0.000000e+00	   0.000000e+00	   0.000000e+00	   0.000000e+00	   0.000000e+00	   0.000000e+00	   0.000000e+00	   0.000000e+00	   0.000000e+00	   0.000000e+00	   0.000000e+00	   0.000000e+00	   0.000000e+00	   0.000000e+00	   0.000000e+00	   0.000000e+00	   0.000000e+00	   0.000000e+00	   0.000000e+00	   0.000000e+00	   0.000000e+00	   0.000000e+00	   0.000000e+00	   0.000000e+00	   0.000000e+00	   0.000000e+00	   0.000000e+00	   0.000000e+00	   0.000000e+00	   0.000000e+00	   2.026500e+06
   4.238477e-05	   4.500000e+02	   0.000000e+00	   0.000000e+00	   0.000000e+00	   0.000000e+00	   0.000000e+00	   0.000000e+00	   0.000000e+00	   0.000000e+00	   0.000000e+00	   0.000000e+00	   0.000000e+00	   0.000000e+00	   0.000000e+00	   0.000000e+00	   0.000000e+00	   0.000000e+00	   0.000000e+00	   0.000000e+00	   0.000000e+00	   0.000000e+00	   0.000000e+00	   0.000000e+00	   0.000000e+00	   0.000000e+00	   0.000000e+00	   0.000000e+00	   0.000000e+00	   0.000000e+00	   0.000000e+00	   0.000000e+00	   0.000000e+00	   0.000000e+00	   0.000000e+00	   0.000000e+00	   0.000000e+00	   0.000000e+00	   0.000000e+00	   1.000000e+00	   0.000000e+00	   0.000000e+00	   0.000000e+00	   0.000000e+00	   0.000000e+00	   0.000000e+00	   0.000000e+00	   0.000000e+00	   0.000000e+00	   0.000000e+00	   0.000000e+00	   0.000000e+00	   0.000000e+00	   0.000000e+00	   0.000000e+00	   0.000000e+00	   0.000000e+00	   0.000000e+00	   0.000000e+00	   0.000000e+00	   0.000000e+00	   0.000000e+00	   0.000000e+00	   0.000000e+00	   0.000000e+00	   0.000000e+00	   0.000000e+00	   0.000000e+00	   0.000000e+00	   0.000000e+00	   0.000000e+00	   0.000000e+00	   0.000000e+00	   0.000000e+00	   0.000000e+00	   0.000000e+00	   2.026500e+06
   4.248497e-05	   4.500000e+02	   0.000000e+00	   0.000000e+00	   0.000000e+00	   0.000000e+00	   0.000000e+00	   0.000000e+00	   0.000000e+00	   0.000000e+00	   0.000000e+00	   0.000000e+00	   0.000000e+00	   0.000000e+00	   0.000000e+00	   0.000000e+00	   0.000000e+00	   0.000000e+00	   0.000000e+00	   0.000000e+00	   0.000000e+00	   0.000000e+00	   0.000000e+00	   0.000000e+00	   0.000000e+00	   0.000000e+00	   0.000000e+00	   0.000000e+00	   0.000000e+00	   0.000000e+00	   0.000000e+00	   0.000000e+00	   0.000000e+00	   0.000000e+00	   0.000000e+00	   0.000000e+00	   0.000000e+00	   0.000000e+00	   0.000000e+00	   1.000000e+00	   0.000000e+00	   0.000000e+00	   0.000000e+00	   0.000000e+00	   0.000000e+00	   0.000000e+00	   0.000000e+00	   0.000000e+00	   0.000000e+00	   0.000000e+00	   0.000000e+00	   0.000000e+00	   0.000000e+00	   0.000000e+00	   0.000000e+00	   0.000000e+00	   0.000000e+00	   0.000000e+00	   0.000000e+00	   0.000000e+00	   0.000000e+00	   0.000000e+00	   0.000000e+00	   0.000000e+00	   0.000000e+00	   0.000000e+00	   0.000000e+00	   0.000000e+00	   0.000000e+00	   0.000000e+00	   0.000000e+00	   0.000000e+00	   0.000000e+00	   0.000000e+00	   0.000000e+00	   0.000000e+00	   2.026500e+06
   4.258517e-05	   4.500000e+02	   0.000000e+00	   0.000000e+00	   0.000000e+00	   0.000000e+00	   0.000000e+00	   0.000000e+00	   0.000000e+00	   0.000000e+00	   0.000000e+00	   0.000000e+00	   0.000000e+00	   0.000000e+00	   0.000000e+00	   0.000000e+00	   0.000000e+00	   0.000000e+00	   0.000000e+00	   0.000000e+00	   0.000000e+00	   0.000000e+00	   0.000000e+00	   0.000000e+00	   0.000000e+00	   0.000000e+00	   0.000000e+00	   0.000000e+00	   0.000000e+00	   0.000000e+00	   0.000000e+00	   0.000000e+00	   0.000000e+00	   0.000000e+00	   0.000000e+00	   0.000000e+00	   0.000000e+00	   0.000000e+00	   0.000000e+00	   1.000000e+00	   0.000000e+00	   0.000000e+00	   0.000000e+00	   0.000000e+00	   0.000000e+00	   0.000000e+00	   0.000000e+00	   0.000000e+00	   0.000000e+00	   0.000000e+00	   0.000000e+00	   0.000000e+00	   0.000000e+00	   0.000000e+00	   0.000000e+00	   0.000000e+00	   0.000000e+00	   0.000000e+00	   0.000000e+00	   0.000000e+00	   0.000000e+00	   0.000000e+00	   0.000000e+00	   0.000000e+00	   0.000000e+00	   0.000000e+00	   0.000000e+00	   0.000000e+00	   0.000000e+00	   0.000000e+00	   0.000000e+00	   0.000000e+00	   0.000000e+00	   0.000000e+00	   0.000000e+00	   0.000000e+00	   2.026500e+06
   4.268537e-05	   4.500000e+02	   0.000000e+00	   0.000000e+00	   0.000000e+00	   0.000000e+00	   0.000000e+00	   0.000000e+00	   0.000000e+00	   0.000000e+00	   0.000000e+00	   0.000000e+00	   0.000000e+00	   0.000000e+00	   0.000000e+00	   0.000000e+00	   0.000000e+00	   0.000000e+00	   0.000000e+00	   0.000000e+00	   0.000000e+00	   0.000000e+00	   0.000000e+00	   0.000000e+00	   0.000000e+00	   0.000000e+00	   0.000000e+00	   0.000000e+00	   0.000000e+00	   0.000000e+00	   0.000000e+00	   0.000000e+00	   0.000000e+00	   0.000000e+00	   0.000000e+00	   0.000000e+00	   0.000000e+00	   0.000000e+00	   0.000000e+00	   1.000000e+00	   0.000000e+00	   0.000000e+00	   0.000000e+00	   0.000000e+00	   0.000000e+00	   0.000000e+00	   0.000000e+00	   0.000000e+00	   0.000000e+00	   0.000000e+00	   0.000000e+00	   0.000000e+00	   0.000000e+00	   0.000000e+00	   0.000000e+00	   0.000000e+00	   0.000000e+00	   0.000000e+00	   0.000000e+00	   0.000000e+00	   0.000000e+00	   0.000000e+00	   0.000000e+00	   0.000000e+00	   0.000000e+00	   0.000000e+00	   0.000000e+00	   0.000000e+00	   0.000000e+00	   0.000000e+00	   0.000000e+00	   0.000000e+00	   0.000000e+00	   0.000000e+00	   0.000000e+00	   0.000000e+00	   2.026500e+06
   4.278557e-05	   4.500000e+02	   0.000000e+00	   0.000000e+00	   0.000000e+00	   0.000000e+00	   0.000000e+00	   0.000000e+00	   0.000000e+00	   0.000000e+00	   0.000000e+00	   0.000000e+00	   0.000000e+00	   0.000000e+00	   0.000000e+00	   0.000000e+00	   0.000000e+00	   0.000000e+00	   0.000000e+00	   0.000000e+00	   0.000000e+00	   0.000000e+00	   0.000000e+00	   0.000000e+00	   0.000000e+00	   0.000000e+00	   0.000000e+00	   0.000000e+00	   0.000000e+00	   0.000000e+00	   0.000000e+00	   0.000000e+00	   0.000000e+00	   0.000000e+00	   0.000000e+00	   0.000000e+00	   0.000000e+00	   0.000000e+00	   0.000000e+00	   1.000000e+00	   0.000000e+00	   0.000000e+00	   0.000000e+00	   0.000000e+00	   0.000000e+00	   0.000000e+00	   0.000000e+00	   0.000000e+00	   0.000000e+00	   0.000000e+00	   0.000000e+00	   0.000000e+00	   0.000000e+00	   0.000000e+00	   0.000000e+00	   0.000000e+00	   0.000000e+00	   0.000000e+00	   0.000000e+00	   0.000000e+00	   0.000000e+00	   0.000000e+00	   0.000000e+00	   0.000000e+00	   0.000000e+00	   0.000000e+00	   0.000000e+00	   0.000000e+00	   0.000000e+00	   0.000000e+00	   0.000000e+00	   0.000000e+00	   0.000000e+00	   0.000000e+00	   0.000000e+00	   0.000000e+00	   2.026500e+06
   4.288577e-05	   4.500000e+02	   0.000000e+00	   0.000000e+00	   0.000000e+00	   0.000000e+00	   0.000000e+00	   0.000000e+00	   0.000000e+00	   0.000000e+00	   0.000000e+00	   0.000000e+00	   0.000000e+00	   0.000000e+00	   0.000000e+00	   0.000000e+00	   0.000000e+00	   0.000000e+00	   0.000000e+00	   0.000000e+00	   0.000000e+00	   0.000000e+00	   0.000000e+00	   0.000000e+00	   0.000000e+00	   0.000000e+00	   0.000000e+00	   0.000000e+00	   0.000000e+00	   0.000000e+00	   0.000000e+00	   0.000000e+00	   0.000000e+00	   0.000000e+00	   0.000000e+00	   0.000000e+00	   0.000000e+00	   0.000000e+00	   0.000000e+00	   1.000000e+00	   0.000000e+00	   0.000000e+00	   0.000000e+00	   0.000000e+00	   0.000000e+00	   0.000000e+00	   0.000000e+00	   0.000000e+00	   0.000000e+00	   0.000000e+00	   0.000000e+00	   0.000000e+00	   0.000000e+00	   0.000000e+00	   0.000000e+00	   0.000000e+00	   0.000000e+00	   0.000000e+00	   0.000000e+00	   0.000000e+00	   0.000000e+00	   0.000000e+00	   0.000000e+00	   0.000000e+00	   0.000000e+00	   0.000000e+00	   0.000000e+00	   0.000000e+00	   0.000000e+00	   0.000000e+00	   0.000000e+00	   0.000000e+00	   0.000000e+00	   0.000000e+00	   0.000000e+00	   0.000000e+00	   2.026500e+06
   4.298597e-05	   4.500000e+02	   0.000000e+00	   0.000000e+00	   0.000000e+00	   0.000000e+00	   0.000000e+00	   0.000000e+00	   0.000000e+00	   0.000000e+00	   0.000000e+00	   0.000000e+00	   0.000000e+00	   0.000000e+00	   0.000000e+00	   0.000000e+00	   0.000000e+00	   0.000000e+00	   0.000000e+00	   0.000000e+00	   0.000000e+00	   0.000000e+00	   0.000000e+00	   0.000000e+00	   0.000000e+00	   0.000000e+00	   0.000000e+00	   0.000000e+00	   0.000000e+00	   0.000000e+00	   0.000000e+00	   0.000000e+00	   0.000000e+00	   0.000000e+00	   0.000000e+00	   0.000000e+00	   0.000000e+00	   0.000000e+00	   0.000000e+00	   1.000000e+00	   0.000000e+00	   0.000000e+00	   0.000000e+00	   0.000000e+00	   0.000000e+00	   0.000000e+00	   0.000000e+00	   0.000000e+00	   0.000000e+00	   0.000000e+00	   0.000000e+00	   0.000000e+00	   0.000000e+00	   0.000000e+00	   0.000000e+00	   0.000000e+00	   0.000000e+00	   0.000000e+00	   0.000000e+00	   0.000000e+00	   0.000000e+00	   0.000000e+00	   0.000000e+00	   0.000000e+00	   0.000000e+00	   0.000000e+00	   0.000000e+00	   0.000000e+00	   0.000000e+00	   0.000000e+00	   0.000000e+00	   0.000000e+00	   0.000000e+00	   0.000000e+00	   0.000000e+00	   0.000000e+00	   2.026500e+06
   4.308617e-05	   4.500000e+02	   0.000000e+00	   0.000000e+00	   0.000000e+00	   0.000000e+00	   0.000000e+00	   0.000000e+00	   0.000000e+00	   0.000000e+00	   0.000000e+00	   0.000000e+00	   0.000000e+00	   0.000000e+00	   0.000000e+00	   0.000000e+00	   0.000000e+00	   0.000000e+00	   0.000000e+00	   0.000000e+00	   0.000000e+00	   0.000000e+00	   0.000000e+00	   0.000000e+00	   0.000000e+00	   0.000000e+00	   0.000000e+00	   0.000000e+00	   0.000000e+00	   0.000000e+00	   0.000000e+00	   0.000000e+00	   0.000000e+00	   0.000000e+00	   0.000000e+00	   0.000000e+00	   0.000000e+00	   0.000000e+00	   0.000000e+00	   1.000000e+00	   0.000000e+00	   0.000000e+00	   0.000000e+00	   0.000000e+00	   0.000000e+00	   0.000000e+00	   0.000000e+00	   0.000000e+00	   0.000000e+00	   0.000000e+00	   0.000000e+00	   0.000000e+00	   0.000000e+00	   0.000000e+00	   0.000000e+00	   0.000000e+00	   0.000000e+00	   0.000000e+00	   0.000000e+00	   0.000000e+00	   0.000000e+00	   0.000000e+00	   0.000000e+00	   0.000000e+00	   0.000000e+00	   0.000000e+00	   0.000000e+00	   0.000000e+00	   0.000000e+00	   0.000000e+00	   0.000000e+00	   0.000000e+00	   0.000000e+00	   0.000000e+00	   0.000000e+00	   0.000000e+00	   2.026500e+06
   4.318637e-05	   4.500000e+02	   0.000000e+00	   0.000000e+00	   0.000000e+00	   0.000000e+00	   0.000000e+00	   0.000000e+00	   0.000000e+00	   0.000000e+00	   0.000000e+00	   0.000000e+00	   0.000000e+00	   0.000000e+00	   0.000000e+00	   0.000000e+00	   0.000000e+00	   0.000000e+00	   0.000000e+00	   0.000000e+00	   0.000000e+00	   0.000000e+00	   0.000000e+00	   0.000000e+00	   0.000000e+00	   0.000000e+00	   0.000000e+00	   0.000000e+00	   0.000000e+00	   0.000000e+00	   0.000000e+00	   0.000000e+00	   0.000000e+00	   0.000000e+00	   0.000000e+00	   0.000000e+00	   0.000000e+00	   0.000000e+00	   0.000000e+00	   1.000000e+00	   0.000000e+00	   0.000000e+00	   0.000000e+00	   0.000000e+00	   0.000000e+00	   0.000000e+00	   0.000000e+00	   0.000000e+00	   0.000000e+00	   0.000000e+00	   0.000000e+00	   0.000000e+00	   0.000000e+00	   0.000000e+00	   0.000000e+00	   0.000000e+00	   0.000000e+00	   0.000000e+00	   0.000000e+00	   0.000000e+00	   0.000000e+00	   0.000000e+00	   0.000000e+00	   0.000000e+00	   0.000000e+00	   0.000000e+00	   0.000000e+00	   0.000000e+00	   0.000000e+00	   0.000000e+00	   0.000000e+00	   0.000000e+00	   0.000000e+00	   0.000000e+00	   0.000000e+00	   0.000000e+00	   2.026500e+06
   4.328657e-05	   4.500000e+02	   0.000000e+00	   0.000000e+00	   0.000000e+00	   0.000000e+00	   0.000000e+00	   0.000000e+00	   0.000000e+00	   0.000000e+00	   0.000000e+00	   0.000000e+00	   0.000000e+00	   0.000000e+00	   0.000000e+00	   0.000000e+00	   0.000000e+00	   0.000000e+00	   0.000000e+00	   0.000000e+00	   0.000000e+00	   0.000000e+00	   0.000000e+00	   0.000000e+00	   0.000000e+00	   0.000000e+00	   0.000000e+00	   0.000000e+00	   0.000000e+00	   0.000000e+00	   0.000000e+00	   0.000000e+00	   0.000000e+00	   0.000000e+00	   0.000000e+00	   0.000000e+00	   0.000000e+00	   0.000000e+00	   0.000000e+00	   1.000000e+00	   0.000000e+00	   0.000000e+00	   0.000000e+00	   0.000000e+00	   0.000000e+00	   0.000000e+00	   0.000000e+00	   0.000000e+00	   0.000000e+00	   0.000000e+00	   0.000000e+00	   0.000000e+00	   0.000000e+00	   0.000000e+00	   0.000000e+00	   0.000000e+00	   0.000000e+00	   0.000000e+00	   0.000000e+00	   0.000000e+00	   0.000000e+00	   0.000000e+00	   0.000000e+00	   0.000000e+00	   0.000000e+00	   0.000000e+00	   0.000000e+00	   0.000000e+00	   0.000000e+00	   0.000000e+00	   0.000000e+00	   0.000000e+00	   0.000000e+00	   0.000000e+00	   0.000000e+00	   0.000000e+00	   2.026500e+06
   4.338677e-05	   4.500000e+02	   0.000000e+00	   0.000000e+00	   0.000000e+00	   0.000000e+00	   0.000000e+00	   0.000000e+00	   0.000000e+00	   0.000000e+00	   0.000000e+00	   0.000000e+00	   0.000000e+00	   0.000000e+00	   0.000000e+00	   0.000000e+00	   0.000000e+00	   0.000000e+00	   0.000000e+00	   0.000000e+00	   0.000000e+00	   0.000000e+00	   0.000000e+00	   0.000000e+00	   0.000000e+00	   0.000000e+00	   0.000000e+00	   0.000000e+00	   0.000000e+00	   0.000000e+00	   0.000000e+00	   0.000000e+00	   0.000000e+00	   0.000000e+00	   0.000000e+00	   0.000000e+00	   0.000000e+00	   0.000000e+00	   0.000000e+00	   1.000000e+00	   0.000000e+00	   0.000000e+00	   0.000000e+00	   0.000000e+00	   0.000000e+00	   0.000000e+00	   0.000000e+00	   0.000000e+00	   0.000000e+00	   0.000000e+00	   0.000000e+00	   0.000000e+00	   0.000000e+00	   0.000000e+00	   0.000000e+00	   0.000000e+00	   0.000000e+00	   0.000000e+00	   0.000000e+00	   0.000000e+00	   0.000000e+00	   0.000000e+00	   0.000000e+00	   0.000000e+00	   0.000000e+00	   0.000000e+00	   0.000000e+00	   0.000000e+00	   0.000000e+00	   0.000000e+00	   0.000000e+00	   0.000000e+00	   0.000000e+00	   0.000000e+00	   0.000000e+00	   0.000000e+00	   2.026500e+06
   4.348697e-05	   4.500000e+02	   0.000000e+00	   0.000000e+00	   0.000000e+00	   0.000000e+00	   0.000000e+00	   0.000000e+00	   0.000000e+00	   0.000000e+00	   0.000000e+00	   0.000000e+00	   0.000000e+00	   0.000000e+00	   0.000000e+00	   0.000000e+00	   0.000000e+00	   0.000000e+00	   0.000000e+00	   0.000000e+00	   0.000000e+00	   0.000000e+00	   0.000000e+00	   0.000000e+00	   0.000000e+00	   0.000000e+00	   0.000000e+00	   0.000000e+00	   0.000000e+00	   0.000000e+00	   0.000000e+00	   0.000000e+00	   0.000000e+00	   0.000000e+00	   0.000000e+00	   0.000000e+00	   0.000000e+00	   0.000000e+00	   0.000000e+00	   1.000000e+00	   0.000000e+00	   0.000000e+00	   0.000000e+00	   0.000000e+00	   0.000000e+00	   0.000000e+00	   0.000000e+00	   0.000000e+00	   0.000000e+00	   0.000000e+00	   0.000000e+00	   0.000000e+00	   0.000000e+00	   0.000000e+00	   0.000000e+00	   0.000000e+00	   0.000000e+00	   0.000000e+00	   0.000000e+00	   0.000000e+00	   0.000000e+00	   0.000000e+00	   0.000000e+00	   0.000000e+00	   0.000000e+00	   0.000000e+00	   0.000000e+00	   0.000000e+00	   0.000000e+00	   0.000000e+00	   0.000000e+00	   0.000000e+00	   0.000000e+00	   0.000000e+00	   0.000000e+00	   0.000000e+00	   2.026500e+06
   4.358717e-05	   4.500000e+02	   0.000000e+00	   0.000000e+00	   0.000000e+00	   0.000000e+00	   0.000000e+00	   0.000000e+00	   0.000000e+00	   0.000000e+00	   0.000000e+00	   0.000000e+00	   0.000000e+00	   0.000000e+00	   0.000000e+00	   0.000000e+00	   0.000000e+00	   0.000000e+00	   0.000000e+00	   0.000000e+00	   0.000000e+00	   0.000000e+00	   0.000000e+00	   0.000000e+00	   0.000000e+00	   0.000000e+00	   0.000000e+00	   0.000000e+00	   0.000000e+00	   0.000000e+00	   0.000000e+00	   0.000000e+00	   0.000000e+00	   0.000000e+00	   0.000000e+00	   0.000000e+00	   0.000000e+00	   0.000000e+00	   0.000000e+00	   1.000000e+00	   0.000000e+00	   0.000000e+00	   0.000000e+00	   0.000000e+00	   0.000000e+00	   0.000000e+00	   0.000000e+00	   0.000000e+00	   0.000000e+00	   0.000000e+00	   0.000000e+00	   0.000000e+00	   0.000000e+00	   0.000000e+00	   0.000000e+00	   0.000000e+00	   0.000000e+00	   0.000000e+00	   0.000000e+00	   0.000000e+00	   0.000000e+00	   0.000000e+00	   0.000000e+00	   0.000000e+00	   0.000000e+00	   0.000000e+00	   0.000000e+00	   0.000000e+00	   0.000000e+00	   0.000000e+00	   0.000000e+00	   0.000000e+00	   0.000000e+00	   0.000000e+00	   0.000000e+00	   0.000000e+00	   2.026500e+06
   4.368737e-05	   4.500000e+02	   0.000000e+00	   0.000000e+00	   0.000000e+00	   0.000000e+00	   0.000000e+00	   0.000000e+00	   0.000000e+00	   0.000000e+00	   0.000000e+00	   0.000000e+00	   0.000000e+00	   0.000000e+00	   0.000000e+00	   0.000000e+00	   0.000000e+00	   0.000000e+00	   0.000000e+00	   0.000000e+00	   0.000000e+00	   0.000000e+00	   0.000000e+00	   0.000000e+00	   0.000000e+00	   0.000000e+00	   0.000000e+00	   0.000000e+00	   0.000000e+00	   0.000000e+00	   0.000000e+00	   0.000000e+00	   0.000000e+00	   0.000000e+00	   0.000000e+00	   0.000000e+00	   0.000000e+00	   0.000000e+00	   0.000000e+00	   1.000000e+00	   0.000000e+00	   0.000000e+00	   0.000000e+00	   0.000000e+00	   0.000000e+00	   0.000000e+00	   0.000000e+00	   0.000000e+00	   0.000000e+00	   0.000000e+00	   0.000000e+00	   0.000000e+00	   0.000000e+00	   0.000000e+00	   0.000000e+00	   0.000000e+00	   0.000000e+00	   0.000000e+00	   0.000000e+00	   0.000000e+00	   0.000000e+00	   0.000000e+00	   0.000000e+00	   0.000000e+00	   0.000000e+00	   0.000000e+00	   0.000000e+00	   0.000000e+00	   0.000000e+00	   0.000000e+00	   0.000000e+00	   0.000000e+00	   0.000000e+00	   0.000000e+00	   0.000000e+00	   0.000000e+00	   2.026500e+06
   4.378758e-05	   4.500000e+02	   0.000000e+00	   0.000000e+00	   0.000000e+00	   0.000000e+00	   0.000000e+00	   0.000000e+00	   0.000000e+00	   0.000000e+00	   0.000000e+00	   0.000000e+00	   0.000000e+00	   0.000000e+00	   0.000000e+00	   0.000000e+00	   0.000000e+00	   0.000000e+00	   0.000000e+00	   0.000000e+00	   0.000000e+00	   0.000000e+00	   0.000000e+00	   0.000000e+00	   0.000000e+00	   0.000000e+00	   0.000000e+00	   0.000000e+00	   0.000000e+00	   0.000000e+00	   0.000000e+00	   0.000000e+00	   0.000000e+00	   0.000000e+00	   0.000000e+00	   0.000000e+00	   0.000000e+00	   0.000000e+00	   0.000000e+00	   1.000000e+00	   0.000000e+00	   0.000000e+00	   0.000000e+00	   0.000000e+00	   0.000000e+00	   0.000000e+00	   0.000000e+00	   0.000000e+00	   0.000000e+00	   0.000000e+00	   0.000000e+00	   0.000000e+00	   0.000000e+00	   0.000000e+00	   0.000000e+00	   0.000000e+00	   0.000000e+00	   0.000000e+00	   0.000000e+00	   0.000000e+00	   0.000000e+00	   0.000000e+00	   0.000000e+00	   0.000000e+00	   0.000000e+00	   0.000000e+00	   0.000000e+00	   0.000000e+00	   0.000000e+00	   0.000000e+00	   0.000000e+00	   0.000000e+00	   0.000000e+00	   0.000000e+00	   0.000000e+00	   0.000000e+00	   2.026500e+06
   4.388778e-05	   4.500000e+02	   0.000000e+00	   0.000000e+00	   0.000000e+00	   0.000000e+00	   0.000000e+00	   0.000000e+00	   0.000000e+00	   0.000000e+00	   0.000000e+00	   0.000000e+00	   0.000000e+00	   0.000000e+00	   0.000000e+00	   0.000000e+00	   0.000000e+00	   0.000000e+00	   0.000000e+00	   0.000000e+00	   0.000000e+00	   0.000000e+00	   0.000000e+00	   0.000000e+00	   0.000000e+00	   0.000000e+00	   0.000000e+00	   0.000000e+00	   0.000000e+00	   0.000000e+00	   0.000000e+00	   0.000000e+00	   0.000000e+00	   0.000000e+00	   0.000000e+00	   0.000000e+00	   0.000000e+00	   0.000000e+00	   0.000000e+00	   1.000000e+00	   0.000000e+00	   0.000000e+00	   0.000000e+00	   0.000000e+00	   0.000000e+00	   0.000000e+00	   0.000000e+00	   0.000000e+00	   0.000000e+00	   0.000000e+00	   0.000000e+00	   0.000000e+00	   0.000000e+00	   0.000000e+00	   0.000000e+00	   0.000000e+00	   0.000000e+00	   0.000000e+00	   0.000000e+00	   0.000000e+00	   0.000000e+00	   0.000000e+00	   0.000000e+00	   0.000000e+00	   0.000000e+00	   0.000000e+00	   0.000000e+00	   0.000000e+00	   0.000000e+00	   0.000000e+00	   0.000000e+00	   0.000000e+00	   0.000000e+00	   0.000000e+00	   0.000000e+00	   0.000000e+00	   2.026500e+06
   4.398798e-05	   4.500000e+02	   0.000000e+00	   0.000000e+00	   0.000000e+00	   0.000000e+00	   0.000000e+00	   0.000000e+00	   0.000000e+00	   0.000000e+00	   0.000000e+00	   0.000000e+00	   0.000000e+00	   0.000000e+00	   0.000000e+00	   0.000000e+00	   0.000000e+00	   0.000000e+00	   0.000000e+00	   0.000000e+00	   0.000000e+00	   0.000000e+00	   0.000000e+00	   0.000000e+00	   0.000000e+00	   0.000000e+00	   0.000000e+00	   0.000000e+00	   0.000000e+00	   0.000000e+00	   0.000000e+00	   0.000000e+00	   0.000000e+00	   0.000000e+00	   0.000000e+00	   0.000000e+00	   0.000000e+00	   0.000000e+00	   0.000000e+00	   1.000000e+00	   0.000000e+00	   0.000000e+00	   0.000000e+00	   0.000000e+00	   0.000000e+00	   0.000000e+00	   0.000000e+00	   0.000000e+00	   0.000000e+00	   0.000000e+00	   0.000000e+00	   0.000000e+00	   0.000000e+00	   0.000000e+00	   0.000000e+00	   0.000000e+00	   0.000000e+00	   0.000000e+00	   0.000000e+00	   0.000000e+00	   0.000000e+00	   0.000000e+00	   0.000000e+00	   0.000000e+00	   0.000000e+00	   0.000000e+00	   0.000000e+00	   0.000000e+00	   0.000000e+00	   0.000000e+00	   0.000000e+00	   0.000000e+00	   0.000000e+00	   0.000000e+00	   0.000000e+00	   0.000000e+00	   2.026500e+06
   4.408818e-05	   4.500000e+02	   0.000000e+00	   0.000000e+00	   0.000000e+00	   0.000000e+00	   0.000000e+00	   0.000000e+00	   0.000000e+00	   0.000000e+00	   0.000000e+00	   0.000000e+00	   0.000000e+00	   0.000000e+00	   0.000000e+00	   0.000000e+00	   0.000000e+00	   0.000000e+00	   0.000000e+00	   0.000000e+00	   0.000000e+00	   0.000000e+00	   0.000000e+00	   0.000000e+00	   0.000000e+00	   0.000000e+00	   0.000000e+00	   0.000000e+00	   0.000000e+00	   0.000000e+00	   0.000000e+00	   0.000000e+00	   0.000000e+00	   0.000000e+00	   0.000000e+00	   0.000000e+00	   0.000000e+00	   0.000000e+00	   0.000000e+00	   1.000000e+00	   0.000000e+00	   0.000000e+00	   0.000000e+00	   0.000000e+00	   0.000000e+00	   0.000000e+00	   0.000000e+00	   0.000000e+00	   0.000000e+00	   0.000000e+00	   0.000000e+00	   0.000000e+00	   0.000000e+00	   0.000000e+00	   0.000000e+00	   0.000000e+00	   0.000000e+00	   0.000000e+00	   0.000000e+00	   0.000000e+00	   0.000000e+00	   0.000000e+00	   0.000000e+00	   0.000000e+00	   0.000000e+00	   0.000000e+00	   0.000000e+00	   0.000000e+00	   0.000000e+00	   0.000000e+00	   0.000000e+00	   0.000000e+00	   0.000000e+00	   0.000000e+00	   0.000000e+00	   0.000000e+00	   2.026500e+06
   4.418838e-05	   4.500000e+02	   0.000000e+00	   0.000000e+00	   0.000000e+00	   0.000000e+00	   0.000000e+00	   0.000000e+00	   0.000000e+00	   0.000000e+00	   0.000000e+00	   0.000000e+00	   0.000000e+00	   0.000000e+00	   0.000000e+00	   0.000000e+00	   0.000000e+00	   0.000000e+00	   0.000000e+00	   0.000000e+00	   0.000000e+00	   0.000000e+00	   0.000000e+00	   0.000000e+00	   0.000000e+00	   0.000000e+00	   0.000000e+00	   0.000000e+00	   0.000000e+00	   0.000000e+00	   0.000000e+00	   0.000000e+00	   0.000000e+00	   0.000000e+00	   0.000000e+00	   0.000000e+00	   0.000000e+00	   0.000000e+00	   0.000000e+00	   1.000000e+00	   0.000000e+00	   0.000000e+00	   0.000000e+00	   0.000000e+00	   0.000000e+00	   0.000000e+00	   0.000000e+00	   0.000000e+00	   0.000000e+00	   0.000000e+00	   0.000000e+00	   0.000000e+00	   0.000000e+00	   0.000000e+00	   0.000000e+00	   0.000000e+00	   0.000000e+00	   0.000000e+00	   0.000000e+00	   0.000000e+00	   0.000000e+00	   0.000000e+00	   0.000000e+00	   0.000000e+00	   0.000000e+00	   0.000000e+00	   0.000000e+00	   0.000000e+00	   0.000000e+00	   0.000000e+00	   0.000000e+00	   0.000000e+00	   0.000000e+00	   0.000000e+00	   0.000000e+00	   0.000000e+00	   2.026500e+06
   4.428858e-05	   4.500000e+02	   0.000000e+00	   0.000000e+00	   0.000000e+00	   0.000000e+00	   0.000000e+00	   0.000000e+00	   0.000000e+00	   0.000000e+00	   0.000000e+00	   0.000000e+00	   0.000000e+00	   0.000000e+00	   0.000000e+00	   0.000000e+00	   0.000000e+00	   0.000000e+00	   0.000000e+00	   0.000000e+00	   0.000000e+00	   0.000000e+00	   0.000000e+00	   0.000000e+00	   0.000000e+00	   0.000000e+00	   0.000000e+00	   0.000000e+00	   0.000000e+00	   0.000000e+00	   0.000000e+00	   0.000000e+00	   0.000000e+00	   0.000000e+00	   0.000000e+00	   0.000000e+00	   0.000000e+00	   0.000000e+00	   0.000000e+00	   1.000000e+00	   0.000000e+00	   0.000000e+00	   0.000000e+00	   0.000000e+00	   0.000000e+00	   0.000000e+00	   0.000000e+00	   0.000000e+00	   0.000000e+00	   0.000000e+00	   0.000000e+00	   0.000000e+00	   0.000000e+00	   0.000000e+00	   0.000000e+00	   0.000000e+00	   0.000000e+00	   0.000000e+00	   0.000000e+00	   0.000000e+00	   0.000000e+00	   0.000000e+00	   0.000000e+00	   0.000000e+00	   0.000000e+00	   0.000000e+00	   0.000000e+00	   0.000000e+00	   0.000000e+00	   0.000000e+00	   0.000000e+00	   0.000000e+00	   0.000000e+00	   0.000000e+00	   0.000000e+00	   0.000000e+00	   2.026500e+06
   4.438878e-05	   4.500000e+02	   0.000000e+00	   0.000000e+00	   0.000000e+00	   0.000000e+00	   0.000000e+00	   0.000000e+00	   0.000000e+00	   0.000000e+00	   0.000000e+00	   0.000000e+00	   0.000000e+00	   0.000000e+00	   0.000000e+00	   0.000000e+00	   0.000000e+00	   0.000000e+00	   0.000000e+00	   0.000000e+00	   0.000000e+00	   0.000000e+00	   0.000000e+00	   0.000000e+00	   0.000000e+00	   0.000000e+00	   0.000000e+00	   0.000000e+00	   0.000000e+00	   0.000000e+00	   0.000000e+00	   0.000000e+00	   0.000000e+00	   0.000000e+00	   0.000000e+00	   0.000000e+00	   0.000000e+00	   0.000000e+00	   0.000000e+00	   1.000000e+00	   0.000000e+00	   0.000000e+00	   0.000000e+00	   0.000000e+00	   0.000000e+00	   0.000000e+00	   0.000000e+00	   0.000000e+00	   0.000000e+00	   0.000000e+00	   0.000000e+00	   0.000000e+00	   0.000000e+00	   0.000000e+00	   0.000000e+00	   0.000000e+00	   0.000000e+00	   0.000000e+00	   0.000000e+00	   0.000000e+00	   0.000000e+00	   0.000000e+00	   0.000000e+00	   0.000000e+00	   0.000000e+00	   0.000000e+00	   0.000000e+00	   0.000000e+00	   0.000000e+00	   0.000000e+00	   0.000000e+00	   0.000000e+00	   0.000000e+00	   0.000000e+00	   0.000000e+00	   0.000000e+00	   2.026500e+06
   4.448898e-05	   4.500000e+02	   0.000000e+00	   0.000000e+00	   0.000000e+00	   0.000000e+00	   0.000000e+00	   0.000000e+00	   0.000000e+00	   0.000000e+00	   0.000000e+00	   0.000000e+00	   0.000000e+00	   0.000000e+00	   0.000000e+00	   0.000000e+00	   0.000000e+00	   0.000000e+00	   0.000000e+00	   0.000000e+00	   0.000000e+00	   0.000000e+00	   0.000000e+00	   0.000000e+00	   0.000000e+00	   0.000000e+00	   0.000000e+00	   0.000000e+00	   0.000000e+00	   0.000000e+00	   0.000000e+00	   0.000000e+00	   0.000000e+00	   0.000000e+00	   0.000000e+00	   0.000000e+00	   0.000000e+00	   0.000000e+00	   0.000000e+00	   1.000000e+00	   0.000000e+00	   0.000000e+00	   0.000000e+00	   0.000000e+00	   0.000000e+00	   0.000000e+00	   0.000000e+00	   0.000000e+00	   0.000000e+00	   0.000000e+00	   0.000000e+00	   0.000000e+00	   0.000000e+00	   0.000000e+00	   0.000000e+00	   0.000000e+00	   0.000000e+00	   0.000000e+00	   0.000000e+00	   0.000000e+00	   0.000000e+00	   0.000000e+00	   0.000000e+00	   0.000000e+00	   0.000000e+00	   0.000000e+00	   0.000000e+00	   0.000000e+00	   0.000000e+00	   0.000000e+00	   0.000000e+00	   0.000000e+00	   0.000000e+00	   0.000000e+00	   0.000000e+00	   0.000000e+00	   2.026500e+06
   4.458918e-05	   4.500000e+02	   0.000000e+00	   0.000000e+00	   0.000000e+00	   0.000000e+00	   0.000000e+00	   0.000000e+00	   0.000000e+00	   0.000000e+00	   0.000000e+00	   0.000000e+00	   0.000000e+00	   0.000000e+00	   0.000000e+00	   0.000000e+00	   0.000000e+00	   0.000000e+00	   0.000000e+00	   0.000000e+00	   0.000000e+00	   0.000000e+00	   0.000000e+00	   0.000000e+00	   0.000000e+00	   0.000000e+00	   0.000000e+00	   0.000000e+00	   0.000000e+00	   0.000000e+00	   0.000000e+00	   0.000000e+00	   0.000000e+00	   0.000000e+00	   0.000000e+00	   0.000000e+00	   0.000000e+00	   0.000000e+00	   0.000000e+00	   1.000000e+00	   0.000000e+00	   0.000000e+00	   0.000000e+00	   0.000000e+00	   0.000000e+00	   0.000000e+00	   0.000000e+00	   0.000000e+00	   0.000000e+00	   0.000000e+00	   0.000000e+00	   0.000000e+00	   0.000000e+00	   0.000000e+00	   0.000000e+00	   0.000000e+00	   0.000000e+00	   0.000000e+00	   0.000000e+00	   0.000000e+00	   0.000000e+00	   0.000000e+00	   0.000000e+00	   0.000000e+00	   0.000000e+00	   0.000000e+00	   0.000000e+00	   0.000000e+00	   0.000000e+00	   0.000000e+00	   0.000000e+00	   0.000000e+00	   0.000000e+00	   0.000000e+00	   0.000000e+00	   0.000000e+00	   2.026500e+06
   4.468938e-05	   4.500000e+02	   0.000000e+00	   0.000000e+00	   0.000000e+00	   0.000000e+00	   0.000000e+00	   0.000000e+00	   0.000000e+00	   0.000000e+00	   0.000000e+00	   0.000000e+00	   0.000000e+00	   0.000000e+00	   0.000000e+00	   0.000000e+00	   0.000000e+00	   0.000000e+00	   0.000000e+00	   0.000000e+00	   0.000000e+00	   0.000000e+00	   0.000000e+00	   0.000000e+00	   0.000000e+00	   0.000000e+00	   0.000000e+00	   0.000000e+00	   0.000000e+00	   0.000000e+00	   0.000000e+00	   0.000000e+00	   0.000000e+00	   0.000000e+00	   0.000000e+00	   0.000000e+00	   0.000000e+00	   0.000000e+00	   0.000000e+00	   1.000000e+00	   0.000000e+00	   0.000000e+00	   0.000000e+00	   0.000000e+00	   0.000000e+00	   0.000000e+00	   0.000000e+00	   0.000000e+00	   0.000000e+00	   0.000000e+00	   0.000000e+00	   0.000000e+00	   0.000000e+00	   0.000000e+00	   0.000000e+00	   0.000000e+00	   0.000000e+00	   0.000000e+00	   0.000000e+00	   0.000000e+00	   0.000000e+00	   0.000000e+00	   0.000000e+00	   0.000000e+00	   0.000000e+00	   0.000000e+00	   0.000000e+00	   0.000000e+00	   0.000000e+00	   0.000000e+00	   0.000000e+00	   0.000000e+00	   0.000000e+00	   0.000000e+00	   0.000000e+00	   0.000000e+00	   2.026500e+06
   4.478958e-05	   4.500000e+02	   0.000000e+00	   0.000000e+00	   0.000000e+00	   0.000000e+00	   0.000000e+00	   0.000000e+00	   0.000000e+00	   0.000000e+00	   0.000000e+00	   0.000000e+00	   0.000000e+00	   0.000000e+00	   0.000000e+00	   0.000000e+00	   0.000000e+00	   0.000000e+00	   0.000000e+00	   0.000000e+00	   0.000000e+00	   0.000000e+00	   0.000000e+00	   0.000000e+00	   0.000000e+00	   0.000000e+00	   0.000000e+00	   0.000000e+00	   0.000000e+00	   0.000000e+00	   0.000000e+00	   0.000000e+00	   0.000000e+00	   0.000000e+00	   0.000000e+00	   0.000000e+00	   0.000000e+00	   0.000000e+00	   0.000000e+00	   1.000000e+00	   0.000000e+00	   0.000000e+00	   0.000000e+00	   0.000000e+00	   0.000000e+00	   0.000000e+00	   0.000000e+00	   0.000000e+00	   0.000000e+00	   0.000000e+00	   0.000000e+00	   0.000000e+00	   0.000000e+00	   0.000000e+00	   0.000000e+00	   0.000000e+00	   0.000000e+00	   0.000000e+00	   0.000000e+00	   0.000000e+00	   0.000000e+00	   0.000000e+00	   0.000000e+00	   0.000000e+00	   0.000000e+00	   0.000000e+00	   0.000000e+00	   0.000000e+00	   0.000000e+00	   0.000000e+00	   0.000000e+00	   0.000000e+00	   0.000000e+00	   0.000000e+00	   0.000000e+00	   0.000000e+00	   2.026500e+06
   4.488978e-05	   4.500000e+02	   0.000000e+00	   0.000000e+00	   0.000000e+00	   0.000000e+00	   0.000000e+00	   0.000000e+00	   0.000000e+00	   0.000000e+00	   0.000000e+00	   0.000000e+00	   0.000000e+00	   0.000000e+00	   0.000000e+00	   0.000000e+00	   0.000000e+00	   0.000000e+00	   0.000000e+00	   0.000000e+00	   0.000000e+00	   0.000000e+00	   0.000000e+00	   0.000000e+00	   0.000000e+00	   0.000000e+00	   0.000000e+00	   0.000000e+00	   0.000000e+00	   0.000000e+00	   0.000000e+00	   0.000000e+00	   0.000000e+00	   0.000000e+00	   0.000000e+00	   0.000000e+00	   0.000000e+00	   0.000000e+00	   0.000000e+00	   1.000000e+00	   0.000000e+00	   0.000000e+00	   0.000000e+00	   0.000000e+00	   0.000000e+00	   0.000000e+00	   0.000000e+00	   0.000000e+00	   0.000000e+00	   0.000000e+00	   0.000000e+00	   0.000000e+00	   0.000000e+00	   0.000000e+00	   0.000000e+00	   0.000000e+00	   0.000000e+00	   0.000000e+00	   0.000000e+00	   0.000000e+00	   0.000000e+00	   0.000000e+00	   0.000000e+00	   0.000000e+00	   0.000000e+00	   0.000000e+00	   0.000000e+00	   0.000000e+00	   0.000000e+00	   0.000000e+00	   0.000000e+00	   0.000000e+00	   0.000000e+00	   0.000000e+00	   0.000000e+00	   0.000000e+00	   2.026500e+06
   4.498998e-05	   4.500000e+02	   0.000000e+00	   0.000000e+00	   0.000000e+00	   0.000000e+00	   0.000000e+00	   0.000000e+00	   0.000000e+00	   0.000000e+00	   0.000000e+00	   0.000000e+00	   0.000000e+00	   0.000000e+00	   0.000000e+00	   0.000000e+00	   0.000000e+00	   0.000000e+00	   0.000000e+00	   0.000000e+00	   0.000000e+00	   0.000000e+00	   0.000000e+00	   0.000000e+00	   0.000000e+00	   0.000000e+00	   0.000000e+00	   0.000000e+00	   0.000000e+00	   0.000000e+00	   0.000000e+00	   0.000000e+00	   0.000000e+00	   0.000000e+00	   0.000000e+00	   0.000000e+00	   0.000000e+00	   0.000000e+00	   0.000000e+00	   1.000000e+00	   0.000000e+00	   0.000000e+00	   0.000000e+00	   0.000000e+00	   0.000000e+00	   0.000000e+00	   0.000000e+00	   0.000000e+00	   0.000000e+00	   0.000000e+00	   0.000000e+00	   0.000000e+00	   0.000000e+00	   0.000000e+00	   0.000000e+00	   0.000000e+00	   0.000000e+00	   0.000000e+00	   0.000000e+00	   0.000000e+00	   0.000000e+00	   0.000000e+00	   0.000000e+00	   0.000000e+00	   0.000000e+00	   0.000000e+00	   0.000000e+00	   0.000000e+00	   0.000000e+00	   0.000000e+00	   0.000000e+00	   0.000000e+00	   0.000000e+00	   0.000000e+00	   0.000000e+00	   0.000000e+00	   2.026500e+06
   4.509018e-05	   4.500000e+02	   0.000000e+00	   0.000000e+00	   0.000000e+00	   0.000000e+00	   0.000000e+00	   0.000000e+00	   0.000000e+00	   0.000000e+00	   0.000000e+00	   0.000000e+00	   0.000000e+00	   0.000000e+00	   0.000000e+00	   0.000000e+00	   0.000000e+00	   0.000000e+00	   0.000000e+00	   0.000000e+00	   0.000000e+00	   0.000000e+00	   0.000000e+00	   0.000000e+00	   0.000000e+00	   0.000000e+00	   0.000000e+00	   0.000000e+00	   0.000000e+00	   0.000000e+00	   0.000000e+00	   0.000000e+00	   0.000000e+00	   0.000000e+00	   0.000000e+00	   0.000000e+00	   0.000000e+00	   0.000000e+00	   0.000000e+00	   1.000000e+00	   0.000000e+00	   0.000000e+00	   0.000000e+00	   0.000000e+00	   0.000000e+00	   0.000000e+00	   0.000000e+00	   0.000000e+00	   0.000000e+00	   0.000000e+00	   0.000000e+00	   0.000000e+00	   0.000000e+00	   0.000000e+00	   0.000000e+00	   0.000000e+00	   0.000000e+00	   0.000000e+00	   0.000000e+00	   0.000000e+00	   0.000000e+00	   0.000000e+00	   0.000000e+00	   0.000000e+00	   0.000000e+00	   0.000000e+00	   0.000000e+00	   0.000000e+00	   0.000000e+00	   0.000000e+00	   0.000000e+00	   0.000000e+00	   0.000000e+00	   0.000000e+00	   0.000000e+00	   0.000000e+00	   2.026500e+06
   4.519038e-05	   4.500000e+02	   0.000000e+00	   0.000000e+00	   0.000000e+00	   0.000000e+00	   0.000000e+00	   0.000000e+00	   0.000000e+00	   0.000000e+00	   0.000000e+00	   0.000000e+00	   0.000000e+00	   0.000000e+00	   0.000000e+00	   0.000000e+00	   0.000000e+00	   0.000000e+00	   0.000000e+00	   0.000000e+00	   0.000000e+00	   0.000000e+00	   0.000000e+00	   0.000000e+00	   0.000000e+00	   0.000000e+00	   0.000000e+00	   0.000000e+00	   0.000000e+00	   0.000000e+00	   0.000000e+00	   0.000000e+00	   0.000000e+00	   0.000000e+00	   0.000000e+00	   0.000000e+00	   0.000000e+00	   0.000000e+00	   0.000000e+00	   1.000000e+00	   0.000000e+00	   0.000000e+00	   0.000000e+00	   0.000000e+00	   0.000000e+00	   0.000000e+00	   0.000000e+00	   0.000000e+00	   0.000000e+00	   0.000000e+00	   0.000000e+00	   0.000000e+00	   0.000000e+00	   0.000000e+00	   0.000000e+00	   0.000000e+00	   0.000000e+00	   0.000000e+00	   0.000000e+00	   0.000000e+00	   0.000000e+00	   0.000000e+00	   0.000000e+00	   0.000000e+00	   0.000000e+00	   0.000000e+00	   0.000000e+00	   0.000000e+00	   0.000000e+00	   0.000000e+00	   0.000000e+00	   0.000000e+00	   0.000000e+00	   0.000000e+00	   0.000000e+00	   0.000000e+00	   2.026500e+06
   4.529058e-05	   4.500000e+02	   0.000000e+00	   0.000000e+00	   0.000000e+00	   0.000000e+00	   0.000000e+00	   0.000000e+00	   0.000000e+00	   0.000000e+00	   0.000000e+00	   0.000000e+00	   0.000000e+00	   0.000000e+00	   0.000000e+00	   0.000000e+00	   0.000000e+00	   0.000000e+00	   0.000000e+00	   0.000000e+00	   0.000000e+00	   0.000000e+00	   0.000000e+00	   0.000000e+00	   0.000000e+00	   0.000000e+00	   0.000000e+00	   0.000000e+00	   0.000000e+00	   0.000000e+00	   0.000000e+00	   0.000000e+00	   0.000000e+00	   0.000000e+00	   0.000000e+00	   0.000000e+00	   0.000000e+00	   0.000000e+00	   0.000000e+00	   1.000000e+00	   0.000000e+00	   0.000000e+00	   0.000000e+00	   0.000000e+00	   0.000000e+00	   0.000000e+00	   0.000000e+00	   0.000000e+00	   0.000000e+00	   0.000000e+00	   0.000000e+00	   0.000000e+00	   0.000000e+00	   0.000000e+00	   0.000000e+00	   0.000000e+00	   0.000000e+00	   0.000000e+00	   0.000000e+00	   0.000000e+00	   0.000000e+00	   0.000000e+00	   0.000000e+00	   0.000000e+00	   0.000000e+00	   0.000000e+00	   0.000000e+00	   0.000000e+00	   0.000000e+00	   0.000000e+00	   0.000000e+00	   0.000000e+00	   0.000000e+00	   0.000000e+00	   0.000000e+00	   0.000000e+00	   2.026500e+06
   4.539078e-05	   4.500000e+02	   0.000000e+00	   0.000000e+00	   0.000000e+00	   0.000000e+00	   0.000000e+00	   0.000000e+00	   0.000000e+00	   0.000000e+00	   0.000000e+00	   0.000000e+00	   0.000000e+00	   0.000000e+00	   0.000000e+00	   0.000000e+00	   0.000000e+00	   0.000000e+00	   0.000000e+00	   0.000000e+00	   0.000000e+00	   0.000000e+00	   0.000000e+00	   0.000000e+00	   0.000000e+00	   0.000000e+00	   0.000000e+00	   0.000000e+00	   0.000000e+00	   0.000000e+00	   0.000000e+00	   0.000000e+00	   0.000000e+00	   0.000000e+00	   0.000000e+00	   0.000000e+00	   0.000000e+00	   0.000000e+00	   0.000000e+00	   1.000000e+00	   0.000000e+00	   0.000000e+00	   0.000000e+00	   0.000000e+00	   0.000000e+00	   0.000000e+00	   0.000000e+00	   0.000000e+00	   0.000000e+00	   0.000000e+00	   0.000000e+00	   0.000000e+00	   0.000000e+00	   0.000000e+00	   0.000000e+00	   0.000000e+00	   0.000000e+00	   0.000000e+00	   0.000000e+00	   0.000000e+00	   0.000000e+00	   0.000000e+00	   0.000000e+00	   0.000000e+00	   0.000000e+00	   0.000000e+00	   0.000000e+00	   0.000000e+00	   0.000000e+00	   0.000000e+00	   0.000000e+00	   0.000000e+00	   0.000000e+00	   0.000000e+00	   0.000000e+00	   0.000000e+00	   2.026500e+06
   4.549098e-05	   4.500000e+02	   0.000000e+00	   0.000000e+00	   0.000000e+00	   0.000000e+00	   0.000000e+00	   0.000000e+00	   0.000000e+00	   0.000000e+00	   0.000000e+00	   0.000000e+00	   0.000000e+00	   0.000000e+00	   0.000000e+00	   0.000000e+00	   0.000000e+00	   0.000000e+00	   0.000000e+00	   0.000000e+00	   0.000000e+00	   0.000000e+00	   0.000000e+00	   0.000000e+00	   0.000000e+00	   0.000000e+00	   0.000000e+00	   0.000000e+00	   0.000000e+00	   0.000000e+00	   0.000000e+00	   0.000000e+00	   0.000000e+00	   0.000000e+00	   0.000000e+00	   0.000000e+00	   0.000000e+00	   0.000000e+00	   0.000000e+00	   1.000000e+00	   0.000000e+00	   0.000000e+00	   0.000000e+00	   0.000000e+00	   0.000000e+00	   0.000000e+00	   0.000000e+00	   0.000000e+00	   0.000000e+00	   0.000000e+00	   0.000000e+00	   0.000000e+00	   0.000000e+00	   0.000000e+00	   0.000000e+00	   0.000000e+00	   0.000000e+00	   0.000000e+00	   0.000000e+00	   0.000000e+00	   0.000000e+00	   0.000000e+00	   0.000000e+00	   0.000000e+00	   0.000000e+00	   0.000000e+00	   0.000000e+00	   0.000000e+00	   0.000000e+00	   0.000000e+00	   0.000000e+00	   0.000000e+00	   0.000000e+00	   0.000000e+00	   0.000000e+00	   0.000000e+00	   2.026500e+06
   4.559118e-05	   4.500000e+02	   0.000000e+00	   0.000000e+00	   0.000000e+00	   0.000000e+00	   0.000000e+00	   0.000000e+00	   0.000000e+00	   0.000000e+00	   0.000000e+00	   0.000000e+00	   0.000000e+00	   0.000000e+00	   0.000000e+00	   0.000000e+00	   0.000000e+00	   0.000000e+00	   0.000000e+00	   0.000000e+00	   0.000000e+00	   0.000000e+00	   0.000000e+00	   0.000000e+00	   0.000000e+00	   0.000000e+00	   0.000000e+00	   0.000000e+00	   0.000000e+00	   0.000000e+00	   0.000000e+00	   0.000000e+00	   0.000000e+00	   0.000000e+00	   0.000000e+00	   0.000000e+00	   0.000000e+00	   0.000000e+00	   0.000000e+00	   1.000000e+00	   0.000000e+00	   0.000000e+00	   0.000000e+00	   0.000000e+00	   0.000000e+00	   0.000000e+00	   0.000000e+00	   0.000000e+00	   0.000000e+00	   0.000000e+00	   0.000000e+00	   0.000000e+00	   0.000000e+00	   0.000000e+00	   0.000000e+00	   0.000000e+00	   0.000000e+00	   0.000000e+00	   0.000000e+00	   0.000000e+00	   0.000000e+00	   0.000000e+00	   0.000000e+00	   0.000000e+00	   0.000000e+00	   0.000000e+00	   0.000000e+00	   0.000000e+00	   0.000000e+00	   0.000000e+00	   0.000000e+00	   0.000000e+00	   0.000000e+00	   0.000000e+00	   0.000000e+00	   0.000000e+00	   2.026500e+06
   4.569138e-05	   4.500000e+02	   0.000000e+00	   0.000000e+00	   0.000000e+00	   0.000000e+00	   0.000000e+00	   0.000000e+00	   0.000000e+00	   0.000000e+00	   0.000000e+00	   0.000000e+00	   0.000000e+00	   0.000000e+00	   0.000000e+00	   0.000000e+00	   0.000000e+00	   0.000000e+00	   0.000000e+00	   0.000000e+00	   0.000000e+00	   0.000000e+00	   0.000000e+00	   0.000000e+00	   0.000000e+00	   0.000000e+00	   0.000000e+00	   0.000000e+00	   0.000000e+00	   0.000000e+00	   0.000000e+00	   0.000000e+00	   0.000000e+00	   0.000000e+00	   0.000000e+00	   0.000000e+00	   0.000000e+00	   0.000000e+00	   0.000000e+00	   1.000000e+00	   0.000000e+00	   0.000000e+00	   0.000000e+00	   0.000000e+00	   0.000000e+00	   0.000000e+00	   0.000000e+00	   0.000000e+00	   0.000000e+00	   0.000000e+00	   0.000000e+00	   0.000000e+00	   0.000000e+00	   0.000000e+00	   0.000000e+00	   0.000000e+00	   0.000000e+00	   0.000000e+00	   0.000000e+00	   0.000000e+00	   0.000000e+00	   0.000000e+00	   0.000000e+00	   0.000000e+00	   0.000000e+00	   0.000000e+00	   0.000000e+00	   0.000000e+00	   0.000000e+00	   0.000000e+00	   0.000000e+00	   0.000000e+00	   0.000000e+00	   0.000000e+00	   0.000000e+00	   0.000000e+00	   2.026500e+06
   4.579158e-05	   4.500000e+02	   0.000000e+00	   0.000000e+00	   0.000000e+00	   0.000000e+00	   0.000000e+00	   0.000000e+00	   0.000000e+00	   0.000000e+00	   0.000000e+00	   0.000000e+00	   0.000000e+00	   0.000000e+00	   0.000000e+00	   0.000000e+00	   0.000000e+00	   0.000000e+00	   0.000000e+00	   0.000000e+00	   0.000000e+00	   0.000000e+00	   0.000000e+00	   0.000000e+00	   0.000000e+00	   0.000000e+00	   0.000000e+00	   0.000000e+00	   0.000000e+00	   0.000000e+00	   0.000000e+00	   0.000000e+00	   0.000000e+00	   0.000000e+00	   0.000000e+00	   0.000000e+00	   0.000000e+00	   0.000000e+00	   0.000000e+00	   1.000000e+00	   0.000000e+00	   0.000000e+00	   0.000000e+00	   0.000000e+00	   0.000000e+00	   0.000000e+00	   0.000000e+00	   0.000000e+00	   0.000000e+00	   0.000000e+00	   0.000000e+00	   0.000000e+00	   0.000000e+00	   0.000000e+00	   0.000000e+00	   0.000000e+00	   0.000000e+00	   0.000000e+00	   0.000000e+00	   0.000000e+00	   0.000000e+00	   0.000000e+00	   0.000000e+00	   0.000000e+00	   0.000000e+00	   0.000000e+00	   0.000000e+00	   0.000000e+00	   0.000000e+00	   0.000000e+00	   0.000000e+00	   0.000000e+00	   0.000000e+00	   0.000000e+00	   0.000000e+00	   0.000000e+00	   2.026500e+06
   4.589178e-05	   4.500000e+02	   0.000000e+00	   0.000000e+00	   0.000000e+00	   0.000000e+00	   0.000000e+00	   0.000000e+00	   0.000000e+00	   0.000000e+00	   0.000000e+00	   0.000000e+00	   0.000000e+00	   0.000000e+00	   0.000000e+00	   0.000000e+00	   0.000000e+00	   0.000000e+00	   0.000000e+00	   0.000000e+00	   0.000000e+00	   0.000000e+00	   0.000000e+00	   0.000000e+00	   0.000000e+00	   0.000000e+00	   0.000000e+00	   0.000000e+00	   0.000000e+00	   0.000000e+00	   0.000000e+00	   0.000000e+00	   0.000000e+00	   0.000000e+00	   0.000000e+00	   0.000000e+00	   0.000000e+00	   0.000000e+00	   0.000000e+00	   1.000000e+00	   0.000000e+00	   0.000000e+00	   0.000000e+00	   0.000000e+00	   0.000000e+00	   0.000000e+00	   0.000000e+00	   0.000000e+00	   0.000000e+00	   0.000000e+00	   0.000000e+00	   0.000000e+00	   0.000000e+00	   0.000000e+00	   0.000000e+00	   0.000000e+00	   0.000000e+00	   0.000000e+00	   0.000000e+00	   0.000000e+00	   0.000000e+00	   0.000000e+00	   0.000000e+00	   0.000000e+00	   0.000000e+00	   0.000000e+00	   0.000000e+00	   0.000000e+00	   0.000000e+00	   0.000000e+00	   0.000000e+00	   0.000000e+00	   0.000000e+00	   0.000000e+00	   0.000000e+00	   0.000000e+00	   2.026500e+06
   4.599198e-05	   4.500000e+02	   0.000000e+00	   0.000000e+00	   0.000000e+00	   0.000000e+00	   0.000000e+00	   0.000000e+00	   0.000000e+00	   0.000000e+00	   0.000000e+00	   0.000000e+00	   0.000000e+00	   0.000000e+00	   0.000000e+00	   0.000000e+00	   0.000000e+00	   0.000000e+00	   0.000000e+00	   0.000000e+00	   0.000000e+00	   0.000000e+00	   0.000000e+00	   0.000000e+00	   0.000000e+00	   0.000000e+00	   0.000000e+00	   0.000000e+00	   0.000000e+00	   0.000000e+00	   0.000000e+00	   0.000000e+00	   0.000000e+00	   0.000000e+00	   0.000000e+00	   0.000000e+00	   0.000000e+00	   0.000000e+00	   0.000000e+00	   1.000000e+00	   0.000000e+00	   0.000000e+00	   0.000000e+00	   0.000000e+00	   0.000000e+00	   0.000000e+00	   0.000000e+00	   0.000000e+00	   0.000000e+00	   0.000000e+00	   0.000000e+00	   0.000000e+00	   0.000000e+00	   0.000000e+00	   0.000000e+00	   0.000000e+00	   0.000000e+00	   0.000000e+00	   0.000000e+00	   0.000000e+00	   0.000000e+00	   0.000000e+00	   0.000000e+00	   0.000000e+00	   0.000000e+00	   0.000000e+00	   0.000000e+00	   0.000000e+00	   0.000000e+00	   0.000000e+00	   0.000000e+00	   0.000000e+00	   0.000000e+00	   0.000000e+00	   0.000000e+00	   0.000000e+00	   2.026500e+06
   4.609218e-05	   4.500000e+02	   0.000000e+00	   0.000000e+00	   0.000000e+00	   0.000000e+00	   0.000000e+00	   0.000000e+00	   0.000000e+00	   0.000000e+00	   0.000000e+00	   0.000000e+00	   0.000000e+00	   0.000000e+00	   0.000000e+00	   0.000000e+00	   0.000000e+00	   0.000000e+00	   0.000000e+00	   0.000000e+00	   0.000000e+00	   0.000000e+00	   0.000000e+00	   0.000000e+00	   0.000000e+00	   0.000000e+00	   0.000000e+00	   0.000000e+00	   0.000000e+00	   0.000000e+00	   0.000000e+00	   0.000000e+00	   0.000000e+00	   0.000000e+00	   0.000000e+00	   0.000000e+00	   0.000000e+00	   0.000000e+00	   0.000000e+00	   1.000000e+00	   0.000000e+00	   0.000000e+00	   0.000000e+00	   0.000000e+00	   0.000000e+00	   0.000000e+00	   0.000000e+00	   0.000000e+00	   0.000000e+00	   0.000000e+00	   0.000000e+00	   0.000000e+00	   0.000000e+00	   0.000000e+00	   0.000000e+00	   0.000000e+00	   0.000000e+00	   0.000000e+00	   0.000000e+00	   0.000000e+00	   0.000000e+00	   0.000000e+00	   0.000000e+00	   0.000000e+00	   0.000000e+00	   0.000000e+00	   0.000000e+00	   0.000000e+00	   0.000000e+00	   0.000000e+00	   0.000000e+00	   0.000000e+00	   0.000000e+00	   0.000000e+00	   0.000000e+00	   0.000000e+00	   2.026500e+06
   4.619238e-05	   4.500000e+02	   0.000000e+00	   0.000000e+00	   0.000000e+00	   0.000000e+00	   0.000000e+00	   0.000000e+00	   0.000000e+00	   0.000000e+00	   0.000000e+00	   0.000000e+00	   0.000000e+00	   0.000000e+00	   0.000000e+00	   0.000000e+00	   0.000000e+00	   0.000000e+00	   0.000000e+00	   0.000000e+00	   0.000000e+00	   0.000000e+00	   0.000000e+00	   0.000000e+00	   0.000000e+00	   0.000000e+00	   0.000000e+00	   0.000000e+00	   0.000000e+00	   0.000000e+00	   0.000000e+00	   0.000000e+00	   0.000000e+00	   0.000000e+00	   0.000000e+00	   0.000000e+00	   0.000000e+00	   0.000000e+00	   0.000000e+00	   1.000000e+00	   0.000000e+00	   0.000000e+00	   0.000000e+00	   0.000000e+00	   0.000000e+00	   0.000000e+00	   0.000000e+00	   0.000000e+00	   0.000000e+00	   0.000000e+00	   0.000000e+00	   0.000000e+00	   0.000000e+00	   0.000000e+00	   0.000000e+00	   0.000000e+00	   0.000000e+00	   0.000000e+00	   0.000000e+00	   0.000000e+00	   0.000000e+00	   0.000000e+00	   0.000000e+00	   0.000000e+00	   0.000000e+00	   0.000000e+00	   0.000000e+00	   0.000000e+00	   0.000000e+00	   0.000000e+00	   0.000000e+00	   0.000000e+00	   0.000000e+00	   0.000000e+00	   0.000000e+00	   0.000000e+00	   2.026500e+06
   4.629259e-05	   4.500000e+02	   0.000000e+00	   0.000000e+00	   0.000000e+00	   0.000000e+00	   0.000000e+00	   0.000000e+00	   0.000000e+00	   0.000000e+00	   0.000000e+00	   0.000000e+00	   0.000000e+00	   0.000000e+00	   0.000000e+00	   0.000000e+00	   0.000000e+00	   0.000000e+00	   0.000000e+00	   0.000000e+00	   0.000000e+00	   0.000000e+00	   0.000000e+00	   0.000000e+00	   0.000000e+00	   0.000000e+00	   0.000000e+00	   0.000000e+00	   0.000000e+00	   0.000000e+00	   0.000000e+00	   0.000000e+00	   0.000000e+00	   0.000000e+00	   0.000000e+00	   0.000000e+00	   0.000000e+00	   0.000000e+00	   0.000000e+00	   1.000000e+00	   0.000000e+00	   0.000000e+00	   0.000000e+00	   0.000000e+00	   0.000000e+00	   0.000000e+00	   0.000000e+00	   0.000000e+00	   0.000000e+00	   0.000000e+00	   0.000000e+00	   0.000000e+00	   0.000000e+00	   0.000000e+00	   0.000000e+00	   0.000000e+00	   0.000000e+00	   0.000000e+00	   0.000000e+00	   0.000000e+00	   0.000000e+00	   0.000000e+00	   0.000000e+00	   0.000000e+00	   0.000000e+00	   0.000000e+00	   0.000000e+00	   0.000000e+00	   0.000000e+00	   0.000000e+00	   0.000000e+00	   0.000000e+00	   0.000000e+00	   0.000000e+00	   0.000000e+00	   0.000000e+00	   2.026500e+06
   4.639279e-05	   4.500000e+02	   0.000000e+00	   0.000000e+00	   0.000000e+00	   0.000000e+00	   0.000000e+00	   0.000000e+00	   0.000000e+00	   0.000000e+00	   0.000000e+00	   0.000000e+00	   0.000000e+00	   0.000000e+00	   0.000000e+00	   0.000000e+00	   0.000000e+00	   0.000000e+00	   0.000000e+00	   0.000000e+00	   0.000000e+00	   0.000000e+00	   0.000000e+00	   0.000000e+00	   0.000000e+00	   0.000000e+00	   0.000000e+00	   0.000000e+00	   0.000000e+00	   0.000000e+00	   0.000000e+00	   0.000000e+00	   0.000000e+00	   0.000000e+00	   0.000000e+00	   0.000000e+00	   0.000000e+00	   0.000000e+00	   0.000000e+00	   1.000000e+00	   0.000000e+00	   0.000000e+00	   0.000000e+00	   0.000000e+00	   0.000000e+00	   0.000000e+00	   0.000000e+00	   0.000000e+00	   0.000000e+00	   0.000000e+00	   0.000000e+00	   0.000000e+00	   0.000000e+00	   0.000000e+00	   0.000000e+00	   0.000000e+00	   0.000000e+00	   0.000000e+00	   0.000000e+00	   0.000000e+00	   0.000000e+00	   0.000000e+00	   0.000000e+00	   0.000000e+00	   0.000000e+00	   0.000000e+00	   0.000000e+00	   0.000000e+00	   0.000000e+00	   0.000000e+00	   0.000000e+00	   0.000000e+00	   0.000000e+00	   0.000000e+00	   0.000000e+00	   0.000000e+00	   2.026500e+06
   4.649299e-05	   4.500000e+02	   0.000000e+00	   0.000000e+00	   0.000000e+00	   0.000000e+00	   0.000000e+00	   0.000000e+00	   0.000000e+00	   0.000000e+00	   0.000000e+00	   0.000000e+00	   0.000000e+00	   0.000000e+00	   0.000000e+00	   0.000000e+00	   0.000000e+00	   0.000000e+00	   0.000000e+00	   0.000000e+00	   0.000000e+00	   0.000000e+00	   0.000000e+00	   0.000000e+00	   0.000000e+00	   0.000000e+00	   0.000000e+00	   0.000000e+00	   0.000000e+00	   0.000000e+00	   0.000000e+00	   0.000000e+00	   0.000000e+00	   0.000000e+00	   0.000000e+00	   0.000000e+00	   0.000000e+00	   0.000000e+00	   0.000000e+00	   1.000000e+00	   0.000000e+00	   0.000000e+00	   0.000000e+00	   0.000000e+00	   0.000000e+00	   0.000000e+00	   0.000000e+00	   0.000000e+00	   0.000000e+00	   0.000000e+00	   0.000000e+00	   0.000000e+00	   0.000000e+00	   0.000000e+00	   0.000000e+00	   0.000000e+00	   0.000000e+00	   0.000000e+00	   0.000000e+00	   0.000000e+00	   0.000000e+00	   0.000000e+00	   0.000000e+00	   0.000000e+00	   0.000000e+00	   0.000000e+00	   0.000000e+00	   0.000000e+00	   0.000000e+00	   0.000000e+00	   0.000000e+00	   0.000000e+00	   0.000000e+00	   0.000000e+00	   0.000000e+00	   0.000000e+00	   2.026500e+06
   4.659319e-05	   4.500000e+02	   0.000000e+00	   0.000000e+00	   0.000000e+00	   0.000000e+00	   0.000000e+00	   0.000000e+00	   0.000000e+00	   0.000000e+00	   0.000000e+00	   0.000000e+00	   0.000000e+00	   0.000000e+00	   0.000000e+00	   0.000000e+00	   0.000000e+00	   0.000000e+00	   0.000000e+00	   0.000000e+00	   0.000000e+00	   0.000000e+00	   0.000000e+00	   0.000000e+00	   0.000000e+00	   0.000000e+00	   0.000000e+00	   0.000000e+00	   0.000000e+00	   0.000000e+00	   0.000000e+00	   0.000000e+00	   0.000000e+00	   0.000000e+00	   0.000000e+00	   0.000000e+00	   0.000000e+00	   0.000000e+00	   0.000000e+00	   1.000000e+00	   0.000000e+00	   0.000000e+00	   0.000000e+00	   0.000000e+00	   0.000000e+00	   0.000000e+00	   0.000000e+00	   0.000000e+00	   0.000000e+00	   0.000000e+00	   0.000000e+00	   0.000000e+00	   0.000000e+00	   0.000000e+00	   0.000000e+00	   0.000000e+00	   0.000000e+00	   0.000000e+00	   0.000000e+00	   0.000000e+00	   0.000000e+00	   0.000000e+00	   0.000000e+00	   0.000000e+00	   0.000000e+00	   0.000000e+00	   0.000000e+00	   0.000000e+00	   0.000000e+00	   0.000000e+00	   0.000000e+00	   0.000000e+00	   0.000000e+00	   0.000000e+00	   0.000000e+00	   0.000000e+00	   2.026500e+06
   4.669339e-05	   4.500000e+02	   0.000000e+00	   0.000000e+00	   0.000000e+00	   0.000000e+00	   0.000000e+00	   0.000000e+00	   0.000000e+00	   0.000000e+00	   0.000000e+00	   0.000000e+00	   0.000000e+00	   0.000000e+00	   0.000000e+00	   0.000000e+00	   0.000000e+00	   0.000000e+00	   0.000000e+00	   0.000000e+00	   0.000000e+00	   0.000000e+00	   0.000000e+00	   0.000000e+00	   0.000000e+00	   0.000000e+00	   0.000000e+00	   0.000000e+00	   0.000000e+00	   0.000000e+00	   0.000000e+00	   0.000000e+00	   0.000000e+00	   0.000000e+00	   0.000000e+00	   0.000000e+00	   0.000000e+00	   0.000000e+00	   0.000000e+00	   1.000000e+00	   0.000000e+00	   0.000000e+00	   0.000000e+00	   0.000000e+00	   0.000000e+00	   0.000000e+00	   0.000000e+00	   0.000000e+00	   0.000000e+00	   0.000000e+00	   0.000000e+00	   0.000000e+00	   0.000000e+00	   0.000000e+00	   0.000000e+00	   0.000000e+00	   0.000000e+00	   0.000000e+00	   0.000000e+00	   0.000000e+00	   0.000000e+00	   0.000000e+00	   0.000000e+00	   0.000000e+00	   0.000000e+00	   0.000000e+00	   0.000000e+00	   0.000000e+00	   0.000000e+00	   0.000000e+00	   0.000000e+00	   0.000000e+00	   0.000000e+00	   0.000000e+00	   0.000000e+00	   0.000000e+00	   2.026500e+06
   4.679359e-05	   4.500000e+02	   0.000000e+00	   0.000000e+00	   0.000000e+00	   0.000000e+00	   0.000000e+00	   0.000000e+00	   0.000000e+00	   0.000000e+00	   0.000000e+00	   0.000000e+00	   0.000000e+00	   0.000000e+00	   0.000000e+00	   0.000000e+00	   0.000000e+00	   0.000000e+00	   0.000000e+00	   0.000000e+00	   0.000000e+00	   0.000000e+00	   0.000000e+00	   0.000000e+00	   0.000000e+00	   0.000000e+00	   0.000000e+00	   0.000000e+00	   0.000000e+00	   0.000000e+00	   0.000000e+00	   0.000000e+00	   0.000000e+00	   0.000000e+00	   0.000000e+00	   0.000000e+00	   0.000000e+00	   0.000000e+00	   0.000000e+00	   1.000000e+00	   0.000000e+00	   0.000000e+00	   0.000000e+00	   0.000000e+00	   0.000000e+00	   0.000000e+00	   0.000000e+00	   0.000000e+00	   0.000000e+00	   0.000000e+00	   0.000000e+00	   0.000000e+00	   0.000000e+00	   0.000000e+00	   0.000000e+00	   0.000000e+00	   0.000000e+00	   0.000000e+00	   0.000000e+00	   0.000000e+00	   0.000000e+00	   0.000000e+00	   0.000000e+00	   0.000000e+00	   0.000000e+00	   0.000000e+00	   0.000000e+00	   0.000000e+00	   0.000000e+00	   0.000000e+00	   0.000000e+00	   0.000000e+00	   0.000000e+00	   0.000000e+00	   0.000000e+00	   0.000000e+00	   2.026500e+06
   4.689379e-05	   4.500000e+02	   0.000000e+00	   0.000000e+00	   0.000000e+00	   0.000000e+00	   0.000000e+00	   0.000000e+00	   0.000000e+00	   0.000000e+00	   0.000000e+00	   0.000000e+00	   0.000000e+00	   0.000000e+00	   0.000000e+00	   0.000000e+00	   0.000000e+00	   0.000000e+00	   0.000000e+00	   0.000000e+00	   0.000000e+00	   0.000000e+00	   0.000000e+00	   0.000000e+00	   0.000000e+00	   0.000000e+00	   0.000000e+00	   0.000000e+00	   0.000000e+00	   0.000000e+00	   0.000000e+00	   0.000000e+00	   0.000000e+00	   0.000000e+00	   0.000000e+00	   0.000000e+00	   0.000000e+00	   0.000000e+00	   0.000000e+00	   1.000000e+00	   0.000000e+00	   0.000000e+00	   0.000000e+00	   0.000000e+00	   0.000000e+00	   0.000000e+00	   0.000000e+00	   0.000000e+00	   0.000000e+00	   0.000000e+00	   0.000000e+00	   0.000000e+00	   0.000000e+00	   0.000000e+00	   0.000000e+00	   0.000000e+00	   0.000000e+00	   0.000000e+00	   0.000000e+00	   0.000000e+00	   0.000000e+00	   0.000000e+00	   0.000000e+00	   0.000000e+00	   0.000000e+00	   0.000000e+00	   0.000000e+00	   0.000000e+00	   0.000000e+00	   0.000000e+00	   0.000000e+00	   0.000000e+00	   0.000000e+00	   0.000000e+00	   0.000000e+00	   0.000000e+00	   2.026500e+06
   4.699399e-05	   4.500000e+02	   0.000000e+00	   0.000000e+00	   0.000000e+00	   0.000000e+00	   0.000000e+00	   0.000000e+00	   0.000000e+00	   0.000000e+00	   0.000000e+00	   0.000000e+00	   0.000000e+00	   0.000000e+00	   0.000000e+00	   0.000000e+00	   0.000000e+00	   0.000000e+00	   0.000000e+00	   0.000000e+00	   0.000000e+00	   0.000000e+00	   0.000000e+00	   0.000000e+00	   0.000000e+00	   0.000000e+00	   0.000000e+00	   0.000000e+00	   0.000000e+00	   0.000000e+00	   0.000000e+00	   0.000000e+00	   0.000000e+00	   0.000000e+00	   0.000000e+00	   0.000000e+00	   0.000000e+00	   0.000000e+00	   0.000000e+00	   1.000000e+00	   0.000000e+00	   0.000000e+00	   0.000000e+00	   0.000000e+00	   0.000000e+00	   0.000000e+00	   0.000000e+00	   0.000000e+00	   0.000000e+00	   0.000000e+00	   0.000000e+00	   0.000000e+00	   0.000000e+00	   0.000000e+00	   0.000000e+00	   0.000000e+00	   0.000000e+00	   0.000000e+00	   0.000000e+00	   0.000000e+00	   0.000000e+00	   0.000000e+00	   0.000000e+00	   0.000000e+00	   0.000000e+00	   0.000000e+00	   0.000000e+00	   0.000000e+00	   0.000000e+00	   0.000000e+00	   0.000000e+00	   0.000000e+00	   0.000000e+00	   0.000000e+00	   0.000000e+00	   0.000000e+00	   2.026500e+06
   4.709419e-05	   4.500000e+02	   0.000000e+00	   0.000000e+00	   0.000000e+00	   0.000000e+00	   0.000000e+00	   0.000000e+00	   0.000000e+00	   0.000000e+00	   0.000000e+00	   0.000000e+00	   0.000000e+00	   0.000000e+00	   0.000000e+00	   0.000000e+00	   0.000000e+00	   0.000000e+00	   0.000000e+00	   0.000000e+00	   0.000000e+00	   0.000000e+00	   0.000000e+00	   0.000000e+00	   0.000000e+00	   0.000000e+00	   0.000000e+00	   0.000000e+00	   0.000000e+00	   0.000000e+00	   0.000000e+00	   0.000000e+00	   0.000000e+00	   0.000000e+00	   0.000000e+00	   0.000000e+00	   0.000000e+00	   0.000000e+00	   0.000000e+00	   1.000000e+00	   0.000000e+00	   0.000000e+00	   0.000000e+00	   0.000000e+00	   0.000000e+00	   0.000000e+00	   0.000000e+00	   0.000000e+00	   0.000000e+00	   0.000000e+00	   0.000000e+00	   0.000000e+00	   0.000000e+00	   0.000000e+00	   0.000000e+00	   0.000000e+00	   0.000000e+00	   0.000000e+00	   0.000000e+00	   0.000000e+00	   0.000000e+00	   0.000000e+00	   0.000000e+00	   0.000000e+00	   0.000000e+00	   0.000000e+00	   0.000000e+00	   0.000000e+00	   0.000000e+00	   0.000000e+00	   0.000000e+00	   0.000000e+00	   0.000000e+00	   0.000000e+00	   0.000000e+00	   0.000000e+00	   2.026500e+06
   4.719439e-05	   4.500000e+02	   0.000000e+00	   0.000000e+00	   0.000000e+00	   0.000000e+00	   0.000000e+00	   0.000000e+00	   0.000000e+00	   0.000000e+00	   0.000000e+00	   0.000000e+00	   0.000000e+00	   0.000000e+00	   0.000000e+00	   0.000000e+00	   0.000000e+00	   0.000000e+00	   0.000000e+00	   0.000000e+00	   0.000000e+00	   0.000000e+00	   0.000000e+00	   0.000000e+00	   0.000000e+00	   0.000000e+00	   0.000000e+00	   0.000000e+00	   0.000000e+00	   0.000000e+00	   0.000000e+00	   0.000000e+00	   0.000000e+00	   0.000000e+00	   0.000000e+00	   0.000000e+00	   0.000000e+00	   0.000000e+00	   0.000000e+00	   1.000000e+00	   0.000000e+00	   0.000000e+00	   0.000000e+00	   0.000000e+00	   0.000000e+00	   0.000000e+00	   0.000000e+00	   0.000000e+00	   0.000000e+00	   0.000000e+00	   0.000000e+00	   0.000000e+00	   0.000000e+00	   0.000000e+00	   0.000000e+00	   0.000000e+00	   0.000000e+00	   0.000000e+00	   0.000000e+00	   0.000000e+00	   0.000000e+00	   0.000000e+00	   0.000000e+00	   0.000000e+00	   0.000000e+00	   0.000000e+00	   0.000000e+00	   0.000000e+00	   0.000000e+00	   0.000000e+00	   0.000000e+00	   0.000000e+00	   0.000000e+00	   0.000000e+00	   0.000000e+00	   0.000000e+00	   2.026500e+06
   4.729459e-05	   4.500000e+02	   0.000000e+00	   0.000000e+00	   0.000000e+00	   0.000000e+00	   0.000000e+00	   0.000000e+00	   0.000000e+00	   0.000000e+00	   0.000000e+00	   0.000000e+00	   0.000000e+00	   0.000000e+00	   0.000000e+00	   0.000000e+00	   0.000000e+00	   0.000000e+00	   0.000000e+00	   0.000000e+00	   0.000000e+00	   0.000000e+00	   0.000000e+00	   0.000000e+00	   0.000000e+00	   0.000000e+00	   0.000000e+00	   0.000000e+00	   0.000000e+00	   0.000000e+00	   0.000000e+00	   0.000000e+00	   0.000000e+00	   0.000000e+00	   0.000000e+00	   0.000000e+00	   0.000000e+00	   0.000000e+00	   0.000000e+00	   1.000000e+00	   0.000000e+00	   0.000000e+00	   0.000000e+00	   0.000000e+00	   0.000000e+00	   0.000000e+00	   0.000000e+00	   0.000000e+00	   0.000000e+00	   0.000000e+00	   0.000000e+00	   0.000000e+00	   0.000000e+00	   0.000000e+00	   0.000000e+00	   0.000000e+00	   0.000000e+00	   0.000000e+00	   0.000000e+00	   0.000000e+00	   0.000000e+00	   0.000000e+00	   0.000000e+00	   0.000000e+00	   0.000000e+00	   0.000000e+00	   0.000000e+00	   0.000000e+00	   0.000000e+00	   0.000000e+00	   0.000000e+00	   0.000000e+00	   0.000000e+00	   0.000000e+00	   0.000000e+00	   0.000000e+00	   2.026500e+06
   4.739479e-05	   4.500000e+02	   0.000000e+00	   0.000000e+00	   0.000000e+00	   0.000000e+00	   0.000000e+00	   0.000000e+00	   0.000000e+00	   0.000000e+00	   0.000000e+00	   0.000000e+00	   0.000000e+00	   0.000000e+00	   0.000000e+00	   0.000000e+00	   0.000000e+00	   0.000000e+00	   0.000000e+00	   0.000000e+00	   0.000000e+00	   0.000000e+00	   0.000000e+00	   0.000000e+00	   0.000000e+00	   0.000000e+00	   0.000000e+00	   0.000000e+00	   0.000000e+00	   0.000000e+00	   0.000000e+00	   0.000000e+00	   0.000000e+00	   0.000000e+00	   0.000000e+00	   0.000000e+00	   0.000000e+00	   0.000000e+00	   0.000000e+00	   1.000000e+00	   0.000000e+00	   0.000000e+00	   0.000000e+00	   0.000000e+00	   0.000000e+00	   0.000000e+00	   0.000000e+00	   0.000000e+00	   0.000000e+00	   0.000000e+00	   0.000000e+00	   0.000000e+00	   0.000000e+00	   0.000000e+00	   0.000000e+00	   0.000000e+00	   0.000000e+00	   0.000000e+00	   0.000000e+00	   0.000000e+00	   0.000000e+00	   0.000000e+00	   0.000000e+00	   0.000000e+00	   0.000000e+00	   0.000000e+00	   0.000000e+00	   0.000000e+00	   0.000000e+00	   0.000000e+00	   0.000000e+00	   0.000000e+00	   0.000000e+00	   0.000000e+00	   0.000000e+00	   0.000000e+00	   2.026500e+06
   4.749499e-05	   4.500000e+02	   0.000000e+00	   0.000000e+00	   0.000000e+00	   0.000000e+00	   0.000000e+00	   0.000000e+00	   0.000000e+00	   0.000000e+00	   0.000000e+00	   0.000000e+00	   0.000000e+00	   0.000000e+00	   0.000000e+00	   0.000000e+00	   0.000000e+00	   0.000000e+00	   0.000000e+00	   0.000000e+00	   0.000000e+00	   0.000000e+00	   0.000000e+00	   0.000000e+00	   0.000000e+00	   0.000000e+00	   0.000000e+00	   0.000000e+00	   0.000000e+00	   0.000000e+00	   0.000000e+00	   0.000000e+00	   0.000000e+00	   0.000000e+00	   0.000000e+00	   0.000000e+00	   0.000000e+00	   0.000000e+00	   0.000000e+00	   1.000000e+00	   0.000000e+00	   0.000000e+00	   0.000000e+00	   0.000000e+00	   0.000000e+00	   0.000000e+00	   0.000000e+00	   0.000000e+00	   0.000000e+00	   0.000000e+00	   0.000000e+00	   0.000000e+00	   0.000000e+00	   0.000000e+00	   0.000000e+00	   0.000000e+00	   0.000000e+00	   0.000000e+00	   0.000000e+00	   0.000000e+00	   0.000000e+00	   0.000000e+00	   0.000000e+00	   0.000000e+00	   0.000000e+00	   0.000000e+00	   0.000000e+00	   0.000000e+00	   0.000000e+00	   0.000000e+00	   0.000000e+00	   0.000000e+00	   0.000000e+00	   0.000000e+00	   0.000000e+00	   0.000000e+00	   2.026500e+06
   4.759519e-05	   4.500000e+02	   0.000000e+00	   0.000000e+00	   0.000000e+00	   0.000000e+00	   0.000000e+00	   0.000000e+00	   0.000000e+00	   0.000000e+00	   0.000000e+00	   0.000000e+00	   0.000000e+00	   0.000000e+00	   0.000000e+00	   0.000000e+00	   0.000000e+00	   0.000000e+00	   0.000000e+00	   0.000000e+00	   0.000000e+00	   0.000000e+00	   0.000000e+00	   0.000000e+00	   0.000000e+00	   0.000000e+00	   0.000000e+00	   0.000000e+00	   0.000000e+00	   0.000000e+00	   0.000000e+00	   0.000000e+00	   0.000000e+00	   0.000000e+00	   0.000000e+00	   0.000000e+00	   0.000000e+00	   0.000000e+00	   0.000000e+00	   1.000000e+00	   0.000000e+00	   0.000000e+00	   0.000000e+00	   0.000000e+00	   0.000000e+00	   0.000000e+00	   0.000000e+00	   0.000000e+00	   0.000000e+00	   0.000000e+00	   0.000000e+00	   0.000000e+00	   0.000000e+00	   0.000000e+00	   0.000000e+00	   0.000000e+00	   0.000000e+00	   0.000000e+00	   0.000000e+00	   0.000000e+00	   0.000000e+00	   0.000000e+00	   0.000000e+00	   0.000000e+00	   0.000000e+00	   0.000000e+00	   0.000000e+00	   0.000000e+00	   0.000000e+00	   0.000000e+00	   0.000000e+00	   0.000000e+00	   0.000000e+00	   0.000000e+00	   0.000000e+00	   0.000000e+00	   2.026500e+06
   4.769539e-05	   4.500000e+02	   0.000000e+00	   0.000000e+00	   0.000000e+00	   0.000000e+00	   0.000000e+00	   0.000000e+00	   0.000000e+00	   0.000000e+00	   0.000000e+00	   0.000000e+00	   0.000000e+00	   0.000000e+00	   0.000000e+00	   0.000000e+00	   0.000000e+00	   0.000000e+00	   0.000000e+00	   0.000000e+00	   0.000000e+00	   0.000000e+00	   0.000000e+00	   0.000000e+00	   0.000000e+00	   0.000000e+00	   0.000000e+00	   0.000000e+00	   0.000000e+00	   0.000000e+00	   0.000000e+00	   0.000000e+00	   0.000000e+00	   0.000000e+00	   0.000000e+00	   0.000000e+00	   0.000000e+00	   0.000000e+00	   0.000000e+00	   1.000000e+00	   0.000000e+00	   0.000000e+00	   0.000000e+00	   0.000000e+00	   0.000000e+00	   0.000000e+00	   0.000000e+00	   0.000000e+00	   0.000000e+00	   0.000000e+00	   0.000000e+00	   0.000000e+00	   0.000000e+00	   0.000000e+00	   0.000000e+00	   0.000000e+00	   0.000000e+00	   0.000000e+00	   0.000000e+00	   0.000000e+00	   0.000000e+00	   0.000000e+00	   0.000000e+00	   0.000000e+00	   0.000000e+00	   0.000000e+00	   0.000000e+00	   0.000000e+00	   0.000000e+00	   0.000000e+00	   0.000000e+00	   0.000000e+00	   0.000000e+00	   0.000000e+00	   0.000000e+00	   0.000000e+00	   2.026500e+06
   4.779559e-05	   4.500000e+02	   0.000000e+00	   0.000000e+00	   0.000000e+00	   0.000000e+00	   0.000000e+00	   0.000000e+00	   0.000000e+00	   0.000000e+00	   0.000000e+00	   0.000000e+00	   0.000000e+00	   0.000000e+00	   0.000000e+00	   0.000000e+00	   0.000000e+00	   0.000000e+00	   0.000000e+00	   0.000000e+00	   0.000000e+00	   0.000000e+00	   0.000000e+00	   0.000000e+00	   0.000000e+00	   0.000000e+00	   0.000000e+00	   0.000000e+00	   0.000000e+00	   0.000000e+00	   0.000000e+00	   0.000000e+00	   0.000000e+00	   0.000000e+00	   0.000000e+00	   0.000000e+00	   0.000000e+00	   0.000000e+00	   0.000000e+00	   1.000000e+00	   0.000000e+00	   0.000000e+00	   0.000000e+00	   0.000000e+00	   0.000000e+00	   0.000000e+00	   0.000000e+00	   0.000000e+00	   0.000000e+00	   0.000000e+00	   0.000000e+00	   0.000000e+00	   0.000000e+00	   0.000000e+00	   0.000000e+00	   0.000000e+00	   0.000000e+00	   0.000000e+00	   0.000000e+00	   0.000000e+00	   0.000000e+00	   0.000000e+00	   0.000000e+00	   0.000000e+00	   0.000000e+00	   0.000000e+00	   0.000000e+00	   0.000000e+00	   0.000000e+00	   0.000000e+00	   0.000000e+00	   0.000000e+00	   0.000000e+00	   0.000000e+00	   0.000000e+00	   0.000000e+00	   2.026500e+06
   4.789579e-05	   4.500000e+02	   0.000000e+00	   0.000000e+00	   0.000000e+00	   0.000000e+00	   0.000000e+00	   0.000000e+00	   0.000000e+00	   0.000000e+00	   0.000000e+00	   0.000000e+00	   0.000000e+00	   0.000000e+00	   0.000000e+00	   0.000000e+00	   0.000000e+00	   0.000000e+00	   0.000000e+00	   0.000000e+00	   0.000000e+00	   0.000000e+00	   0.000000e+00	   0.000000e+00	   0.000000e+00	   0.000000e+00	   0.000000e+00	   0.000000e+00	   0.000000e+00	   0.000000e+00	   0.000000e+00	   0.000000e+00	   0.000000e+00	   0.000000e+00	   0.000000e+00	   0.000000e+00	   0.000000e+00	   0.000000e+00	   0.000000e+00	   1.000000e+00	   0.000000e+00	   0.000000e+00	   0.000000e+00	   0.000000e+00	   0.000000e+00	   0.000000e+00	   0.000000e+00	   0.000000e+00	   0.000000e+00	   0.000000e+00	   0.000000e+00	   0.000000e+00	   0.000000e+00	   0.000000e+00	   0.000000e+00	   0.000000e+00	   0.000000e+00	   0.000000e+00	   0.000000e+00	   0.000000e+00	   0.000000e+00	   0.000000e+00	   0.000000e+00	   0.000000e+00	   0.000000e+00	   0.000000e+00	   0.000000e+00	   0.000000e+00	   0.000000e+00	   0.000000e+00	   0.000000e+00	   0.000000e+00	   0.000000e+00	   0.000000e+00	   0.000000e+00	   0.000000e+00	   2.026500e+06
   4.799599e-05	   4.500000e+02	   0.000000e+00	   0.000000e+00	   0.000000e+00	   0.000000e+00	   0.000000e+00	   0.000000e+00	   0.000000e+00	   0.000000e+00	   0.000000e+00	   0.000000e+00	   0.000000e+00	   0.000000e+00	   0.000000e+00	   0.000000e+00	   0.000000e+00	   0.000000e+00	   0.000000e+00	   0.000000e+00	   0.000000e+00	   0.000000e+00	   0.000000e+00	   0.000000e+00	   0.000000e+00	   0.000000e+00	   0.000000e+00	   0.000000e+00	   0.000000e+00	   0.000000e+00	   0.000000e+00	   0.000000e+00	   0.000000e+00	   0.000000e+00	   0.000000e+00	   0.000000e+00	   0.000000e+00	   0.000000e+00	   0.000000e+00	   1.000000e+00	   0.000000e+00	   0.000000e+00	   0.000000e+00	   0.000000e+00	   0.000000e+00	   0.000000e+00	   0.000000e+00	   0.000000e+00	   0.000000e+00	   0.000000e+00	   0.000000e+00	   0.000000e+00	   0.000000e+00	   0.000000e+00	   0.000000e+00	   0.000000e+00	   0.000000e+00	   0.000000e+00	   0.000000e+00	   0.000000e+00	   0.000000e+00	   0.000000e+00	   0.000000e+00	   0.000000e+00	   0.000000e+00	   0.000000e+00	   0.000000e+00	   0.000000e+00	   0.000000e+00	   0.000000e+00	   0.000000e+00	   0.000000e+00	   0.000000e+00	   0.000000e+00	   0.000000e+00	   0.000000e+00	   2.026500e+06
   4.809619e-05	   4.500000e+02	   0.000000e+00	   0.000000e+00	   0.000000e+00	   0.000000e+00	   0.000000e+00	   0.000000e+00	   0.000000e+00	   0.000000e+00	   0.000000e+00	   0.000000e+00	   0.000000e+00	   0.000000e+00	   0.000000e+00	   0.000000e+00	   0.000000e+00	   0.000000e+00	   0.000000e+00	   0.000000e+00	   0.000000e+00	   0.000000e+00	   0.000000e+00	   0.000000e+00	   0.000000e+00	   0.000000e+00	   0.000000e+00	   0.000000e+00	   0.000000e+00	   0.000000e+00	   0.000000e+00	   0.000000e+00	   0.000000e+00	   0.000000e+00	   0.000000e+00	   0.000000e+00	   0.000000e+00	   0.000000e+00	   0.000000e+00	   1.000000e+00	   0.000000e+00	   0.000000e+00	   0.000000e+00	   0.000000e+00	   0.000000e+00	   0.000000e+00	   0.000000e+00	   0.000000e+00	   0.000000e+00	   0.000000e+00	   0.000000e+00	   0.000000e+00	   0.000000e+00	   0.000000e+00	   0.000000e+00	   0.000000e+00	   0.000000e+00	   0.000000e+00	   0.000000e+00	   0.000000e+00	   0.000000e+00	   0.000000e+00	   0.000000e+00	   0.000000e+00	   0.000000e+00	   0.000000e+00	   0.000000e+00	   0.000000e+00	   0.000000e+00	   0.000000e+00	   0.000000e+00	   0.000000e+00	   0.000000e+00	   0.000000e+00	   0.000000e+00	   0.000000e+00	   2.026500e+06
   4.819639e-05	   4.500000e+02	   0.000000e+00	   0.000000e+00	   0.000000e+00	   0.000000e+00	   0.000000e+00	   0.000000e+00	   0.000000e+00	   0.000000e+00	   0.000000e+00	   0.000000e+00	   0.000000e+00	   0.000000e+00	   0.000000e+00	   0.000000e+00	   0.000000e+00	   0.000000e+00	   0.000000e+00	   0.000000e+00	   0.000000e+00	   0.000000e+00	   0.000000e+00	   0.000000e+00	   0.000000e+00	   0.000000e+00	   0.000000e+00	   0.000000e+00	   0.000000e+00	   0.000000e+00	   0.000000e+00	   0.000000e+00	   0.000000e+00	   0.000000e+00	   0.000000e+00	   0.000000e+00	   0.000000e+00	   0.000000e+00	   0.000000e+00	   1.000000e+00	   0.000000e+00	   0.000000e+00	   0.000000e+00	   0.000000e+00	   0.000000e+00	   0.000000e+00	   0.000000e+00	   0.000000e+00	   0.000000e+00	   0.000000e+00	   0.000000e+00	   0.000000e+00	   0.000000e+00	   0.000000e+00	   0.000000e+00	   0.000000e+00	   0.000000e+00	   0.000000e+00	   0.000000e+00	   0.000000e+00	   0.000000e+00	   0.000000e+00	   0.000000e+00	   0.000000e+00	   0.000000e+00	   0.000000e+00	   0.000000e+00	   0.000000e+00	   0.000000e+00	   0.000000e+00	   0.000000e+00	   0.000000e+00	   0.000000e+00	   0.000000e+00	   0.000000e+00	   0.000000e+00	   2.026500e+06
   4.829659e-05	   4.500000e+02	   0.000000e+00	   0.000000e+00	   0.000000e+00	   0.000000e+00	   0.000000e+00	   0.000000e+00	   0.000000e+00	   0.000000e+00	   0.000000e+00	   0.000000e+00	   0.000000e+00	   0.000000e+00	   0.000000e+00	   0.000000e+00	   0.000000e+00	   0.000000e+00	   0.000000e+00	   0.000000e+00	   0.000000e+00	   0.000000e+00	   0.000000e+00	   0.000000e+00	   0.000000e+00	   0.000000e+00	   0.000000e+00	   0.000000e+00	   0.000000e+00	   0.000000e+00	   0.000000e+00	   0.000000e+00	   0.000000e+00	   0.000000e+00	   0.000000e+00	   0.000000e+00	   0.000000e+00	   0.000000e+00	   0.000000e+00	   1.000000e+00	   0.000000e+00	   0.000000e+00	   0.000000e+00	   0.000000e+00	   0.000000e+00	   0.000000e+00	   0.000000e+00	   0.000000e+00	   0.000000e+00	   0.000000e+00	   0.000000e+00	   0.000000e+00	   0.000000e+00	   0.000000e+00	   0.000000e+00	   0.000000e+00	   0.000000e+00	   0.000000e+00	   0.000000e+00	   0.000000e+00	   0.000000e+00	   0.000000e+00	   0.000000e+00	   0.000000e+00	   0.000000e+00	   0.000000e+00	   0.000000e+00	   0.000000e+00	   0.000000e+00	   0.000000e+00	   0.000000e+00	   0.000000e+00	   0.000000e+00	   0.000000e+00	   0.000000e+00	   0.000000e+00	   2.026500e+06
   4.839679e-05	   4.500000e+02	   0.000000e+00	   0.000000e+00	   0.000000e+00	   0.000000e+00	   0.000000e+00	   0.000000e+00	   0.000000e+00	   0.000000e+00	   0.000000e+00	   0.000000e+00	   0.000000e+00	   0.000000e+00	   0.000000e+00	   0.000000e+00	   0.000000e+00	   0.000000e+00	   0.000000e+00	   0.000000e+00	   0.000000e+00	   0.000000e+00	   0.000000e+00	   0.000000e+00	   0.000000e+00	   0.000000e+00	   0.000000e+00	   0.000000e+00	   0.000000e+00	   0.000000e+00	   0.000000e+00	   0.000000e+00	   0.000000e+00	   0.000000e+00	   0.000000e+00	   0.000000e+00	   0.000000e+00	   0.000000e+00	   0.000000e+00	   1.000000e+00	   0.000000e+00	   0.000000e+00	   0.000000e+00	   0.000000e+00	   0.000000e+00	   0.000000e+00	   0.000000e+00	   0.000000e+00	   0.000000e+00	   0.000000e+00	   0.000000e+00	   0.000000e+00	   0.000000e+00	   0.000000e+00	   0.000000e+00	   0.000000e+00	   0.000000e+00	   0.000000e+00	   0.000000e+00	   0.000000e+00	   0.000000e+00	   0.000000e+00	   0.000000e+00	   0.000000e+00	   0.000000e+00	   0.000000e+00	   0.000000e+00	   0.000000e+00	   0.000000e+00	   0.000000e+00	   0.000000e+00	   0.000000e+00	   0.000000e+00	   0.000000e+00	   0.000000e+00	   0.000000e+00	   2.026500e+06
   4.849699e-05	   4.500000e+02	   0.000000e+00	   0.000000e+00	   0.000000e+00	   0.000000e+00	   0.000000e+00	   0.000000e+00	   0.000000e+00	   0.000000e+00	   0.000000e+00	   0.000000e+00	   0.000000e+00	   0.000000e+00	   0.000000e+00	   0.000000e+00	   0.000000e+00	   0.000000e+00	   0.000000e+00	   0.000000e+00	   0.000000e+00	   0.000000e+00	   0.000000e+00	   0.000000e+00	   0.000000e+00	   0.000000e+00	   0.000000e+00	   0.000000e+00	   0.000000e+00	   0.000000e+00	   0.000000e+00	   0.000000e+00	   0.000000e+00	   0.000000e+00	   0.000000e+00	   0.000000e+00	   0.000000e+00	   0.000000e+00	   0.000000e+00	   1.000000e+00	   0.000000e+00	   0.000000e+00	   0.000000e+00	   0.000000e+00	   0.000000e+00	   0.000000e+00	   0.000000e+00	   0.000000e+00	   0.000000e+00	   0.000000e+00	   0.000000e+00	   0.000000e+00	   0.000000e+00	   0.000000e+00	   0.000000e+00	   0.000000e+00	   0.000000e+00	   0.000000e+00	   0.000000e+00	   0.000000e+00	   0.000000e+00	   0.000000e+00	   0.000000e+00	   0.000000e+00	   0.000000e+00	   0.000000e+00	   0.000000e+00	   0.000000e+00	   0.000000e+00	   0.000000e+00	   0.000000e+00	   0.000000e+00	   0.000000e+00	   0.000000e+00	   0.000000e+00	   0.000000e+00	   2.026500e+06
   4.859719e-05	   4.500000e+02	   0.000000e+00	   0.000000e+00	   0.000000e+00	   0.000000e+00	   0.000000e+00	   0.000000e+00	   0.000000e+00	   0.000000e+00	   0.000000e+00	   0.000000e+00	   0.000000e+00	   0.000000e+00	   0.000000e+00	   0.000000e+00	   0.000000e+00	   0.000000e+00	   0.000000e+00	   0.000000e+00	   0.000000e+00	   0.000000e+00	   0.000000e+00	   0.000000e+00	   0.000000e+00	   0.000000e+00	   0.000000e+00	   0.000000e+00	   0.000000e+00	   0.000000e+00	   0.000000e+00	   0.000000e+00	   0.000000e+00	   0.000000e+00	   0.000000e+00	   0.000000e+00	   0.000000e+00	   0.000000e+00	   0.000000e+00	   1.000000e+00	   0.000000e+00	   0.000000e+00	   0.000000e+00	   0.000000e+00	   0.000000e+00	   0.000000e+00	   0.000000e+00	   0.000000e+00	   0.000000e+00	   0.000000e+00	   0.000000e+00	   0.000000e+00	   0.000000e+00	   0.000000e+00	   0.000000e+00	   0.000000e+00	   0.000000e+00	   0.000000e+00	   0.000000e+00	   0.000000e+00	   0.000000e+00	   0.000000e+00	   0.000000e+00	   0.000000e+00	   0.000000e+00	   0.000000e+00	   0.000000e+00	   0.000000e+00	   0.000000e+00	   0.000000e+00	   0.000000e+00	   0.000000e+00	   0.000000e+00	   0.000000e+00	   0.000000e+00	   0.000000e+00	   2.026500e+06
   4.869739e-05	   4.500000e+02	   0.000000e+00	   0.000000e+00	   0.000000e+00	   0.000000e+00	   0.000000e+00	   0.000000e+00	   0.000000e+00	   0.000000e+00	   0.000000e+00	   0.000000e+00	   0.000000e+00	   0.000000e+00	   0.000000e+00	   0.000000e+00	   0.000000e+00	   0.000000e+00	   0.000000e+00	   0.000000e+00	   0.000000e+00	   0.000000e+00	   0.000000e+00	   0.000000e+00	   0.000000e+00	   0.000000e+00	   0.000000e+00	   0.000000e+00	   0.000000e+00	   0.000000e+00	   0.000000e+00	   0.000000e+00	   0.000000e+00	   0.000000e+00	   0.000000e+00	   0.000000e+00	   0.000000e+00	   0.000000e+00	   0.000000e+00	   1.000000e+00	   0.000000e+00	   0.000000e+00	   0.000000e+00	   0.000000e+00	   0.000000e+00	   0.000000e+00	   0.000000e+00	   0.000000e+00	   0.000000e+00	   0.000000e+00	   0.000000e+00	   0.000000e+00	   0.000000e+00	   0.000000e+00	   0.000000e+00	   0.000000e+00	   0.000000e+00	   0.000000e+00	   0.000000e+00	   0.000000e+00	   0.000000e+00	   0.000000e+00	   0.000000e+00	   0.000000e+00	   0.000000e+00	   0.000000e+00	   0.000000e+00	   0.000000e+00	   0.000000e+00	   0.000000e+00	   0.000000e+00	   0.000000e+00	   0.000000e+00	   0.000000e+00	   0.000000e+00	   0.000000e+00	   2.026500e+06
   4.879760e-05	   4.500000e+02	   0.000000e+00	   0.000000e+00	   0.000000e+00	   0.000000e+00	   0.000000e+00	   0.000000e+00	   0.000000e+00	   0.000000e+00	   0.000000e+00	   0.000000e+00	   0.000000e+00	   0.000000e+00	   0.000000e+00	   0.000000e+00	   0.000000e+00	   0.000000e+00	   0.000000e+00	   0.000000e+00	   0.000000e+00	   0.000000e+00	   0.000000e+00	   0.000000e+00	   0.000000e+00	   0.000000e+00	   0.000000e+00	   0.000000e+00	   0.000000e+00	   0.000000e+00	   0.000000e+00	   0.000000e+00	   0.000000e+00	   0.000000e+00	   0.000000e+00	   0.000000e+00	   0.000000e+00	   0.000000e+00	   0.000000e+00	   1.000000e+00	   0.000000e+00	   0.000000e+00	   0.000000e+00	   0.000000e+00	   0.000000e+00	   0.000000e+00	   0.000000e+00	   0.000000e+00	   0.000000e+00	   0.000000e+00	   0.000000e+00	   0.000000e+00	   0.000000e+00	   0.000000e+00	   0.000000e+00	   0.000000e+00	   0.000000e+00	   0.000000e+00	   0.000000e+00	   0.000000e+00	   0.000000e+00	   0.000000e+00	   0.000000e+00	   0.000000e+00	   0.000000e+00	   0.000000e+00	   0.000000e+00	   0.000000e+00	   0.000000e+00	   0.000000e+00	   0.000000e+00	   0.000000e+00	   0.000000e+00	   0.000000e+00	   0.000000e+00	   0.000000e+00	   2.026500e+06
   4.889780e-05	   4.500000e+02	   0.000000e+00	   0.000000e+00	   0.000000e+00	   0.000000e+00	   0.000000e+00	   0.000000e+00	   0.000000e+00	   0.000000e+00	   0.000000e+00	   0.000000e+00	   0.000000e+00	   0.000000e+00	   0.000000e+00	   0.000000e+00	   0.000000e+00	   0.000000e+00	   0.000000e+00	   0.000000e+00	   0.000000e+00	   0.000000e+00	   0.000000e+00	   0.000000e+00	   0.000000e+00	   0.000000e+00	   0.000000e+00	   0.000000e+00	   0.000000e+00	   0.000000e+00	   0.000000e+00	   0.000000e+00	   0.000000e+00	   0.000000e+00	   0.000000e+00	   0.000000e+00	   0.000000e+00	   0.000000e+00	   0.000000e+00	   1.000000e+00	   0.000000e+00	   0.000000e+00	   0.000000e+00	   0.000000e+00	   0.000000e+00	   0.000000e+00	   0.000000e+00	   0.000000e+00	   0.000000e+00	   0.000000e+00	   0.000000e+00	   0.000000e+00	   0.000000e+00	   0.000000e+00	   0.000000e+00	   0.000000e+00	   0.000000e+00	   0.000000e+00	   0.000000e+00	   0.000000e+00	   0.000000e+00	   0.000000e+00	   0.000000e+00	   0.000000e+00	   0.000000e+00	   0.000000e+00	   0.000000e+00	   0.000000e+00	   0.000000e+00	   0.000000e+00	   0.000000e+00	   0.000000e+00	   0.000000e+00	   0.000000e+00	   0.000000e+00	   0.000000e+00	   2.026500e+06
   4.899800e-05	   4.500000e+02	   0.000000e+00	   0.000000e+00	   0.000000e+00	   0.000000e+00	   0.000000e+00	   0.000000e+00	   0.000000e+00	   0.000000e+00	   0.000000e+00	   0.000000e+00	   0.000000e+00	   0.000000e+00	   0.000000e+00	   0.000000e+00	   0.000000e+00	   0.000000e+00	   0.000000e+00	   0.000000e+00	   0.000000e+00	   0.000000e+00	   0.000000e+00	   0.000000e+00	   0.000000e+00	   0.000000e+00	   0.000000e+00	   0.000000e+00	   0.000000e+00	   0.000000e+00	   0.000000e+00	   0.000000e+00	   0.000000e+00	   0.000000e+00	   0.000000e+00	   0.000000e+00	   0.000000e+00	   0.000000e+00	   0.000000e+00	   1.000000e+00	   0.000000e+00	   0.000000e+00	   0.000000e+00	   0.000000e+00	   0.000000e+00	   0.000000e+00	   0.000000e+00	   0.000000e+00	   0.000000e+00	   0.000000e+00	   0.000000e+00	   0.000000e+00	   0.000000e+00	   0.000000e+00	   0.000000e+00	   0.000000e+00	   0.000000e+00	   0.000000e+00	   0.000000e+00	   0.000000e+00	   0.000000e+00	   0.000000e+00	   0.000000e+00	   0.000000e+00	   0.000000e+00	   0.000000e+00	   0.000000e+00	   0.000000e+00	   0.000000e+00	   0.000000e+00	   0.000000e+00	   0.000000e+00	   0.000000e+00	   0.000000e+00	   0.000000e+00	   0.000000e+00	   2.026500e+06
   4.909820e-05	   4.500000e+02	   0.000000e+00	   0.000000e+00	   0.000000e+00	   0.000000e+00	   0.000000e+00	   0.000000e+00	   0.000000e+00	   0.000000e+00	   0.000000e+00	   0.000000e+00	   0.000000e+00	   0.000000e+00	   0.000000e+00	   0.000000e+00	   0.000000e+00	   0.000000e+00	   0.000000e+00	   0.000000e+00	   0.000000e+00	   0.000000e+00	   0.000000e+00	   0.000000e+00	   0.000000e+00	   0.000000e+00	   0.000000e+00	   0.000000e+00	   0.000000e+00	   0.000000e+00	   0.000000e+00	   0.000000e+00	   0.000000e+00	   0.000000e+00	   0.000000e+00	   0.000000e+00	   0.000000e+00	   0.000000e+00	   0.000000e+00	   1.000000e+00	   0.000000e+00	   0.000000e+00	   0.000000e+00	   0.000000e+00	   0.000000e+00	   0.000000e+00	   0.000000e+00	   0.000000e+00	   0.000000e+00	   0.000000e+00	   0.000000e+00	   0.000000e+00	   0.000000e+00	   0.000000e+00	   0.000000e+00	   0.000000e+00	   0.000000e+00	   0.000000e+00	   0.000000e+00	   0.000000e+00	   0.000000e+00	   0.000000e+00	   0.000000e+00	   0.000000e+00	   0.000000e+00	   0.000000e+00	   0.000000e+00	   0.000000e+00	   0.000000e+00	   0.000000e+00	   0.000000e+00	   0.000000e+00	   0.000000e+00	   0.000000e+00	   0.000000e+00	   0.000000e+00	   2.026500e+06
   4.919840e-05	   4.500000e+02	   0.000000e+00	   0.000000e+00	   0.000000e+00	   0.000000e+00	   0.000000e+00	   0.000000e+00	   0.000000e+00	   0.000000e+00	   0.000000e+00	   0.000000e+00	   0.000000e+00	   0.000000e+00	   0.000000e+00	   0.000000e+00	   0.000000e+00	   0.000000e+00	   0.000000e+00	   0.000000e+00	   0.000000e+00	   0.000000e+00	   0.000000e+00	   0.000000e+00	   0.000000e+00	   0.000000e+00	   0.000000e+00	   0.000000e+00	   0.000000e+00	   0.000000e+00	   0.000000e+00	   0.000000e+00	   0.000000e+00	   0.000000e+00	   0.000000e+00	   0.000000e+00	   0.000000e+00	   0.000000e+00	   0.000000e+00	   1.000000e+00	   0.000000e+00	   0.000000e+00	   0.000000e+00	   0.000000e+00	   0.000000e+00	   0.000000e+00	   0.000000e+00	   0.000000e+00	   0.000000e+00	   0.000000e+00	   0.000000e+00	   0.000000e+00	   0.000000e+00	   0.000000e+00	   0.000000e+00	   0.000000e+00	   0.000000e+00	   0.000000e+00	   0.000000e+00	   0.000000e+00	   0.000000e+00	   0.000000e+00	   0.000000e+00	   0.000000e+00	   0.000000e+00	   0.000000e+00	   0.000000e+00	   0.000000e+00	   0.000000e+00	   0.000000e+00	   0.000000e+00	   0.000000e+00	   0.000000e+00	   0.000000e+00	   0.000000e+00	   0.000000e+00	   2.026500e+06
   4.929860e-05	   4.500000e+02	   0.000000e+00	   0.000000e+00	   0.000000e+00	   0.000000e+00	   0.000000e+00	   0.000000e+00	   0.000000e+00	   0.000000e+00	   0.000000e+00	   0.000000e+00	   0.000000e+00	   0.000000e+00	   0.000000e+00	   0.000000e+00	   0.000000e+00	   0.000000e+00	   0.000000e+00	   0.000000e+00	   0.000000e+00	   0.000000e+00	   0.000000e+00	   0.000000e+00	   0.000000e+00	   0.000000e+00	   0.000000e+00	   0.000000e+00	   0.000000e+00	   0.000000e+00	   0.000000e+00	   0.000000e+00	   0.000000e+00	   0.000000e+00	   0.000000e+00	   0.000000e+00	   0.000000e+00	   0.000000e+00	   0.000000e+00	   1.000000e+00	   0.000000e+00	   0.000000e+00	   0.000000e+00	   0.000000e+00	   0.000000e+00	   0.000000e+00	   0.000000e+00	   0.000000e+00	   0.000000e+00	   0.000000e+00	   0.000000e+00	   0.000000e+00	   0.000000e+00	   0.000000e+00	   0.000000e+00	   0.000000e+00	   0.000000e+00	   0.000000e+00	   0.000000e+00	   0.000000e+00	   0.000000e+00	   0.000000e+00	   0.000000e+00	   0.000000e+00	   0.000000e+00	   0.000000e+00	   0.000000e+00	   0.000000e+00	   0.000000e+00	   0.000000e+00	   0.000000e+00	   0.000000e+00	   0.000000e+00	   0.000000e+00	   0.000000e+00	   0.000000e+00	   2.026500e+06
   4.939880e-05	   4.500000e+02	   0.000000e+00	   0.000000e+00	   0.000000e+00	   0.000000e+00	   0.000000e+00	   0.000000e+00	   0.000000e+00	   0.000000e+00	   0.000000e+00	   0.000000e+00	   0.000000e+00	   0.000000e+00	   0.000000e+00	   0.000000e+00	   0.000000e+00	   0.000000e+00	   0.000000e+00	   0.000000e+00	   0.000000e+00	   0.000000e+00	   0.000000e+00	   0.000000e+00	   0.000000e+00	   0.000000e+00	   0.000000e+00	   0.000000e+00	   0.000000e+00	   0.000000e+00	   0.000000e+00	   0.000000e+00	   0.000000e+00	   0.000000e+00	   0.000000e+00	   0.000000e+00	   0.000000e+00	   0.000000e+00	   0.000000e+00	   1.000000e+00	   0.000000e+00	   0.000000e+00	   0.000000e+00	   0.000000e+00	   0.000000e+00	   0.000000e+00	   0.000000e+00	   0.000000e+00	   0.000000e+00	   0.000000e+00	   0.000000e+00	   0.000000e+00	   0.000000e+00	   0.000000e+00	   0.000000e+00	   0.000000e+00	   0.000000e+00	   0.000000e+00	   0.000000e+00	   0.000000e+00	   0.000000e+00	   0.000000e+00	   0.000000e+00	   0.000000e+00	   0.000000e+00	   0.000000e+00	   0.000000e+00	   0.000000e+00	   0.000000e+00	   0.000000e+00	   0.000000e+00	   0.000000e+00	   0.000000e+00	   0.000000e+00	   0.000000e+00	   0.000000e+00	   2.026500e+06
   4.949900e-05	   4.500000e+02	   0.000000e+00	   0.000000e+00	   0.000000e+00	   0.000000e+00	   0.000000e+00	   0.000000e+00	   0.000000e+00	   0.000000e+00	   0.000000e+00	   0.000000e+00	   0.000000e+00	   0.000000e+00	   0.000000e+00	   0.000000e+00	   0.000000e+00	   0.000000e+00	   0.000000e+00	   0.000000e+00	   0.000000e+00	   0.000000e+00	   0.000000e+00	   0.000000e+00	   0.000000e+00	   0.000000e+00	   0.000000e+00	   0.000000e+00	   0.000000e+00	   0.000000e+00	   0.000000e+00	   0.000000e+00	   0.000000e+00	   0.000000e+00	   0.000000e+00	   0.000000e+00	   0.000000e+00	   0.000000e+00	   0.000000e+00	   1.000000e+00	   0.000000e+00	   0.000000e+00	   0.000000e+00	   0.000000e+00	   0.000000e+00	   0.000000e+00	   0.000000e+00	   0.000000e+00	   0.000000e+00	   0.000000e+00	   0.000000e+00	   0.000000e+00	   0.000000e+00	   0.000000e+00	   0.000000e+00	   0.000000e+00	   0.000000e+00	   0.000000e+00	   0.000000e+00	   0.000000e+00	   0.000000e+00	   0.000000e+00	   0.000000e+00	   0.000000e+00	   0.000000e+00	   0.000000e+00	   0.000000e+00	   0.000000e+00	   0.000000e+00	   0.000000e+00	   0.000000e+00	   0.000000e+00	   0.000000e+00	   0.000000e+00	   0.000000e+00	   0.000000e+00	   2.026500e+06
   4.959920e-05	   4.500000e+02	   0.000000e+00	   0.000000e+00	   0.000000e+00	   0.000000e+00	   0.000000e+00	   0.000000e+00	   0.000000e+00	   0.000000e+00	   0.000000e+00	   0.000000e+00	   0.000000e+00	   0.000000e+00	   0.000000e+00	   0.000000e+00	   0.000000e+00	   0.000000e+00	   0.000000e+00	   0.000000e+00	   0.000000e+00	   0.000000e+00	   0.000000e+00	   0.000000e+00	   0.000000e+00	   0.000000e+00	   0.000000e+00	   0.000000e+00	   0.000000e+00	   0.000000e+00	   0.000000e+00	   0.000000e+00	   0.000000e+00	   0.000000e+00	   0.000000e+00	   0.000000e+00	   0.000000e+00	   0.000000e+00	   0.000000e+00	   1.000000e+00	   0.000000e+00	   0.000000e+00	   0.000000e+00	   0.000000e+00	   0.000000e+00	   0.000000e+00	   0.000000e+00	   0.000000e+00	   0.000000e+00	   0.000000e+00	   0.000000e+00	   0.000000e+00	   0.000000e+00	   0.000000e+00	   0.000000e+00	   0.000000e+00	   0.000000e+00	   0.000000e+00	   0.000000e+00	   0.000000e+00	   0.000000e+00	   0.000000e+00	   0.000000e+00	   0.000000e+00	   0.000000e+00	   0.000000e+00	   0.000000e+00	   0.000000e+00	   0.000000e+00	   0.000000e+00	   0.000000e+00	   0.000000e+00	   0.000000e+00	   0.000000e+00	   0.000000e+00	   0.000000e+00	   2.026500e+06
   4.969940e-05	   4.500000e+02	   0.000000e+00	   0.000000e+00	   0.000000e+00	   0.000000e+00	   0.000000e+00	   0.000000e+00	   0.000000e+00	   0.000000e+00	   0.000000e+00	   0.000000e+00	   0.000000e+00	   0.000000e+00	   0.000000e+00	   0.000000e+00	   0.000000e+00	   0.000000e+00	   0.000000e+00	   0.000000e+00	   0.000000e+00	   0.000000e+00	   0.000000e+00	   0.000000e+00	   0.000000e+00	   0.000000e+00	   0.000000e+00	   0.000000e+00	   0.000000e+00	   0.000000e+00	   0.000000e+00	   0.000000e+00	   0.000000e+00	   0.000000e+00	   0.000000e+00	   0.000000e+00	   0.000000e+00	   0.000000e+00	   0.000000e+00	   1.000000e+00	   0.000000e+00	   0.000000e+00	   0.000000e+00	   0.000000e+00	   0.000000e+00	   0.000000e+00	   0.000000e+00	   0.000000e+00	   0.000000e+00	   0.000000e+00	   0.000000e+00	   0.000000e+00	   0.000000e+00	   0.000000e+00	   0.000000e+00	   0.000000e+00	   0.000000e+00	   0.000000e+00	   0.000000e+00	   0.000000e+00	   0.000000e+00	   0.000000e+00	   0.000000e+00	   0.000000e+00	   0.000000e+00	   0.000000e+00	   0.000000e+00	   0.000000e+00	   0.000000e+00	   0.000000e+00	   0.000000e+00	   0.000000e+00	   0.000000e+00	   0.000000e+00	   0.000000e+00	   0.000000e+00	   2.026500e+06
   4.979960e-05	   4.500000e+02	   0.000000e+00	   0.000000e+00	   0.000000e+00	   0.000000e+00	   0.000000e+00	   0.000000e+00	   0.000000e+00	   0.000000e+00	   0.000000e+00	   0.000000e+00	   0.000000e+00	   0.000000e+00	   0.000000e+00	   0.000000e+00	   0.000000e+00	   0.000000e+00	   0.000000e+00	   0.000000e+00	   0.000000e+00	   0.000000e+00	   0.000000e+00	   0.000000e+00	   0.000000e+00	   0.000000e+00	   0.000000e+00	   0.000000e+00	   0.000000e+00	   0.000000e+00	   0.000000e+00	   0.000000e+00	   0.000000e+00	   0.000000e+00	   0.000000e+00	   0.000000e+00	   0.000000e+00	   0.000000e+00	   0.000000e+00	   1.000000e+00	   0.000000e+00	   0.000000e+00	   0.000000e+00	   0.000000e+00	   0.000000e+00	   0.000000e+00	   0.000000e+00	   0.000000e+00	   0.000000e+00	   0.000000e+00	   0.000000e+00	   0.000000e+00	   0.000000e+00	   0.000000e+00	   0.000000e+00	   0.000000e+00	   0.000000e+00	   0.000000e+00	   0.000000e+00	   0.000000e+00	   0.000000e+00	   0.000000e+00	   0.000000e+00	   0.000000e+00	   0.000000e+00	   0.000000e+00	   0.000000e+00	   0.000000e+00	   0.000000e+00	   0.000000e+00	   0.000000e+00	   0.000000e+00	   0.000000e+00	   0.000000e+00	   0.000000e+00	   0.000000e+00	   2.026500e+06
   4.989980e-05	   4.500000e+02	   0.000000e+00	   0.000000e+00	   0.000000e+00	   0.000000e+00	   0.000000e+00	   0.000000e+00	   0.000000e+00	   0.000000e+00	   0.000000e+00	   0.000000e+00	   0.000000e+00	   0.000000e+00	   0.000000e+00	   0.000000e+00	   0.000000e+00	   0.000000e+00	   0.000000e+00	   0.000000e+00	   0.000000e+00	   0.000000e+00	   0.000000e+00	   0.000000e+00	   0.000000e+00	   0.000000e+00	   0.000000e+00	   0.000000e+00	   0.000000e+00	   0.000000e+00	   0.000000e+00	   0.000000e+00	   0.000000e+00	   0.000000e+00	   0.000000e+00	   0.000000e+00	   0.000000e+00	   0.000000e+00	   0.000000e+00	   1.000000e+00	   0.000000e+00	   0.000000e+00	   0.000000e+00	   0.000000e+00	   0.000000e+00	   0.000000e+00	   0.000000e+00	   0.000000e+00	   0.000000e+00	   0.000000e+00	   0.000000e+00	   0.000000e+00	   0.000000e+00	   0.000000e+00	   0.000000e+00	   0.000000e+00	   0.000000e+00	   0.000000e+00	   0.000000e+00	   0.000000e+00	   0.000000e+00	   0.000000e+00	   0.000000e+00	   0.000000e+00	   0.000000e+00	   0.000000e+00	   0.000000e+00	   0.000000e+00	   0.000000e+00	   0.000000e+00	   0.000000e+00	   0.000000e+00	   0.000000e+00	   0.000000e+00	   0.000000e+00	   0.000000e+00	   2.026500e+06
   5.000000e-05	   4.500000e+02	   0.000000e+00	   0.000000e+00	   0.000000e+00	   0.000000e+00	   0.000000e+00	   0.000000e+00	   0.000000e+00	   0.000000e+00	   0.000000e+00	   0.000000e+00	   0.000000e+00	   0.000000e+00	   0.000000e+00	   0.000000e+00	   0.000000e+00	   0.000000e+00	   0.000000e+00	   0.000000e+00	   0.000000e+00	   0.000000e+00	   0.000000e+00	   0.000000e+00	   0.000000e+00	   0.000000e+00	   0.000000e+00	   0.000000e+00	   0.000000e+00	   0.000000e+00	   0.000000e+00	   0.000000e+00	   0.000000e+00	   0.000000e+00	   0.000000e+00	   0.000000e+00	   0.000000e+00	   0.000000e+00	   0.000000e+00	   1.000000e+00	   0.000000e+00	   0.000000e+00	   0.000000e+00	   0.000000e+00	   0.000000e+00	   0.000000e+00	   0.000000e+00	   0.000000e+00	   0.000000e+00	   0.000000e+00	   0.000000e+00	   0.000000e+00	   0.000000e+00	   0.000000e+00	   0.000000e+00	   0.000000e+00	   0.000000e+00	   0.000000e+00	   0.000000e+00	   0.000000e+00	   0.000000e+00	   0.000000e+00	   0.000000e+00	   0.000000e+00	   0.000000e+00	   0.000000e+00	   0.000000e+00	   0.000000e+00	   0.000000e+00	   0.000000e+00	   0.000000e+00	   0.000000e+00	   0.000000e+00	   0.000000e+00	   0.000000e+00	   0.000000e+00	   2.026500e+06
